sensor_id,receiver_id,time_index,value_db
poi_500_115,poi_500_115,0,40.0
poi_500_115,poi_500_115,1,40.0
poi_500_115,poi_500_115,2,40.0
poi_500_115,poi_500_115,3,40.0
poi_500_115,poi_500_115,4,40.0
poi_500_115,poi_500_115,5,40.0
poi_500_115,poi_500_115,6,40.0
poi_500_115,poi_500_115,7,40.0
poi_500_115,poi_500_115,8,40.0
poi_500_115,poi_500_115,9,50.70975410460015
poi_500_115,poi_500_115,10,51.270519401770606
poi_500_115,poi_500_115,11,51.87562068659175
poi_500_115,poi_500_115,12,52.53010658058807
poi_500_115,poi_500_115,13,53.23958542986525
poi_500_115,poi_500_115,14,54.01005792219671
poi_500_115,poi_500_115,15,55.34922504697255
poi_500_115,poi_500_115,16,56.21008480943824
poi_500_115,poi_500_115,17,50.72385316899452
poi_500_115,poi_500_115,18,51.506877083318514
poi_500_115,poi_500_115,19,52.35343970054244
poi_500_115,poi_500_115,20,53.221597563128675
poi_500_115,poi_500_115,21,55.68652395385287
poi_500_115,poi_500_115,22,56.28579678016117
poi_500_115,poi_500_115,23,55.69222562233105
poi_500_115,poi_500_115,24,55.808983398090206
poi_500_115,poi_500_115,25,55.90177941352359
poi_500_115,poi_500_115,26,56.113713280237995
poi_500_115,poi_500_115,27,56.849279933765374
poi_500_115,poi_500_115,28,57.38680679966022
poi_500_115,poi_500_115,29,57.51136721604847
poi_500_115,poi_500_115,30,57.070953156514534
poi_500_115,poi_500_115,31,56.78554869310189
poi_500_115,poi_500_115,32,56.67452948928768
poi_500_115,poi_500_115,33,57.67941929067935
poi_500_115,poi_500_115,34,57.85331862229101
poi_500_115,poi_500_115,35,57.940764778059695
poi_500_115,poi_500_115,36,57.74462054540615
poi_500_115,poi_500_115,37,56.70020064500747
poi_500_115,poi_500_115,38,56.76973687999617
poi_500_115,poi_500_115,39,57.937157988940285
poi_500_115,poi_500_115,40,58.39252579892117
poi_500_115,poi_500_115,41,58.548466529350065
poi_500_115,poi_500_115,42,58.297712854134886
poi_500_115,poi_500_115,43,57.97516763009924
poi_500_115,poi_500_115,44,58.10341950503685
poi_500_115,poi_500_115,45,59.07207720514444
poi_500_115,poi_500_115,46,59.47068454341927
poi_500_115,poi_500_115,47,58.25307619392726
poi_500_115,poi_500_115,48,58.157576714695665
poi_500_115,poi_500_115,49,57.35702983033888
poi_500_115,poi_500_115,50,57.578512712898245
poi_500_115,poi_500_115,51,58.19875536155131
poi_500_115,poi_500_115,52,58.644072419517414
poi_500_115,poi_500_115,53,58.70204555257341
poi_500_115,poi_500_115,54,58.24378781750653
poi_500_115,poi_500_115,55,57.58384887104811
poi_500_115,poi_500_115,56,57.327735765635346
poi_500_115,poi_500_115,57,57.51542532375866
poi_500_115,poi_500_115,58,57.50777807244869
poi_500_115,poi_500_115,59,58.96054222381605
poi_500_115,poi_500_115,60,58.375125843510524
poi_500_115,poi_500_115,61,56.962954331467024
poi_500_115,poi_500_115,62,56.4657916629643
poi_500_115,poi_500_115,63,56.48723407113715
poi_500_115,poi_500_115,64,56.330981014649765
poi_500_115,poi_500_115,65,58.15446596789117
poi_500_115,poi_500_115,66,57.55733953057862
poi_500_115,poi_500_115,67,56.02782967627591
poi_500_115,poi_500_115,68,55.65501330106968
poi_500_115,poi_500_115,69,56.69400660586568
poi_500_115,poi_500_115,70,56.778686815454094
poi_500_115,poi_500_115,71,56.89369558390341
poi_500_115,poi_500_115,72,56.783909208431425
poi_500_115,poi_500_115,73,55.699505685819155
poi_500_115,poi_500_115,74,56.0187967275096
poi_500_115,poi_500_115,75,57.50702756930093
poi_500_115,poi_500_115,76,58.093998295406806
poi_500_115,poi_500_115,77,56.46975652747158
poi_500_115,poi_500_115,78,56.593159279621446
poi_500_115,poi_500_115,79,56.5114865947287
poi_500_115,poi_500_115,80,56.964677278620535
poi_500_115,poi_500_115,81,57.79497616579562
poi_500_115,poi_500_115,82,58.3629007581576
poi_500_115,poi_500_115,83,56.71499294444854
poi_500_115,poi_500_115,84,56.51307441714329
poi_500_115,poi_500_115,85,55.95287358308379
poi_500_115,poi_500_115,86,55.926619877222606
poi_500_115,poi_500_115,87,57.1541954449465
poi_500_115,poi_500_115,88,57.39655371370935
poi_500_115,poi_500_115,89,59.04620623756845
poi_500_115,poi_500_115,90,58.65959597446718
poi_500_115,poi_500_115,91,58.110721118527245
poi_500_115,poi_500_115,92,57.954224088547306
poi_500_115,poi_500_115,93,58.7349073350967
poi_500_115,poi_500_115,94,59.01686036675138
poi_500_115,poi_500_115,95,59.07294585378441
poi_500_115,poi_500_115,96,58.78271541362103
poi_500_115,poi_500_115,97,57.97516763009924
poi_500_115,poi_500_115,98,58.10341950503685
poi_500_115,poi_500_115,99,59.07207720514444
poi_500_115,poi_500_115,100,59.47068454341927
poi_500_115,poi_500_115,101,58.25307619392726
poi_500_115,poi_500_115,102,58.157576714695665
poi_500_115,poi_500_115,103,57.35702983033888
poi_500_115,poi_500_115,104,57.578512712898245
poi_500_115,poi_500_115,105,58.6973783798759
poi_500_115,poi_500_115,106,59.1611546339628
poi_500_115,poi_500_115,107,59.29026410985096
poi_500_115,poi_500_115,108,58.9970658947169
poi_500_115,poi_500_115,109,58.59512793415715
poi_500_115,poi_500_115,110,58.583177521378325
poi_500_115,poi_500_115,111,58.95369294875011
poi_500_115,poi_500_115,112,59.23555712386255
poi_500_115,poi_500_115,113,59.2093252411243
poi_500_115,poi_500_115,114,58.73452016055631
poi_500_115,poi_500_115,115,57.58384887104811
poi_500_115,poi_500_115,116,57.327735765635346
poi_500_115,poi_500_115,117,58.09358319186189
poi_500_115,poi_500_115,118,58.16825457175288
poi_500_115,poi_500_115,119,59.516855402025286
poi_500_115,poi_500_115,120,59.10775375197428
poi_500_115,poi_500_115,121,58.110721118527245
poi_500_115,poi_500_115,122,57.954224088547306
poi_500_115,poi_500_115,123,58.24082814428124
poi_500_115,poi_500_115,124,58.48118731858156
poi_500_115,poi_500_115,125,58.45228393572423
poi_500_115,poi_500_115,126,57.98762018672616
poi_500_115,poi_500_115,127,56.78554869310189
poi_500_115,poi_500_115,128,56.67452948928768
poi_500_115,poi_500_115,129,57.0389384599291
poi_500_115,poi_500_115,130,57.13885676486326
poi_500_115,poi_500_115,131,57.116699589674354
poi_500_115,poi_500_115,132,56.707296225983484
poi_500_115,poi_500_115,133,55.01657437879517
poi_500_115,poi_500_115,134,54.68559441821735
poi_500_115,poi_500_115,135,56.02420049904421
poi_500_115,poi_500_115,136,56.18455062598522
poi_500_115,poi_500_115,137,58.25739541716643
poi_500_115,poi_500_115,138,57.89849097890519
poi_500_115,poi_500_115,139,57.41140777377992
poi_500_115,poi_500_115,140,57.39468957296046
poi_500_115,poi_500_115,141,57.841126508885964
poi_500_115,poi_500_115,142,58.18890017288277
poi_500_115,poi_500_115,143,56.313456595585194
poi_500_115,poi_500_115,144,56.125752248075635
poi_500_115,poi_500_115,145,54.73555215062821
poi_500_115,poi_500_115,146,54.996384675268516
poi_500_115,poi_500_115,147,55.80128080353877
poi_500_115,poi_500_115,148,56.13518301557243
poi_500_115,poi_500_115,149,56.26283962007949
poi_500_115,poi_500_115,150,55.89596809890339
poi_500_115,poi_500_115,151,55.01657437879517
poi_500_115,poi_500_115,152,54.68559441821735
poi_500_115,poi_500_115,153,55.051133433372826
poi_500_115,poi_500_115,154,55.09009959011789
poi_500_115,poi_500_115,155,57.496670304017
poi_500_115,poi_500_115,156,56.90176248134126
poi_500_115,poi_500_115,157,56.02782967627591
poi_500_115,poi_500_115,158,55.65501330106968
poi_500_115,poi_500_115,159,55.87409369867535
poi_500_115,poi_500_115,160,55.84053704217004
poi_500_115,poi_500_115,161,55.81489666239503
poi_500_115,poi_500_115,162,55.446345653564606
poi_500_115,poi_500_115,163,53.44732330627318
poi_500_115,poi_500_115,164,53.3979149409909
poi_500_115,poi_500_115,165,54.171923252845914
poi_500_115,poi_500_115,166,54.42445350822052
poi_500_115,poi_500_115,167,54.618038590967444
poi_500_115,poi_500_115,168,54.32358903867073
poi_500_115,poi_500_115,169,53.44732330627318
poi_500_115,poi_500_115,170,53.3979149409909
poi_500_115,poi_500_115,171,55.336330258518586
poi_500_115,poi_500_115,172,55.676265493224165
poi_500_115,poi_500_115,173,55.989831819299994
poi_500_115,poi_500_115,174,55.98815179657844
poi_500_115,poi_500_115,175,55.699505685819155
poi_500_115,poi_500_115,176,56.018796727509596
poi_500_115,poi_500_115,177,56.8385114600547
poi_500_115,poi_500_115,178,57.42120259880048
poi_500_115,poi_500_115,179,55.26353678615064
poi_500_115,poi_500_115,180,55.18468681506541
poi_500_115,poi_500_115,181,54.73555215062821
poi_500_115,poi_500_115,182,54.996384675268516
poi_500_115,poi_500_115,183,55.80128080353877
poi_500_115,poi_500_115,184,56.13518301557243
poi_500_115,poi_500_115,185,56.26283962007949
poi_500_115,poi_500_115,186,55.89596809890339
poi_500_115,poi_500_115,187,55.01657437879517
poi_500_115,poi_500_115,188,54.68559441821735
poi_500_115,poi_500_115,189,55.051133433372826
poi_500_115,poi_500_115,190,55.09009959011789
poi_500_115,poi_500_115,191,57.496670304017
poi_500_115,poi_500_115,192,56.90176248134126
poi_500_115,poi_500_115,193,56.02782967627591
poi_500_115,poi_500_115,194,55.65501330106968
poi_500_115,poi_500_115,195,56.69400660586568
poi_500_115,poi_500_115,196,56.778686815454094
poi_500_115,poi_500_115,197,56.89369558390341
poi_500_115,poi_500_115,198,56.783909208431425
poi_500_115,poi_500_115,199,55.699505685819155
poi_500_115,poi_500_115,200,56.018796727509596
poi_500_115,poi_500_115,201,57.50702756930093
poi_500_115,poi_500_115,202,58.093998295406806
poi_500_115,poi_500_115,203,56.46975652747158
poi_500_115,poi_500_115,204,56.593159279621446
poi_500_115,poi_500_115,205,56.5114865947287
poi_500_115,poi_500_115,206,56.964677278620535
poi_500_115,poi_500_115,207,57.79497616579562
poi_500_115,poi_500_115,208,58.3629007581576
poi_500_115,poi_500_115,209,56.71499294444854
poi_500_115,poi_500_115,210,56.51307441714329
poi_500_115,poi_500_115,211,55.95287358308379
poi_500_115,poi_500_115,212,55.926619877222606
poi_500_115,poi_500_115,213,56.42407835514318
poi_500_115,poi_500_115,214,56.59509953171102
poi_500_115,poi_500_115,215,58.42142170851575
poi_500_115,poi_500_115,216,57.83933843253599
poi_500_115,poi_500_115,217,56.962954331467024
poi_500_115,poi_500_115,218,56.4657916629643
poi_500_115,poi_500_115,219,56.48723407113715
poi_500_115,poi_500_115,220,56.330981014649765
poi_500_115,poi_500_115,221,58.15446596789117
poi_500_115,poi_500_115,222,57.55733953057862
poi_500_115,poi_500_115,223,56.02782967627591
poi_500_115,poi_500_115,224,55.65501330106968
poi_500_115,poi_500_115,225,56.69400660586568
poi_500_115,poi_500_115,226,56.778686815454094
poi_500_115,poi_500_115,227,56.89369558390341
poi_500_115,poi_500_115,228,56.783909208431425
poi_500_115,poi_500_115,229,55.699505685819155
poi_500_115,poi_500_115,230,56.018796727509596
poi_500_115,poi_500_115,231,56.8385114600547
poi_500_115,poi_500_115,232,57.42120259880048
poi_500_115,poi_500_115,233,55.26353678615064
poi_500_115,poi_500_115,234,55.18468681506541
poi_500_115,poi_500_115,235,54.73555215062821
poi_500_115,poi_500_115,236,54.996384675268516
poi_500_115,poi_500_115,237,56.633807794753245
poi_500_115,poi_500_115,238,57.017632429977596
poi_500_115,poi_500_115,239,57.24699876776083
poi_500_115,poi_500_115,240,57.11880842152269
poi_500_115,poi_500_115,241,56.70020064500747
poi_500_115,poi_500_115,242,56.76973687999617
poi_500_115,poi_500_115,243,57.336260741357805
poi_500_115,poi_500_115,244,57.767804120829915
poi_500_115,poi_500_115,245,57.84130635338939
poi_500_115,poi_500_115,246,57.398284561678636
poi_500_115,poi_500_115,247,56.78554869310189
poi_500_115,poi_500_115,248,56.67452948928768
poi_500_115,poi_500_115,249,57.67941929067935
poi_500_115,poi_500_115,250,57.85331862229101
poi_500_115,poi_500_115,251,57.940764778059695
poi_500_115,poi_500_115,252,57.74462054540615
poi_500_115,poi_500_115,253,56.70020064500747
poi_500_115,poi_500_115,254,56.76973687999617
poi_500_115,poi_500_115,255,57.336260741357805
poi_500_115,poi_500_115,256,57.767804120829915
poi_500_115,poi_500_115,257,57.84130635338939
poi_500_115,poi_500_115,258,57.398284561678636
poi_500_115,poi_500_115,259,56.78554869310189
poi_500_115,poi_500_115,260,56.67452948928768
poi_500_115,poi_500_115,261,57.0389384599291
poi_500_115,poi_500_115,262,57.13885676486326
poi_500_115,poi_500_115,263,57.116699589674354
poi_500_115,poi_500_115,264,56.707296225983484
poi_500_115,poi_500_115,265,55.01657437879517
poi_500_115,poi_500_115,266,54.68559441821735
poi_500_115,poi_500_115,267,56.02420049904421
poi_500_115,poi_500_115,268,56.18455062598522
poi_500_115,poi_500_115,269,58.25739541716643
poi_500_115,poi_500_115,270,57.89849097890519
poi_500_115,poi_500_115,271,57.41140777377992
poi_500_115,poi_500_115,272,57.39468957296046
poi_500_115,poi_500_115,273,57.841126508885964
poi_500_115,poi_500_115,274,58.18890017288277
poi_500_115,poi_500_115,275,56.313456595585194
poi_500_115,poi_500_115,276,56.125752248075635
poi_500_115,poi_500_115,277,54.73555215062821
poi_500_115,poi_500_115,278,54.996384675268516
poi_500_115,poi_500_115,279,56.633807794753245
poi_500_115,poi_500_115,280,57.017632429977596
poi_500_115,poi_500_115,281,57.24699876776083
poi_500_115,poi_500_115,282,57.11880842152269
poi_500_115,poi_500_115,283,56.70020064500747
poi_500_115,poi_500_115,284,56.76973687999617
poi_500_115,poi_500_115,285,57.937157988940285
poi_500_115,poi_500_115,286,58.39252579892117
poi_500_115,poi_500_115,287,58.548466529350065
poi_500_115,poi_500_115,288,58.297712854134886
poi_500_115,poi_500_115,289,57.97516763009924
poi_500_115,poi_500_115,290,58.10341950503685
poi_500_115,poi_500_115,291,58.61691171934847
poi_500_115,poi_500_115,292,58.99121394500295
poi_500_115,poi_500_115,293,57.49152371459246
poi_500_115,poi_500_115,294,57.22525196816818
poi_500_115,poi_500_115,295,55.95287358308379
poi_500_115,poi_500_115,296,55.926619877222606
poi_500_115,poi_500_115,297,57.1541954449465
poi_500_115,poi_500_115,298,57.39655371370935
poi_500_115,poi_500_115,299,59.04620623756845
poi_500_115,poi_500_115,300,58.65959597446718
poi_500_115,poi_500_115,301,58.110721118527245
poi_500_115,poi_500_115,302,57.954224088547306
poi_500_115,poi_500_115,303,58.24082814428124
poi_500_115,poi_500_115,304,58.48118731858156
poi_500_115,poi_500_115,305,58.45228393572423
poi_500_115,poi_500_115,306,57.98762018672616
poi_500_115,poi_500_115,307,56.78554869310189
poi_500_115,poi_500_115,308,56.67452948928768
poi_500_115,poi_500_115,309,57.0389384599291
poi_500_115,poi_500_115,310,57.13885676486326
poi_500_115,poi_500_115,311,57.116699589674354
poi_500_115,poi_500_115,312,56.707296225983484
poi_500_115,poi_500_115,313,55.01657437879517
poi_500_115,poi_500_115,314,54.68559441821735
poi_500_115,poi_500_115,315,56.02420049904421
poi_500_115,poi_500_115,316,56.18455062598522
poi_500_115,poi_500_115,317,58.25739541716643
poi_500_115,poi_500_115,318,57.89849097890519
poi_500_115,poi_500_115,319,57.41140777377992
poi_500_115,poi_500_115,320,57.39468957296046
poi_500_115,poi_500_115,321,58.37999511060708
poi_500_115,poi_500_115,322,58.75951659134611
poi_500_115,poi_500_115,323,57.28739975411663
poi_500_115,poi_500_115,324,57.29331876142358
poi_500_115,poi_500_115,325,56.5114865947287
poi_500_115,poi_500_115,326,56.964677278620535
poi_500_115,poi_500_115,327,57.79497616579562
poi_500_115,poi_500_115,328,58.3629007581576
poi_500_115,poi_500_115,329,56.71499294444854
poi_500_115,poi_500_115,330,56.51307441714329
poi_500_115,poi_500_115,331,55.95287358308379
poi_500_115,poi_500_115,332,55.926619877222606
poi_500_115,poi_500_115,333,56.42407835514318
poi_500_115,poi_500_115,334,56.59509953171102
poi_500_115,poi_500_115,335,58.42142170851575
poi_500_115,poi_500_115,336,57.83933843253599
poi_500_115,poi_500_115,337,56.962954331467024
poi_500_115,poi_500_115,338,56.4657916629643
poi_500_115,poi_500_115,339,56.48723407113715
poi_500_115,poi_500_115,340,56.330981014649765
poi_500_115,poi_500_115,341,58.15446596789117
poi_500_115,poi_500_115,342,57.55733953057862
poi_500_115,poi_500_115,343,56.02782967627591
poi_500_115,poi_500_115,344,55.65501330106968
poi_500_115,poi_500_115,345,55.87409369867535
poi_500_115,poi_500_115,346,55.84053704217004
poi_500_115,poi_500_115,347,55.81489666239503
poi_500_115,poi_500_115,348,55.446345653564606
poi_500_115,poi_500_115,349,53.44732330627318
poi_500_115,poi_500_115,350,53.3979149409909
poi_500_115,poi_500_115,351,54.171923252845914
poi_500_115,poi_500_115,352,54.42445350822052
poi_500_115,poi_500_115,353,54.618038590967444
poi_500_115,poi_500_115,354,54.32358903867073
poi_500_115,poi_500_115,355,53.44732330627318
poi_500_115,poi_500_115,356,53.3979149409909
poi_500_115,poi_500_115,357,55.336330258518586
poi_500_115,poi_500_115,358,55.676265493224165
poi_500_115,poi_500_115,359,55.989831819299994
poi_500_115,poi_500_115,360,55.98815179657844
poi_500_115,poi_500_115,361,55.699505685819155
poi_500_115,poi_500_115,362,56.018796727509596
poi_500_115,poi_500_115,363,57.50702756930093
poi_500_115,poi_500_115,364,58.093998295406806
poi_500_115,poi_500_115,365,56.46975652747158
poi_500_115,poi_500_115,366,56.593159279621446
poi_500_115,poi_500_115,367,56.5114865947287
poi_500_115,poi_500_115,368,56.964677278620535
poi_500_115,poi_500_115,369,57.79497616579562
poi_500_115,poi_500_115,370,58.3629007581576
poi_500_115,poi_500_115,371,56.71499294444854
poi_500_115,poi_500_115,372,56.51307441714329
poi_500_115,poi_500_115,373,55.95287358308379
poi_500_115,poi_500_115,374,55.926619877222606
poi_500_115,poi_500_115,375,56.42407835514318
poi_500_115,poi_500_115,376,56.59509953171102
poi_500_115,poi_500_115,377,58.42142170851575
poi_500_115,poi_500_115,378,57.83933843253599
poi_500_115,poi_500_115,379,56.962954331467024
poi_500_115,poi_500_115,380,56.4657916629643
poi_500_115,poi_500_115,381,57.207638059367476
poi_500_115,poi_500_115,382,57.17808354261063
poi_500_115,poi_500_115,383,58.815987055977516
poi_500_115,poi_500_115,384,58.42745414588353
poi_500_115,poi_500_115,385,57.41140777377992
poi_500_115,poi_500_115,386,57.39468957296046
poi_500_115,poi_500_115,387,58.37999511060708
poi_500_115,poi_500_115,388,58.75951659134611
poi_500_115,poi_500_115,389,57.28739975411663
poi_500_115,poi_500_115,390,57.29331876142358
poi_500_115,poi_500_115,391,56.5114865947287
poi_500_115,poi_500_115,392,56.964677278620535
poi_500_115,poi_500_115,393,58.33925539495111
poi_500_115,poi_500_115,394,58.912466147770886
poi_500_115,poi_500_115,395,57.611195883676906
poi_500_115,poi_500_115,396,57.59239779343683
poi_500_115,poi_500_115,397,57.35702983033888
poi_500_115,poi_500_115,398,57.578512712898245
poi_500_115,poi_500_115,399,58.6973783798759
poi_500_115,poi_500_115,400,59.1611546339628
poi_500_115,poi_500_115,401,59.29026410985096
poi_500_115,poi_500_115,402,58.9970658947169
poi_500_115,poi_500_115,403,58.59512793415715
poi_500_115,poi_500_115,404,58.583177521378325
poi_500_115,poi_500_115,405,58.95369294875011
poi_500_115,poi_500_115,406,59.23555712386255
poi_500_115,poi_500_115,407,59.2093252411243
poi_500_115,poi_500_115,408,58.73452016055631
poi_500_115,poi_500_115,409,57.58384887104811
poi_500_115,poi_500_115,410,57.327735765635346
poi_500_115,poi_500_115,411,58.09358319186189
poi_500_115,poi_500_115,412,58.16825457175288
poi_500_115,poi_500_115,413,59.516855402025286
poi_500_115,poi_500_115,414,59.10775375197428
poi_500_115,poi_500_115,415,58.110721118527245
poi_500_115,poi_500_115,416,57.954224088547306
poi_500_115,poi_500_115,417,58.7349073350967
poi_500_115,poi_500_115,418,59.01686036675138
poi_500_115,poi_500_115,419,59.07294585378441
poi_500_115,poi_500_115,420,58.78271541362103
poi_500_115,poi_500_115,421,57.97516763009924
poi_500_115,poi_500_115,422,58.10341950503685
poi_500_115,poi_500_115,423,59.07207720514444
poi_500_115,poi_500_115,424,59.47068454341927
poi_500_115,poi_500_115,425,58.25307619392726
poi_500_115,poi_500_115,426,58.157576714695665
poi_500_115,poi_500_115,427,57.35702983033888
poi_500_115,poi_500_115,428,57.578512712898245
poi_500_115,poi_500_115,429,58.6973783798759
poi_500_115,poi_500_115,430,59.1611546339628
poi_500_115,poi_500_115,431,59.29026410985096
poi_500_115,poi_500_115,432,58.9970658947169
poi_500_115,poi_500_115,433,58.59512793415715
poi_500_115,poi_500_115,434,58.583177521378325
poi_500_115,poi_500_115,435,58.95369294875011
poi_500_115,poi_500_115,436,59.23555712386255
poi_500_115,poi_500_115,437,59.2093252411243
poi_500_115,poi_500_115,438,58.73452016055631
poi_500_115,poi_500_115,439,57.58384887104811
poi_500_115,poi_500_115,440,57.327735765635346
poi_500_115,poi_500_115,441,58.09358319186189
poi_500_115,poi_500_115,442,58.16825457175288
poi_500_115,poi_500_115,443,59.516855402025286
poi_500_115,poi_500_115,444,59.10775375197428
poi_500_115,poi_500_115,445,58.110721118527245
poi_500_115,poi_500_115,446,57.954224088547306
poi_500_115,poi_500_115,447,58.7349073350967
poi_500_115,poi_500_115,448,59.01686036675138
poi_500_115,poi_500_115,449,59.07294585378441
poi_500_115,poi_500_115,450,58.78271541362103
poi_500_115,poi_500_115,451,57.97516763009924
poi_500_115,poi_500_115,452,58.10341950503685
poi_500_115,poi_500_115,453,59.07207720514444
poi_500_115,poi_500_115,454,59.47068454341927
poi_500_115,poi_500_115,455,58.25307619392726
poi_500_115,poi_500_115,456,58.157576714695665
poi_500_115,poi_500_115,457,57.35702983033888
poi_500_115,poi_500_115,458,57.578512712898245
poi_500_115,poi_500_115,459,58.19875536155131
poi_500_115,poi_500_115,460,58.644072419517414
poi_500_115,poi_500_115,461,58.70204555257341
poi_500_115,poi_500_115,462,58.24378781750653
poi_500_115,poi_500_115,463,57.58384887104811
poi_500_115,poi_500_115,464,57.327735765635346
poi_500_115,poi_500_115,465,58.09358319186189
poi_500_115,poi_500_115,466,58.16825457175288
poi_500_115,poi_500_115,467,59.516855402025286
poi_500_115,poi_500_115,468,59.10775375197428
poi_500_115,poi_500_115,469,58.110721118527245
poi_500_115,poi_500_115,470,57.954224088547306
poi_500_115,poi_500_115,471,58.24082814428124
poi_500_115,poi_500_115,472,58.48118731858156
poi_500_115,poi_500_115,473,58.45228393572423
poi_500_115,poi_500_115,474,57.98762018672616
poi_500_115,poi_500_115,475,56.78554869310189
poi_500_115,poi_500_115,476,56.67452948928768
poi_500_115,poi_500_115,477,57.67941929067935
poi_500_115,poi_500_115,478,57.85331862229101
poi_500_115,poi_500_115,479,57.940764778059695
poi_500_115,poi_500_115,480,57.74462054540615
poi_500_115,poi_500_115,481,56.70020064500747
poi_500_115,poi_500_115,482,56.76973687999617
poi_500_115,poi_500_115,483,57.336260741357805
poi_500_115,poi_500_115,484,57.767804120829915
poi_500_115,poi_500_115,485,57.84130635338939
poi_500_115,poi_500_115,486,57.398284561678636
poi_500_115,poi_500_115,487,56.78554869310189
poi_500_115,poi_500_115,488,56.67452948928768
poi_500_115,poi_500_115,489,57.0389384599291
poi_500_115,poi_500_115,490,57.13885676486326
poi_500_115,poi_500_115,491,57.116699589674354
poi_500_115,poi_500_115,492,56.707296225983484
poi_500_115,poi_500_115,493,55.01657437879517
poi_500_115,poi_500_115,494,54.68559441821735
poi_500_115,poi_500_115,495,56.02420049904421
poi_500_115,poi_500_115,496,56.18455062598522
poi_500_115,poi_500_115,497,58.25739541716643
poi_500_115,poi_500_115,498,57.89849097890519
poi_500_115,poi_500_115,499,57.41140777377992
poi_500_115,poi_500_115,500,57.39468957296046
poi_500_115,poi_500_115,501,58.37999511060708
poi_500_115,poi_500_115,502,58.75951659134611
poi_500_115,poi_500_115,503,57.28739975411663
poi_500_115,poi_500_115,504,57.29331876142358
poi_500_115,poi_500_115,505,56.5114865947287
poi_500_115,poi_500_115,506,56.964677278620535
poi_500_115,poi_500_115,507,57.79497616579562
poi_500_115,poi_500_115,508,58.3629007581576
poi_500_115,poi_500_115,509,56.71499294444854
poi_500_115,poi_500_115,510,56.51307441714329
poi_500_115,poi_500_115,511,55.95287358308379
poi_500_115,poi_500_115,512,55.926619877222606
poi_500_115,poi_500_115,513,56.42407835514318
poi_500_115,poi_500_115,514,56.59509953171102
poi_500_115,poi_500_115,515,58.42142170851575
poi_500_115,poi_500_115,516,57.83933843253599
poi_500_115,poi_500_115,517,56.962954331467024
poi_500_115,poi_500_115,518,56.4657916629643
poi_500_115,poi_500_115,519,56.48723407113715
poi_500_115,poi_500_115,520,56.330981014649765
poi_500_115,poi_500_115,521,58.15446596789117
poi_500_115,poi_500_115,522,57.55733953057862
poi_500_115,poi_500_115,523,56.02782967627591
poi_500_115,poi_500_115,524,55.65501330106968
poi_500_115,poi_500_115,525,56.69400660586568
poi_500_115,poi_500_115,526,56.778686815454094
poi_500_115,poi_500_115,527,56.89369558390341
poi_500_115,poi_500_115,528,56.783909208431425
poi_500_115,poi_500_115,529,55.699505685819155
poi_500_115,poi_500_115,530,56.018796727509596
poi_500_115,poi_500_115,531,57.50702756930093
poi_500_115,poi_500_115,532,58.093998295406806
poi_500_115,poi_500_115,533,56.46975652747158
poi_500_115,poi_500_115,534,56.593159279621446
poi_500_115,poi_500_115,535,56.5114865947287
poi_500_115,poi_500_115,536,56.964677278620535
poi_500_115,poi_500_115,537,58.33925539495111
poi_500_115,poi_500_115,538,58.912466147770886
poi_500_115,poi_500_115,539,57.611195883676906
poi_500_115,poi_500_115,540,57.59239779343683
poi_500_115,poi_500_115,541,57.35702983033888
poi_500_115,poi_500_115,542,57.578512712898245
poi_500_115,poi_500_115,543,58.19875536155131
poi_500_115,poi_500_115,544,58.644072419517414
poi_500_115,poi_500_115,545,58.70204555257341
poi_500_115,poi_500_115,546,58.24378781750653
poi_500_115,poi_500_115,547,57.58384887104811
poi_500_115,poi_500_115,548,57.327735765635346
poi_500_115,poi_500_115,549,58.09358319186189
poi_500_115,poi_500_115,550,58.16825457175288
poi_500_115,poi_500_115,551,59.516855402025286
poi_500_115,poi_500_115,552,59.10775375197428
poi_500_115,poi_500_115,553,58.110721118527245
poi_500_115,poi_500_115,554,57.954224088547306
poi_500_115,poi_500_115,555,58.7349073350967
poi_500_115,poi_500_115,556,59.01686036675138
poi_500_115,poi_500_115,557,59.07294585378441
poi_500_115,poi_500_115,558,58.78271541362103
poi_500_115,poi_500_115,559,57.97516763009924
poi_500_115,poi_500_115,560,58.10341950503685
poi_500_115,poi_500_115,561,59.07207720514444
poi_500_115,poi_500_115,562,59.47068454341927
poi_500_115,poi_500_115,563,58.25307619392726
poi_500_115,poi_500_115,564,58.157576714695665
poi_500_115,poi_500_115,565,57.35702983033888
poi_500_115,poi_500_115,566,57.578512712898245
poi_500_115,poi_500_115,567,58.19875536155131
poi_500_115,poi_500_115,568,58.644072419517414
poi_500_115,poi_500_115,569,58.70204555257341
poi_500_115,poi_500_115,570,58.24378781750653
poi_500_115,poi_500_115,571,57.58384887104811
poi_500_115,poi_500_115,572,57.327735765635346
poi_500_115,poi_500_115,573,57.51542532375866
poi_500_115,poi_500_115,574,57.50777807244869
poi_500_115,poi_500_115,575,58.96054222381605
poi_500_115,poi_500_115,576,58.375125843510524
poi_500_115,poi_500_115,577,56.962954331467024
poi_500_115,poi_500_115,578,56.4657916629643
poi_500_115,poi_500_115,579,56.48723407113715
poi_500_115,poi_500_115,580,56.330981014649765
poi_500_115,poi_500_115,581,58.15446596789117
poi_500_115,poi_500_115,582,57.55733953057862
poi_500_115,poi_500_115,583,56.02782967627591
poi_500_115,poi_500_115,584,55.65501330106968
poi_500_115,poi_500_115,585,55.87409369867535
poi_500_115,poi_500_115,586,55.84053704217004
poi_500_115,poi_500_115,587,55.81489666239503
poi_500_115,poi_500_115,588,55.446345653564606
poi_500_115,poi_500_115,589,53.44732330627318
poi_500_115,poi_500_115,590,53.3979149409909
poi_500_115,poi_500_115,591,54.171923252845914
poi_500_115,poi_500_115,592,54.42445350822052
poi_500_115,poi_500_115,593,54.618038590967444
poi_500_115,poi_500_115,594,54.32358903867073
poi_500_115,poi_500_115,595,53.44732330627318
poi_500_115,poi_500_115,596,53.3979149409909
poi_500_115,poi_500_115,597,55.336330258518586
poi_500_115,poi_500_115,598,55.676265493224165
poi_500_115,poi_500_115,599,55.989831819299994
poi_500_165,poi_500_165,0,40.0
poi_500_165,poi_500_165,1,40.0
poi_500_165,poi_500_165,2,40.0
poi_500_165,poi_500_165,3,40.0
poi_500_165,poi_500_165,4,40.0
poi_500_165,poi_500_165,5,40.0
poi_500_165,poi_500_165,6,40.0
poi_500_165,poi_500_165,7,40.0
poi_500_165,poi_500_165,8,40.0
poi_500_165,poi_500_165,9,40.0
poi_500_165,poi_500_165,10,50.88646293782105
poi_500_165,poi_500_165,11,51.42819954842316
poi_500_165,poi_500_165,12,52.004628822045575
poi_500_165,poi_500_165,13,52.61697266302846
poi_500_165,poi_500_165,14,53.26536652952428
poi_500_165,poi_500_165,15,53.94796654357191
poi_500_165,poi_500_165,16,55.19893637876778
poi_500_165,poi_500_165,17,49.894156816224054
poi_500_165,poi_500_165,18,50.45098178076704
poi_500_165,poi_500_165,19,51.01709684724125
poi_500_165,poi_500_165,20,51.565768820182114
poi_500_165,poi_500_165,21,52.063398215570196
poi_500_165,poi_500_165,22,54.76618448923749
poi_500_165,poi_500_165,23,55.18139863967369
poi_500_165,poi_500_165,24,54.3732625470456
poi_500_165,poi_500_165,25,54.655401413178865
poi_500_165,poi_500_165,26,54.97587160630469
poi_500_165,poi_500_165,27,55.35781815983502
poi_500_165,poi_500_165,28,56.22508303914028
poi_500_165,poi_500_165,29,56.327463991203714
poi_500_165,poi_500_165,30,55.981143191339
poi_500_165,poi_500_165,31,55.7147520335413
poi_500_165,poi_500_165,32,55.52821310507322
poi_500_165,poi_500_165,33,55.407363132323965
poi_500_165,poi_500_165,34,56.66136281717817
poi_500_165,poi_500_165,35,57.35380364160448
poi_500_165,poi_500_165,36,55.44787887183404
poi_500_165,poi_500_165,37,55.54713050329078
poi_500_165,poi_500_165,38,55.71341646835866
poi_500_165,poi_500_165,39,55.963411412376274
poi_500_165,poi_500_165,40,57.39611743342137
poi_500_165,poi_500_165,41,57.53313364946834
poi_500_165,poi_500_165,42,57.361582364515264
poi_500_165,poi_500_165,43,57.00509603277021
poi_500_165,poi_500_165,44,57.060072617569574
poi_500_165,poi_500_165,45,57.20530350429371
poi_500_165,poi_500_165,46,58.29206641706142
poi_500_165,poi_500_165,47,57.02436540100989
poi_500_165,poi_500_165,48,55.91519126700067
poi_500_165,poi_500_165,49,56.08015497769414
poi_500_165,poi_500_165,50,56.300567848023476
poi_500_165,poi_500_165,51,56.57793424771946
poi_500_165,poi_500_165,52,57.23127425639167
poi_500_165,poi_500_165,53,57.27465146405553
poi_500_165,poi_500_165,54,56.93295413957511
poi_500_165,poi_500_165,55,56.29849070834055
poi_500_165,poi_500_165,56,56.05978814288048
poi_500_165,poi_500_165,57,55.87527891367432
poi_500_165,poi_500_165,58,56.15832894856637
poi_500_165,poi_500_165,59,58.176149022738066
poi_500_165,poi_500_165,60,56.19431387476203
poi_500_165,poi_500_165,61,55.793183715195866
poi_500_165,poi_500_165,62,55.43664801631002
poi_500_165,poi_500_165,63,55.14325204990107
poi_500_165,poi_500_165,64,55.43275885075965
poi_500_165,poi_500_165,65,57.73520163795485
poi_500_165,poi_500_165,66,55.52126031393924
poi_500_165,poi_500_165,67,55.13165983221608
poi_500_165,poi_500_165,68,54.81693876166385
poi_500_165,poi_500_165,69,54.58367058428664
poi_500_165,poi_500_165,70,56.021315859775065
poi_500_165,poi_500_165,71,56.81501104741437
poi_500_165,poi_500_165,72,54.63611208027455
poi_500_165,poi_500_165,73,54.84375252222275
poi_500_165,poi_500_165,74,55.134639026172295
poi_500_165,poi_500_165,75,55.505409207151715
poi_500_165,poi_500_165,76,57.1246253477782
poi_500_165,poi_500_165,77,55.528126999231645
poi_500_165,poi_500_165,78,55.65843916548013
poi_500_165,poi_500_165,79,55.46408293368678
poi_500_165,poi_500_165,80,55.79938389213049
poi_500_165,poi_500_165,81,56.18320111104659
poi_500_165,poi_500_165,82,56.94893041874301
poi_500_165,poi_500_165,83,55.11050329653503
poi_500_165,poi_500_165,84,55.00792021930387
poi_500_165,poi_500_165,85,54.41768528706217
poi_500_165,poi_500_165,86,54.40268542182429
poi_500_165,poi_500_165,87,54.419278077517525
poi_500_165,poi_500_165,88,56.03490320845214
poi_500_165,poi_500_165,89,58.259492906942505
poi_500_165,poi_500_165,90,57.51773688835277
poi_500_165,poi_500_165,91,57.06350251045657
poi_500_165,poi_500_165,92,56.99592549692362
poi_500_165,poi_500_165,93,57.032535336911785
poi_500_165,poi_500_165,94,58.0928677349499
poi_500_165,poi_500_165,95,58.12978266643067
poi_500_165,poi_500_165,96,57.05302023643007
poi_500_165,poi_500_165,97,57.00509603277021
poi_500_165,poi_500_165,98,57.060072617569574
poi_500_165,poi_500_165,99,57.20530350429371
poi_500_165,poi_500_165,100,58.29206641706142
poi_500_165,poi_500_165,101,57.02436540100989
poi_500_165,poi_500_165,102,55.91519126700067
poi_500_165,poi_500_165,103,56.08015497769414
poi_500_165,poi_500_165,104,56.300567848023476
poi_500_165,poi_500_165,105,56.57793424771946
poi_500_165,poi_500_165,106,57.87160142799412
poi_500_165,poi_500_165,107,57.994005427635
poi_500_165,poi_500_165,108,57.81375062441654
poi_500_165,poi_500_165,109,57.44611796351102
poi_500_165,poi_500_165,110,57.44032933512038
poi_500_165,poi_500_165,111,57.52018020683146
poi_500_165,poi_500_165,112,57.95285691764139
poi_500_165,poi_500_165,113,57.90535374177547
poi_500_165,poi_500_165,114,56.59109309763671
poi_500_165,poi_500_165,115,56.29849070834055
poi_500_165,poi_500_165,116,56.05978814288048
poi_500_165,poi_500_165,117,55.87527891367432
poi_500_165,poi_500_165,118,56.96237977835133
poi_500_165,poi_500_165,119,58.76942338655509
poi_500_165,poi_500_165,120,57.22045410596614
poi_500_165,poi_500_165,121,57.06350251045657
poi_500_165,poi_500_165,122,56.99592549692362
poi_500_165,poi_500_165,123,57.032535336911785
poi_500_165,poi_500_165,124,57.48667700791279
poi_500_165,poi_500_165,125,57.43444338764124
poi_500_165,poi_500_165,126,55.981143191339
poi_500_165,poi_500_165,127,55.7147520335413
poi_500_165,poi_500_165,128,55.52821310507322
poi_500_165,poi_500_165,129,55.407363132323965
poi_500_165,poi_500_165,130,55.79345039756355
poi_500_165,poi_500_165,131,56.50837408126962
poi_500_165,poi_500_165,132,53.79522258819651
poi_500_165,poi_500_165,133,53.611772329734926
poi_500_165,poi_500_165,134,53.456534340399685
poi_500_165,poi_500_165,135,53.357461708238986
poi_500_165,poi_500_165,136,55.28650810313543
poi_500_165,poi_500_165,137,57.827358219456755
poi_500_165,poi_500_165,138,57.03182412335282
poi_500_165,poi_500_165,139,56.57951767286001
poi_500_165,poi_500_165,140,56.572637786682094
poi_500_165,poi_500_165,141,56.67867729066492
poi_500_165,poi_500_165,142,57.22096246989257
poi_500_165,poi_500_165,143,55.370471647056206
poi_500_165,poi_500_165,144,53.41786513612093
poi_500_165,poi_500_165,145,53.481389679013404
poi_500_165,poi_500_165,146,53.6001256770914
poi_500_165,poi_500_165,147,53.74998390007616
poi_500_165,poi_500_165,148,54.53427675607373
poi_500_165,poi_500_165,149,55.61216586767172
poi_500_165,poi_500_165,150,54.42444061208033
poi_500_165,poi_500_165,151,53.611772329734926
poi_500_165,poi_500_165,152,53.456534340399685
poi_500_165,poi_500_165,153,53.357461708238986
poi_500_165,poi_500_165,154,54.04521083093627
poi_500_165,poi_500_165,155,57.07729182843543
poi_500_165,poi_500_165,156,55.95399497750921
poi_500_165,poi_500_165,157,55.13165983221608
poi_500_165,poi_500_165,158,54.81693876166385
poi_500_165,poi_500_165,159,54.58367058428664
poi_500_165,poi_500_165,160,54.998108092401246
poi_500_165,poi_500_165,161,55.844518736352214
poi_500_165,poi_500_165,162,52.54910933034303
poi_500_165,poi_500_165,163,52.45701867127352
poi_500_165,poi_500_165,164,52.43392455766476
poi_500_165,poi_500_165,165,52.48297199855432
poi_500_165,poi_500_165,166,53.43497376751502
poi_500_165,poi_500_165,167,54.780721016847885
poi_500_165,poi_500_165,168,53.36875563477495
poi_500_165,poi_500_165,169,52.45701867127352
poi_500_165,poi_500_165,170,52.43392455766476
poi_500_165,poi_500_165,171,52.48297199855432
poi_500_165,poi_500_165,172,54.83617232486617
poi_500_165,poi_500_165,173,55.98613417795414
poi_500_165,poi_500_165,174,55.16097452193091
poi_500_165,poi_500_165,175,54.84375252222275
poi_500_165,poi_500_165,176,55.134639026172295
poi_500_165,poi_500_165,177,55.505409207151715
poi_500_165,poi_500_165,178,56.352844086567856
poi_500_165,poi_500_165,179,54.165376269318045
poi_500_165,poi_500_165,180,54.099933518403205
poi_500_165,poi_500_165,181,53.481389679013404
poi_500_165,poi_500_165,182,53.6001256770914
poi_500_165,poi_500_165,183,53.74998390007616
poi_500_165,poi_500_165,184,54.53427675607373
poi_500_165,poi_500_165,185,55.61216586767172
poi_500_165,poi_500_165,186,54.42444061208033
poi_500_165,poi_500_165,187,53.611772329734926
poi_500_165,poi_500_165,188,53.456534340399685
poi_500_165,poi_500_165,189,53.357461708238986
poi_500_165,poi_500_165,190,54.04521083093627
poi_500_165,poi_500_165,191,57.07729182843543
poi_500_165,poi_500_165,192,55.95399497750921
poi_500_165,poi_500_165,193,55.13165983221608
poi_500_165,poi_500_165,194,54.81693876166385
poi_500_165,poi_500_165,195,54.58367058428664
poi_500_165,poi_500_165,196,56.021315859775065
poi_500_165,poi_500_165,197,56.81501104741437
poi_500_165,poi_500_165,198,54.63611208027455
poi_500_165,poi_500_165,199,54.84375252222275
poi_500_165,poi_500_165,200,55.134639026172295
poi_500_165,poi_500_165,201,55.505409207151715
poi_500_165,poi_500_165,202,57.1246253477782
poi_500_165,poi_500_165,203,55.528126999231645
poi_500_165,poi_500_165,204,55.65843916548013
poi_500_165,poi_500_165,205,55.46408293368678
poi_500_165,poi_500_165,206,55.79938389213049
poi_500_165,poi_500_165,207,56.18320111104659
poi_500_165,poi_500_165,208,56.94893041874301
poi_500_165,poi_500_165,209,55.11050329653503
poi_500_165,poi_500_165,210,55.00792021930387
poi_500_165,poi_500_165,211,54.41768528706217
poi_500_165,poi_500_165,212,54.40268542182429
poi_500_165,poi_500_165,213,54.419278077517525
poi_500_165,poi_500_165,214,55.01529806796729
poi_500_165,poi_500_165,215,57.586286662642735
poi_500_165,poi_500_165,216,56.56751177830336
poi_500_165,poi_500_165,217,55.793183715195866
poi_500_165,poi_500_165,218,55.43664801631002
poi_500_165,poi_500_165,219,55.14325204990107
poi_500_165,poi_500_165,220,55.43275885075965
poi_500_165,poi_500_165,221,57.73520163795485
poi_500_165,poi_500_165,222,55.52126031393924
poi_500_165,poi_500_165,223,55.13165983221608
poi_500_165,poi_500_165,224,54.81693876166385
poi_500_165,poi_500_165,225,54.58367058428664
poi_500_165,poi_500_165,226,56.021315859775065
poi_500_165,poi_500_165,227,56.81501104741437
poi_500_165,poi_500_165,228,54.63611208027455
poi_500_165,poi_500_165,229,54.84375252222275
poi_500_165,poi_500_165,230,55.134639026172295
poi_500_165,poi_500_165,231,55.505409207151715
poi_500_165,poi_500_165,232,56.352844086567856
poi_500_165,poi_500_165,233,54.165376269318045
poi_500_165,poi_500_165,234,54.099933518403205
poi_500_165,poi_500_165,235,53.481389679013404
poi_500_165,poi_500_165,236,53.6001256770914
poi_500_165,poi_500_165,237,53.74998390007616
poi_500_165,poi_500_165,238,55.65903772259935
poi_500_165,poi_500_165,239,56.63019442881077
poi_500_165,poi_500_165,240,55.88762631321087
poi_500_165,poi_500_165,241,55.54713050329078
poi_500_165,poi_500_165,242,55.71341646835866
poi_500_165,poi_500_165,243,55.963411412376274
poi_500_165,poi_500_165,244,56.6752196662059
poi_500_165,poi_500_165,245,56.725295317923624
poi_500_165,poi_500_165,246,56.372295052891594
poi_500_165,poi_500_165,247,55.7147520335413
poi_500_165,poi_500_165,248,55.52821310507322
poi_500_165,poi_500_165,249,55.407363132323965
poi_500_165,poi_500_165,250,56.66136281717817
poi_500_165,poi_500_165,251,57.35380364160448
poi_500_165,poi_500_165,252,55.44787887183404
poi_500_165,poi_500_165,253,55.54713050329078
poi_500_165,poi_500_165,254,55.71341646835866
poi_500_165,poi_500_165,255,55.963411412376274
poi_500_165,poi_500_165,256,56.6752196662059
poi_500_165,poi_500_165,257,56.725295317923624
poi_500_165,poi_500_165,258,56.372295052891594
poi_500_165,poi_500_165,259,55.7147520335413
poi_500_165,poi_500_165,260,55.52821310507322
poi_500_165,poi_500_165,261,55.407363132323965
poi_500_165,poi_500_165,262,55.79345039756355
poi_500_165,poi_500_165,263,56.50837408126962
poi_500_165,poi_500_165,264,53.79522258819651
poi_500_165,poi_500_165,265,53.611772329734926
poi_500_165,poi_500_165,266,53.456534340399685
poi_500_165,poi_500_165,267,53.357461708238986
poi_500_165,poi_500_165,268,55.28650810313543
poi_500_165,poi_500_165,269,57.827358219456755
poi_500_165,poi_500_165,270,57.03182412335282
poi_500_165,poi_500_165,271,56.57951767286001
poi_500_165,poi_500_165,272,56.572637786682094
poi_500_165,poi_500_165,273,56.67867729066492
poi_500_165,poi_500_165,274,57.22096246989257
poi_500_165,poi_500_165,275,55.370471647056206
poi_500_165,poi_500_165,276,53.41786513612093
poi_500_165,poi_500_165,277,53.481389679013404
poi_500_165,poi_500_165,278,53.6001256770914
poi_500_165,poi_500_165,279,53.74998390007616
poi_500_165,poi_500_165,280,55.65903772259935
poi_500_165,poi_500_165,281,56.63019442881077
poi_500_165,poi_500_165,282,55.88762631321087
poi_500_165,poi_500_165,283,55.54713050329078
poi_500_165,poi_500_165,284,55.71341646835866
poi_500_165,poi_500_165,285,55.963411412376274
poi_500_165,poi_500_165,286,57.39611743342137
poi_500_165,poi_500_165,287,57.53313364946834
poi_500_165,poi_500_165,288,57.361582364515264
poi_500_165,poi_500_165,289,57.00509603277021
poi_500_165,poi_500_165,290,57.060072617569574
poi_500_165,poi_500_165,291,57.20530350429371
poi_500_165,poi_500_165,292,57.71494250542899
poi_500_165,poi_500_165,293,56.10475290305058
poi_500_165,poi_500_165,294,54.46299958351541
poi_500_165,poi_500_165,295,54.41768528706217
poi_500_165,poi_500_165,296,54.40268542182429
poi_500_165,poi_500_165,297,54.419278077517525
poi_500_165,poi_500_165,298,56.03490320845214
poi_500_165,poi_500_165,299,58.259492906942505
poi_500_165,poi_500_165,300,57.51773688835277
poi_500_165,poi_500_165,301,57.06350251045657
poi_500_165,poi_500_165,302,56.99592549692362
poi_500_165,poi_500_165,303,57.032535336911785
poi_500_165,poi_500_165,304,57.48667700791279
poi_500_165,poi_500_165,305,57.43444338764124
poi_500_165,poi_500_165,306,55.981143191339
poi_500_165,poi_500_165,307,55.7147520335413
poi_500_165,poi_500_165,308,55.52821310507322
poi_500_165,poi_500_165,309,55.407363132323965
poi_500_165,poi_500_165,310,55.79345039756355
poi_500_165,poi_500_165,311,56.50837408126962
poi_500_165,poi_500_165,312,53.79522258819651
poi_500_165,poi_500_165,313,53.611772329734926
poi_500_165,poi_500_165,314,53.456534340399685
poi_500_165,poi_500_165,315,53.357461708238986
poi_500_165,poi_500_165,316,55.28650810313543
poi_500_165,poi_500_165,317,57.827358219456755
poi_500_165,poi_500_165,318,57.03182412335282
poi_500_165,poi_500_165,319,56.57951767286001
poi_500_165,poi_500_165,320,56.572637786682094
poi_500_165,poi_500_165,321,56.67867729066492
poi_500_165,poi_500_165,322,57.86270469680559
poi_500_165,poi_500_165,323,56.440128899012194
poi_500_165,poi_500_165,324,55.193541096311456
poi_500_165,poi_500_165,325,55.46408293368678
poi_500_165,poi_500_165,326,55.79938389213049
poi_500_165,poi_500_165,327,56.18320111104659
poi_500_165,poi_500_165,328,56.94893041874301
poi_500_165,poi_500_165,329,55.11050329653503
poi_500_165,poi_500_165,330,55.00792021930387
poi_500_165,poi_500_165,331,54.41768528706217
poi_500_165,poi_500_165,332,54.40268542182429
poi_500_165,poi_500_165,333,54.419278077517525
poi_500_165,poi_500_165,334,55.01529806796729
poi_500_165,poi_500_165,335,57.586286662642735
poi_500_165,poi_500_165,336,56.56751177830336
poi_500_165,poi_500_165,337,55.793183715195866
poi_500_165,poi_500_165,338,55.43664801631002
poi_500_165,poi_500_165,339,55.14325204990107
poi_500_165,poi_500_165,340,55.43275885075965
poi_500_165,poi_500_165,341,57.73520163795485
poi_500_165,poi_500_165,342,55.52126031393924
poi_500_165,poi_500_165,343,55.13165983221608
poi_500_165,poi_500_165,344,54.81693876166385
poi_500_165,poi_500_165,345,54.58367058428664
poi_500_165,poi_500_165,346,54.998108092401246
poi_500_165,poi_500_165,347,55.844518736352214
poi_500_165,poi_500_165,348,52.54910933034303
poi_500_165,poi_500_165,349,52.45701867127352
poi_500_165,poi_500_165,350,52.43392455766476
poi_500_165,poi_500_165,351,52.48297199855432
poi_500_165,poi_500_165,352,53.43497376751502
poi_500_165,poi_500_165,353,54.780721016847885
poi_500_165,poi_500_165,354,53.36875563477495
poi_500_165,poi_500_165,355,52.45701867127352
poi_500_165,poi_500_165,356,52.43392455766476
poi_500_165,poi_500_165,357,52.48297199855432
poi_500_165,poi_500_165,358,54.83617232486617
poi_500_165,poi_500_165,359,55.98613417795414
poi_500_165,poi_500_165,360,55.16097452193091
poi_500_165,poi_500_165,361,54.84375252222275
poi_500_165,poi_500_165,362,55.134639026172295
poi_500_165,poi_500_165,363,55.505409207151715
poi_500_165,poi_500_165,364,57.1246253477782
poi_500_165,poi_500_165,365,55.528126999231645
poi_500_165,poi_500_165,366,55.65843916548013
poi_500_165,poi_500_165,367,55.46408293368678
poi_500_165,poi_500_165,368,55.79938389213049
poi_500_165,poi_500_165,369,56.18320111104659
poi_500_165,poi_500_165,370,56.94893041874301
poi_500_165,poi_500_165,371,55.11050329653503
poi_500_165,poi_500_165,372,55.00792021930387
poi_500_165,poi_500_165,373,54.41768528706217
poi_500_165,poi_500_165,374,54.40268542182429
poi_500_165,poi_500_165,375,54.419278077517525
poi_500_165,poi_500_165,376,55.01529806796729
poi_500_165,poi_500_165,377,57.586286662642735
poi_500_165,poi_500_165,378,56.56751177830336
poi_500_165,poi_500_165,379,55.793183715195866
poi_500_165,poi_500_165,380,55.43664801631002
poi_500_165,poi_500_165,381,55.14325204990107
poi_500_165,poi_500_165,382,56.36826859835633
poi_500_165,poi_500_165,383,58.387335903993005
poi_500_165,poi_500_165,384,56.697961439345725
poi_500_165,poi_500_165,385,56.57951767286001
poi_500_165,poi_500_165,386,56.572637786682094
poi_500_165,poi_500_165,387,56.67867729066492
poi_500_165,poi_500_165,388,57.86270469680559
poi_500_165,poi_500_165,389,56.440128899012194
poi_500_165,poi_500_165,390,55.193541096311456
poi_500_165,poi_500_165,391,55.46408293368678
poi_500_165,poi_500_165,392,55.79938389213049
poi_500_165,poi_500_165,393,56.18320111104659
poi_500_165,poi_500_165,394,57.6290659801542
poi_500_165,poi_500_165,395,56.23825709355528
poi_500_165,poi_500_165,396,56.31206309509193
poi_500_165,poi_500_165,397,56.08015497769414
poi_500_165,poi_500_165,398,56.300567848023476
poi_500_165,poi_500_165,399,56.57793424771946
poi_500_165,poi_500_165,400,57.87160142799412
poi_500_165,poi_500_165,401,57.994005427635
poi_500_165,poi_500_165,402,57.81375062441654
poi_500_165,poi_500_165,403,57.44611796351102
poi_500_165,poi_500_165,404,57.44032933512038
poi_500_165,poi_500_165,405,57.52018020683146
poi_500_165,poi_500_165,406,57.95285691764139
poi_500_165,poi_500_165,407,57.90535374177547
poi_500_165,poi_500_165,408,56.59109309763671
poi_500_165,poi_500_165,409,56.29849070834055
poi_500_165,poi_500_165,410,56.05978814288048
poi_500_165,poi_500_165,411,55.87527891367432
poi_500_165,poi_500_165,412,56.96237977835133
poi_500_165,poi_500_165,413,58.76942338655509
poi_500_165,poi_500_165,414,57.22045410596614
poi_500_165,poi_500_165,415,57.06350251045657
poi_500_165,poi_500_165,416,56.99592549692362
poi_500_165,poi_500_165,417,57.032535336911785
poi_500_165,poi_500_165,418,58.0928677349499
poi_500_165,poi_500_165,419,58.12978266643067
poi_500_165,poi_500_165,420,57.05302023643007
poi_500_165,poi_500_165,421,57.00509603277021
poi_500_165,poi_500_165,422,57.060072617569574
poi_500_165,poi_500_165,423,57.20530350429371
poi_500_165,poi_500_165,424,58.29206641706142
poi_500_165,poi_500_165,425,57.02436540100989
poi_500_165,poi_500_165,426,55.91519126700067
poi_500_165,poi_500_165,427,56.08015497769414
poi_500_165,poi_500_165,428,56.300567848023476
poi_500_165,poi_500_165,429,56.57793424771946
poi_500_165,poi_500_165,430,57.87160142799412
poi_500_165,poi_500_165,431,57.994005427635
poi_500_165,poi_500_165,432,57.81375062441654
poi_500_165,poi_500_165,433,57.44611796351102
poi_500_165,poi_500_165,434,57.44032933512038
poi_500_165,poi_500_165,435,57.52018020683146
poi_500_165,poi_500_165,436,57.95285691764139
poi_500_165,poi_500_165,437,57.90535374177547
poi_500_165,poi_500_165,438,56.59109309763671
poi_500_165,poi_500_165,439,56.29849070834055
poi_500_165,poi_500_165,440,56.05978814288048
poi_500_165,poi_500_165,441,55.87527891367432
poi_500_165,poi_500_165,442,56.96237977835133
poi_500_165,poi_500_165,443,58.76942338655509
poi_500_165,poi_500_165,444,57.22045410596614
poi_500_165,poi_500_165,445,57.06350251045657
poi_500_165,poi_500_165,446,56.99592549692362
poi_500_165,poi_500_165,447,57.032535336911785
poi_500_165,poi_500_165,448,58.0928677349499
poi_500_165,poi_500_165,449,58.12978266643067
poi_500_165,poi_500_165,450,57.05302023643007
poi_500_165,poi_500_165,451,57.00509603277021
poi_500_165,poi_500_165,452,57.060072617569574
poi_500_165,poi_500_165,453,57.20530350429371
poi_500_165,poi_500_165,454,58.29206641706142
poi_500_165,poi_500_165,455,57.02436540100989
poi_500_165,poi_500_165,456,55.91519126700067
poi_500_165,poi_500_165,457,56.08015497769414
poi_500_165,poi_500_165,458,56.300567848023476
poi_500_165,poi_500_165,459,56.57793424771946
poi_500_165,poi_500_165,460,57.23127425639167
poi_500_165,poi_500_165,461,57.27465146405553
poi_500_165,poi_500_165,462,56.93295413957511
poi_500_165,poi_500_165,463,56.29849070834055
poi_500_165,poi_500_165,464,56.05978814288048
poi_500_165,poi_500_165,465,55.87527891367432
poi_500_165,poi_500_165,466,56.96237977835133
poi_500_165,poi_500_165,467,58.76942338655509
poi_500_165,poi_500_165,468,57.22045410596614
poi_500_165,poi_500_165,469,57.06350251045657
poi_500_165,poi_500_165,470,56.99592549692362
poi_500_165,poi_500_165,471,57.032535336911785
poi_500_165,poi_500_165,472,57.48667700791279
poi_500_165,poi_500_165,473,57.43444338764124
poi_500_165,poi_500_165,474,55.981143191339
poi_500_165,poi_500_165,475,55.7147520335413
poi_500_165,poi_500_165,476,55.52821310507322
poi_500_165,poi_500_165,477,55.407363132323965
poi_500_165,poi_500_165,478,56.66136281717817
poi_500_165,poi_500_165,479,57.35380364160448
poi_500_165,poi_500_165,480,55.44787887183404
poi_500_165,poi_500_165,481,55.54713050329078
poi_500_165,poi_500_165,482,55.71341646835866
poi_500_165,poi_500_165,483,55.963411412376274
poi_500_165,poi_500_165,484,56.6752196662059
poi_500_165,poi_500_165,485,56.725295317923624
poi_500_165,poi_500_165,486,56.372295052891594
poi_500_165,poi_500_165,487,55.7147520335413
poi_500_165,poi_500_165,488,55.52821310507322
poi_500_165,poi_500_165,489,55.407363132323965
poi_500_165,poi_500_165,490,55.79345039756355
poi_500_165,poi_500_165,491,56.50837408126962
poi_500_165,poi_500_165,492,53.79522258819651
poi_500_165,poi_500_165,493,53.611772329734926
poi_500_165,poi_500_165,494,53.456534340399685
poi_500_165,poi_500_165,495,53.357461708238986
poi_500_165,poi_500_165,496,55.28650810313543
poi_500_165,poi_500_165,497,57.827358219456755
poi_500_165,poi_500_165,498,57.03182412335282
poi_500_165,poi_500_165,499,56.57951767286001
poi_500_165,poi_500_165,500,56.572637786682094
poi_500_165,poi_500_165,501,56.67867729066492
poi_500_165,poi_500_165,502,57.86270469680559
poi_500_165,poi_500_165,503,56.440128899012194
poi_500_165,poi_500_165,504,55.193541096311456
poi_500_165,poi_500_165,505,55.46408293368678
poi_500_165,poi_500_165,506,55.79938389213049
poi_500_165,poi_500_165,507,56.18320111104659
poi_500_165,poi_500_165,508,56.94893041874301
poi_500_165,poi_500_165,509,55.11050329653503
poi_500_165,poi_500_165,510,55.00792021930387
poi_500_165,poi_500_165,511,54.41768528706217
poi_500_165,poi_500_165,512,54.40268542182429
poi_500_165,poi_500_165,513,54.419278077517525
poi_500_165,poi_500_165,514,55.01529806796729
poi_500_165,poi_500_165,515,57.586286662642735
poi_500_165,poi_500_165,516,56.56751177830336
poi_500_165,poi_500_165,517,55.793183715195866
poi_500_165,poi_500_165,518,55.43664801631002
poi_500_165,poi_500_165,519,55.14325204990107
poi_500_165,poi_500_165,520,55.43275885075965
poi_500_165,poi_500_165,521,57.73520163795485
poi_500_165,poi_500_165,522,55.52126031393924
poi_500_165,poi_500_165,523,55.13165983221608
poi_500_165,poi_500_165,524,54.81693876166385
poi_500_165,poi_500_165,525,54.58367058428664
poi_500_165,poi_500_165,526,56.021315859775065
poi_500_165,poi_500_165,527,56.81501104741437
poi_500_165,poi_500_165,528,54.63611208027455
poi_500_165,poi_500_165,529,54.84375252222275
poi_500_165,poi_500_165,530,55.134639026172295
poi_500_165,poi_500_165,531,55.505409207151715
poi_500_165,poi_500_165,532,57.1246253477782
poi_500_165,poi_500_165,533,55.528126999231645
poi_500_165,poi_500_165,534,55.65843916548013
poi_500_165,poi_500_165,535,55.46408293368678
poi_500_165,poi_500_165,536,55.79938389213049
poi_500_165,poi_500_165,537,56.18320111104659
poi_500_165,poi_500_165,538,57.6290659801542
poi_500_165,poi_500_165,539,56.23825709355528
poi_500_165,poi_500_165,540,56.31206309509193
poi_500_165,poi_500_165,541,56.08015497769414
poi_500_165,poi_500_165,542,56.300567848023476
poi_500_165,poi_500_165,543,56.57793424771946
poi_500_165,poi_500_165,544,57.23127425639167
poi_500_165,poi_500_165,545,57.27465146405553
poi_500_165,poi_500_165,546,56.93295413957511
poi_500_165,poi_500_165,547,56.29849070834055
poi_500_165,poi_500_165,548,56.05978814288048
poi_500_165,poi_500_165,549,55.87527891367432
poi_500_165,poi_500_165,550,56.96237977835133
poi_500_165,poi_500_165,551,58.76942338655509
poi_500_165,poi_500_165,552,57.22045410596614
poi_500_165,poi_500_165,553,57.06350251045657
poi_500_165,poi_500_165,554,56.99592549692362
poi_500_165,poi_500_165,555,57.032535336911785
poi_500_165,poi_500_165,556,58.0928677349499
poi_500_165,poi_500_165,557,58.12978266643067
poi_500_165,poi_500_165,558,57.05302023643007
poi_500_165,poi_500_165,559,57.00509603277021
poi_500_165,poi_500_165,560,57.060072617569574
poi_500_165,poi_500_165,561,57.20530350429371
poi_500_165,poi_500_165,562,58.29206641706142
poi_500_165,poi_500_165,563,57.02436540100989
poi_500_165,poi_500_165,564,55.91519126700067
poi_500_165,poi_500_165,565,56.08015497769414
poi_500_165,poi_500_165,566,56.300567848023476
poi_500_165,poi_500_165,567,56.57793424771946
poi_500_165,poi_500_165,568,57.23127425639167
poi_500_165,poi_500_165,569,57.27465146405553
poi_500_165,poi_500_165,570,56.93295413957511
poi_500_165,poi_500_165,571,56.29849070834055
poi_500_165,poi_500_165,572,56.05978814288048
poi_500_165,poi_500_165,573,55.87527891367432
poi_500_165,poi_500_165,574,56.15832894856637
poi_500_165,poi_500_165,575,58.176149022738066
poi_500_165,poi_500_165,576,56.19431387476203
poi_500_165,poi_500_165,577,55.793183715195866
poi_500_165,poi_500_165,578,55.43664801631002
poi_500_165,poi_500_165,579,55.14325204990107
poi_500_165,poi_500_165,580,55.43275885075965
poi_500_165,poi_500_165,581,57.73520163795485
poi_500_165,poi_500_165,582,55.52126031393924
poi_500_165,poi_500_165,583,55.13165983221608
poi_500_165,poi_500_165,584,54.81693876166385
poi_500_165,poi_500_165,585,54.58367058428664
poi_500_165,poi_500_165,586,54.998108092401246
poi_500_165,poi_500_165,587,55.844518736352214
poi_500_165,poi_500_165,588,52.54910933034303
poi_500_165,poi_500_165,589,52.45701867127352
poi_500_165,poi_500_165,590,52.43392455766476
poi_500_165,poi_500_165,591,52.48297199855432
poi_500_165,poi_500_165,592,53.43497376751502
poi_500_165,poi_500_165,593,54.780721016847885
poi_500_165,poi_500_165,594,53.36875563477495
poi_500_165,poi_500_165,595,52.45701867127352
poi_500_165,poi_500_165,596,52.43392455766476
poi_500_165,poi_500_165,597,52.48297199855432
poi_500_165,poi_500_165,598,54.83617232486617
poi_500_165,poi_500_165,599,55.98613417795414
poi_500_215,poi_500_215,0,40.0
poi_500_215,poi_500_215,1,40.0
poi_500_215,poi_500_215,2,40.0
poi_500_215,poi_500_215,3,40.0
poi_500_215,poi_500_215,4,40.0
poi_500_215,poi_500_215,5,40.0
poi_500_215,poi_500_215,6,40.0
poi_500_215,poi_500_215,7,40.0
poi_500_215,poi_500_215,8,40.0
poi_500_215,poi_500_215,9,40.0
poi_500_215,poi_500_215,10,40.0
poi_500_215,poi_500_215,11,50.89033389154647
poi_500_215,poi_500_215,12,51.384605602390636
poi_500_215,poi_500_215,13,51.89881458159812
poi_500_215,poi_500_215,14,52.42989654993892
poi_500_215,poi_500_215,15,52.97263795626641
poi_500_215,poi_500_215,16,53.51882045046759
poi_500_215,poi_500_215,17,49.10557803499656
poi_500_215,poi_500_215,18,49.5117038462898
poi_500_215,poi_500_215,19,49.913492662193065
poi_500_215,poi_500_215,20,50.29731276687053
poi_500_215,poi_500_215,21,50.64918710491628
poi_500_215,poi_500_215,22,50.958066289102184
poi_500_215,poi_500_215,23,54.06800710068601
poi_500_215,poi_500_215,24,53.334659883706266
poi_500_215,poi_500_215,25,53.63528894821372
poi_500_215,poi_500_215,26,53.949653840381146
poi_500_215,poi_500_215,27,54.28468973681632
poi_500_215,poi_500_215,28,54.640231453861865
poi_500_215,poi_500_215,29,55.227183369190854
poi_500_215,poi_500_215,30,54.96767183078066
poi_500_215,poi_500_215,31,54.743891920695305
poi_500_215,poi_500_215,32,54.558489573375155
poi_500_215,poi_500_215,33,54.40817355685235
poi_500_215,poi_500_215,34,54.285666624074096
poi_500_215,poi_500_215,35,55.1130898556149
poi_500_215,poi_500_215,36,54.43443368110661
poi_500_215,poi_500_215,37,54.57282002208672
poi_500_215,poi_500_215,38,54.7470121479609
poi_500_215,poi_500_215,39,54.96127555027126
poi_500_215,poi_500_215,40,55.21359050335721
poi_500_215,poi_500_215,41,56.577644796912
poi_500_215,poi_500_215,42,56.11640746945565
poi_500_215,poi_500_215,43,56.086057236357185
poi_500_215,poi_500_215,44,56.11358321836529
poi_500_215,poi_500_215,45,56.19426198813972
poi_500_215,poi_500_215,46,56.31892593782672
poi_500_215,poi_500_215,47,54.697030791169716
poi_500_215,poi_500_215,48,54.8438791466087
poi_500_215,poi_500_215,49,55.01342398497179
poi_500_215,poi_500_215,50,55.20901288068677
poi_500_215,poi_500_215,51,55.43001670199161
poi_500_215,poi_500_215,52,55.671527522388715
poi_500_215,poi_500_215,53,56.10303520698874
poi_500_215,poi_500_215,54,55.43471282593228
poi_500_215,poi_500_215,55,55.20458870807472
poi_500_215,poi_500_215,56,54.998488182568906
poi_500_215,poi_500_215,57,54.81783737912075
poi_500_215,poi_500_215,58,54.66024906689914
poi_500_215,poi_500_215,59,56.01810170960283
poi_500_215,poi_500_215,60,55.079540729965395
poi_500_215,poi_500_215,61,54.783908378290775
poi_500_215,poi_500_215,62,54.51220746596314
poi_500_215,poi_500_215,63,54.273514409375174
poi_500_215,poi_500_215,64,54.073799762690726
poi_500_215,poi_500_215,65,55.597408583995886
poi_500_215,poi_500_215,66,54.57027567866315
poi_500_215,poi_500_215,67,54.273494144079244
poi_500_215,poi_500_215,68,54.0169962458873
poi_500_215,poi_500_215,69,53.80610368742113
poi_500_215,poi_500_215,70,53.642285750027156
poi_500_215,poi_500_215,71,54.58882427873138
poi_500_215,poi_500_215,72,53.8377667623297
poi_500_215,poi_500_215,73,54.035346097450194
poi_500_215,poi_500_215,74,54.2793206901736
poi_500_215,poi_500_215,75,54.56554660478915
poi_500_215,poi_500_215,76,54.885557784723034
poi_500_215,poi_500_215,77,54.7064135281538
poi_500_215,poi_500_215,78,54.30437925867974
poi_500_215,poi_500_215,79,54.530800853575876
poi_500_215,poi_500_215,80,54.79087067542725
poi_500_215,poi_500_215,81,55.07647159484445
poi_500_215,poi_500_215,82,55.37746111430331
poi_500_215,poi_500_215,83,53.95292790928583
poi_500_215,poi_500_215,84,53.222651279912256
poi_500_215,poi_500_215,85,53.20667356814407
poi_500_215,poi_500_215,86,53.19776876585155
poi_500_215,poi_500_215,87,53.196564469048084
poi_500_215,poi_500_215,88,53.20003895518052
poi_500_215,poi_500_215,89,57.17088657576354
poi_500_215,poi_500_215,90,56.20253220455584
poi_500_215,poi_500_215,91,56.115471158742025
poi_500_215,poi_500_215,92,56.08128298038807
poi_500_215,poi_500_215,93,56.10547625590482
poi_500_215,poi_500_215,94,56.18748142145593
poi_500_215,poi_500_215,95,56.203391315140074
poi_500_215,poi_500_215,96,56.11640746945565
poi_500_215,poi_500_215,97,56.086057236357185
poi_500_215,poi_500_215,98,56.11358321836529
poi_500_215,poi_500_215,99,56.19426198813972
poi_500_215,poi_500_215,100,56.31892593782672
poi_500_215,poi_500_215,101,54.697030791169716
poi_500_215,poi_500_215,102,54.8438791466087
poi_500_215,poi_500_215,103,55.01342398497179
poi_500_215,poi_500_215,104,55.20901288068677
poi_500_215,poi_500_215,105,55.43001670199161
poi_500_215,poi_500_215,106,55.671527522388715
poi_500_215,poi_500_215,107,56.91655942156853
poi_500_215,poi_500_215,108,56.4792949884656
poi_500_215,poi_500_215,109,56.42896620409371
poi_500_215,poi_500_215,110,56.42577710550924
poi_500_215,poi_500_215,111,56.47006551005291
poi_500_215,poi_500_215,112,56.55722150302764
poi_500_215,poi_500_215,113,55.6834107371381
poi_500_215,poi_500_215,114,55.43471282593228
poi_500_215,poi_500_215,115,55.20458870807472
poi_500_215,poi_500_215,116,54.998488182568906
poi_500_215,poi_500_215,117,54.81783737912075
poi_500_215,poi_500_215,118,54.66024906689914
poi_500_215,poi_500_215,119,56.8462526055103
poi_500_215,poi_500_215,120,56.20253220455584
poi_500_215,poi_500_215,121,56.115471158742025
poi_500_215,poi_500_215,122,56.08128298038807
poi_500_215,poi_500_215,123,56.10547625590482
poi_500_215,poi_500_215,124,56.18748142145593
poi_500_215,poi_500_215,125,55.227183369190854
poi_500_215,poi_500_215,126,54.96767183078066
poi_500_215,poi_500_215,127,54.743891920695305
poi_500_215,poi_500_215,128,54.558489573375155
poi_500_215,poi_500_215,129,54.40817355685235
poi_500_215,poi_500_215,130,54.285666624074096
poi_500_215,poi_500_215,131,53.81269735684975
poi_500_215,poi_500_215,132,52.61442699087282
poi_500_215,poi_500_215,133,52.5199819468225
poi_500_215,poi_500_215,134,52.4387163097859
poi_500_215,poi_500_215,135,52.38154931367425
poi_500_215,poi_500_215,136,52.355108976097604
poi_500_215,poi_500_215,137,56.85197516640557
poi_500_215,poi_500_215,138,55.81466850891066
poi_500_215,poi_500_215,139,55.745771039740276
poi_500_215,poi_500_215,140,55.74228487259199
poi_500_215,poi_500_215,141,55.80466413693408
poi_500_215,poi_500_215,142,55.92736326764037
poi_500_215,poi_500_215,143,52.40613947845071
poi_500_215,poi_500_215,144,52.415099332493256
poi_500_215,poi_500_215,145,52.45237238993618
poi_500_215,poi_500_215,146,52.513078977813386
poi_500_215,poi_500_215,147,52.588001377939875
poi_500_215,poi_500_215,148,52.666223256494135
poi_500_215,poi_500_215,149,54.44250971353529
poi_500_215,poi_500_215,150,52.61442699087282
poi_500_215,poi_500_215,151,52.5199819468225
poi_500_215,poi_500_215,152,52.4387163097859
poi_500_215,poi_500_215,153,52.38154931367425
poi_500_215,poi_500_215,154,52.355108976097604
poi_500_215,poi_500_215,155,56.02502552428171
poi_500_215,poi_500_215,156,54.57027567866315
poi_500_215,poi_500_215,157,54.273494144079244
poi_500_215,poi_500_215,158,54.0169962458873
poi_500_215,poi_500_215,159,53.80610368742113
poi_500_215,poi_500_215,160,53.642285750027156
poi_500_215,poi_500_215,161,53.08942326482753
poi_500_215,poi_500_215,162,51.67136326251415
poi_500_215,poi_500_215,163,51.622223340621986
poi_500_215,poi_500_215,164,51.61003044335566
poi_500_215,poi_500_215,165,51.63599593910388
poi_500_215,poi_500_215,166,51.69755752472699
poi_500_215,poi_500_215,167,53.82419627636751
poi_500_215,poi_500_215,168,51.67136326251415
poi_500_215,poi_500_215,169,51.622223340621986
poi_500_215,poi_500_215,170,51.61003044335566
poi_500_215,poi_500_215,171,51.63599593910388
poi_500_215,poi_500_215,172,51.69755752472699
poi_500_215,poi_500_215,173,55.12161627061179
poi_500_215,poi_500_215,174,53.8377667623297
poi_500_215,poi_500_215,175,54.035346097450194
poi_500_215,poi_500_215,176,54.2793206901736
poi_500_215,poi_500_215,177,54.565546604789155
poi_500_215,poi_500_215,178,54.885557784723034
poi_500_215,poi_500_215,179,53.25458752015172
poi_500_215,poi_500_215,180,52.415099332493256
poi_500_215,poi_500_215,181,52.45237238993618
poi_500_215,poi_500_215,182,52.513078977813386
poi_500_215,poi_500_215,183,52.588001377939875
poi_500_215,poi_500_215,184,52.666223256494135
poi_500_215,poi_500_215,185,54.44250971353529
poi_500_215,poi_500_215,186,52.61442699087282
poi_500_215,poi_500_215,187,52.5199819468225
poi_500_215,poi_500_215,188,52.4387163097859
poi_500_215,poi_500_215,189,52.38154931367425
poi_500_215,poi_500_215,190,52.355108976097604
poi_500_215,poi_500_215,191,56.02502552428171
poi_500_215,poi_500_215,192,54.57027567866315
poi_500_215,poi_500_215,193,54.273494144079244
poi_500_215,poi_500_215,194,54.0169962458873
poi_500_215,poi_500_215,195,53.80610368742113
poi_500_215,poi_500_215,196,53.642285750027156
poi_500_215,poi_500_215,197,54.58882427873138
poi_500_215,poi_500_215,198,53.8377667623297
poi_500_215,poi_500_215,199,54.035346097450194
poi_500_215,poi_500_215,200,54.2793206901736
poi_500_215,poi_500_215,201,54.565546604789155
poi_500_215,poi_500_215,202,54.885557784723034
poi_500_215,poi_500_215,203,54.7064135281538
poi_500_215,poi_500_215,204,54.30437925867974
poi_500_215,poi_500_215,205,54.530800853575876
poi_500_215,poi_500_215,206,54.79087067542725
poi_500_215,poi_500_215,207,55.07647159484445
poi_500_215,poi_500_215,208,55.37746111430331
poi_500_215,poi_500_215,209,53.95292790928583
poi_500_215,poi_500_215,210,53.222651279912256
poi_500_215,poi_500_215,211,53.20667356814407
poi_500_215,poi_500_215,212,53.19776876585155
poi_500_215,poi_500_215,213,53.196564469048084
poi_500_215,poi_500_215,214,53.20003895518052
poi_500_215,poi_500_215,215,56.40795687237288
poi_500_215,poi_500_215,216,55.079540729965395
poi_500_215,poi_500_215,217,54.783908378290775
poi_500_215,poi_500_215,218,54.51220746596314
poi_500_215,poi_500_215,219,54.273514409375174
poi_500_215,poi_500_215,220,54.073799762690726
poi_500_215,poi_500_215,221,55.597408583995886
poi_500_215,poi_500_215,222,54.57027567866315
poi_500_215,poi_500_215,223,54.273494144079244
poi_500_215,poi_500_215,224,54.0169962458873
poi_500_215,poi_500_215,225,53.80610368742113
poi_500_215,poi_500_215,226,53.642285750027156
poi_500_215,poi_500_215,227,54.58882427873138
poi_500_215,poi_500_215,228,53.8377667623297
poi_500_215,poi_500_215,229,54.035346097450194
poi_500_215,poi_500_215,230,54.2793206901736
poi_500_215,poi_500_215,231,54.565546604789155
poi_500_215,poi_500_215,232,54.885557784723034
poi_500_215,poi_500_215,233,53.25458752015172
poi_500_215,poi_500_215,234,52.415099332493256
poi_500_215,poi_500_215,235,52.45237238993618
poi_500_215,poi_500_215,236,52.513078977813386
poi_500_215,poi_500_215,237,52.588001377939875
poi_500_215,poi_500_215,238,52.666223256494135
poi_500_215,poi_500_215,239,55.588486801144796
poi_500_215,poi_500_215,240,54.43443368110661
poi_500_215,poi_500_215,241,54.57282002208672
poi_500_215,poi_500_215,242,54.7470121479609
poi_500_215,poi_500_215,243,54.96127555027126
poi_500_215,poi_500_215,244,55.21359050335721
poi_500_215,poi_500_215,245,55.69088876044332
poi_500_215,poi_500_215,246,54.96767183078066
poi_500_215,poi_500_215,247,54.743891920695305
poi_500_215,poi_500_215,248,54.558489573375155
poi_500_215,poi_500_215,249,54.40817355685235
poi_500_215,poi_500_215,250,54.285666624074096
poi_500_215,poi_500_215,251,55.1130898556149
poi_500_215,poi_500_215,252,54.43443368110661
poi_500_215,poi_500_215,253,54.57282002208672
poi_500_215,poi_500_215,254,54.7470121479609
poi_500_215,poi_500_215,255,54.96127555027126
poi_500_215,poi_500_215,256,55.21359050335721
poi_500_215,poi_500_215,257,55.69088876044332
poi_500_215,poi_500_215,258,54.96767183078066
poi_500_215,poi_500_215,259,54.743891920695305
poi_500_215,poi_500_215,260,54.558489573375155
poi_500_215,poi_500_215,261,54.40817355685235
poi_500_215,poi_500_215,262,54.285666624074096
poi_500_215,poi_500_215,263,53.81269735684975
poi_500_215,poi_500_215,264,52.61442699087282
poi_500_215,poi_500_215,265,52.5199819468225
poi_500_215,poi_500_215,266,52.4387163097859
poi_500_215,poi_500_215,267,52.38154931367425
poi_500_215,poi_500_215,268,52.355108976097604
poi_500_215,poi_500_215,269,56.85197516640557
poi_500_215,poi_500_215,270,55.81466850891066
poi_500_215,poi_500_215,271,55.745771039740276
poi_500_215,poi_500_215,272,55.74228487259199
poi_500_215,poi_500_215,273,55.80466413693408
poi_500_215,poi_500_215,274,55.92736326764037
poi_500_215,poi_500_215,275,52.40613947845071
poi_500_215,poi_500_215,276,52.415099332493256
poi_500_215,poi_500_215,277,52.45237238993618
poi_500_215,poi_500_215,278,52.513078977813386
poi_500_215,poi_500_215,279,52.588001377939875
poi_500_215,poi_500_215,280,52.666223256494135
poi_500_215,poi_500_215,281,55.588486801144796
poi_500_215,poi_500_215,282,54.43443368110661
poi_500_215,poi_500_215,283,54.57282002208672
poi_500_215,poi_500_215,284,54.7470121479609
poi_500_215,poi_500_215,285,54.96127555027126
poi_500_215,poi_500_215,286,55.21359050335721
poi_500_215,poi_500_215,287,56.577644796912
poi_500_215,poi_500_215,288,56.11640746945565
poi_500_215,poi_500_215,289,56.086057236357185
poi_500_215,poi_500_215,290,56.11358321836529
poi_500_215,poi_500_215,291,56.19426198813972
poi_500_215,poi_500_215,292,56.31892593782672
poi_500_215,poi_500_215,293,53.24147462554685
poi_500_215,poi_500_215,294,53.222651279912256
poi_500_215,poi_500_215,295,53.20667356814407
poi_500_215,poi_500_215,296,53.19776876585155
poi_500_215,poi_500_215,297,53.196564469048084
poi_500_215,poi_500_215,298,53.20003895518052
poi_500_215,poi_500_215,299,57.17088657576354
poi_500_215,poi_500_215,300,56.20253220455584
poi_500_215,poi_500_215,301,56.115471158742025
poi_500_215,poi_500_215,302,56.08128298038807
poi_500_215,poi_500_215,303,56.10547625590482
poi_500_215,poi_500_215,304,56.18748142145593
poi_500_215,poi_500_215,305,55.227183369190854
poi_500_215,poi_500_215,306,54.96767183078066
poi_500_215,poi_500_215,307,54.743891920695305
poi_500_215,poi_500_215,308,54.558489573375155
poi_500_215,poi_500_215,309,54.40817355685235
poi_500_215,poi_500_215,310,54.285666624074096
poi_500_215,poi_500_215,311,53.81269735684975
poi_500_215,poi_500_215,312,52.61442699087282
poi_500_215,poi_500_215,313,52.5199819468225
poi_500_215,poi_500_215,314,52.4387163097859
poi_500_215,poi_500_215,315,52.38154931367425
poi_500_215,poi_500_215,316,52.355108976097604
poi_500_215,poi_500_215,317,56.85197516640557
poi_500_215,poi_500_215,318,55.81466850891066
poi_500_215,poi_500_215,319,55.745771039740276
poi_500_215,poi_500_215,320,55.74228487259199
poi_500_215,poi_500_215,321,55.80466413693408
poi_500_215,poi_500_215,322,55.92736326764037
poi_500_215,poi_500_215,323,54.116377522349815
poi_500_215,poi_500_215,324,54.30437925867974
poi_500_215,poi_500_215,325,54.530800853575876
poi_500_215,poi_500_215,326,54.79087067542725
poi_500_215,poi_500_215,327,55.07647159484445
poi_500_215,poi_500_215,328,55.37746111430331
poi_500_215,poi_500_215,329,53.95292790928583
poi_500_215,poi_500_215,330,53.222651279912256
poi_500_215,poi_500_215,331,53.20667356814407
poi_500_215,poi_500_215,332,53.19776876585155
poi_500_215,poi_500_215,333,53.196564469048084
poi_500_215,poi_500_215,334,53.20003895518052
poi_500_215,poi_500_215,335,56.40795687237288
poi_500_215,poi_500_215,336,55.079540729965395
poi_500_215,poi_500_215,337,54.783908378290775
poi_500_215,poi_500_215,338,54.51220746596314
poi_500_215,poi_500_215,339,54.273514409375174
poi_500_215,poi_500_215,340,54.073799762690726
poi_500_215,poi_500_215,341,55.597408583995886
poi_500_215,poi_500_215,342,54.57027567866315
poi_500_215,poi_500_215,343,54.273494144079244
poi_500_215,poi_500_215,344,54.0169962458873
poi_500_215,poi_500_215,345,53.80610368742113
poi_500_215,poi_500_215,346,53.642285750027156
poi_500_215,poi_500_215,347,53.08942326482753
poi_500_215,poi_500_215,348,51.67136326251415
poi_500_215,poi_500_215,349,51.622223340621986
poi_500_215,poi_500_215,350,51.61003044335566
poi_500_215,poi_500_215,351,51.63599593910388
poi_500_215,poi_500_215,352,51.69755752472699
poi_500_215,poi_500_215,353,53.82419627636751
poi_500_215,poi_500_215,354,51.67136326251415
poi_500_215,poi_500_215,355,51.622223340621986
poi_500_215,poi_500_215,356,51.61003044335566
poi_500_215,poi_500_215,357,51.63599593910388
poi_500_215,poi_500_215,358,51.69755752472699
poi_500_215,poi_500_215,359,55.12161627061179
poi_500_215,poi_500_215,360,53.8377667623297
poi_500_215,poi_500_215,361,54.035346097450194
poi_500_215,poi_500_215,362,54.2793206901736
poi_500_215,poi_500_215,363,54.565546604789155
poi_500_215,poi_500_215,364,54.885557784723034
poi_500_215,poi_500_215,365,54.7064135281538
poi_500_215,poi_500_215,366,54.30437925867974
poi_500_215,poi_500_215,367,54.530800853575876
poi_500_215,poi_500_215,368,54.79087067542725
poi_500_215,poi_500_215,369,55.07647159484445
poi_500_215,poi_500_215,370,55.37746111430331
poi_500_215,poi_500_215,371,53.95292790928583
poi_500_215,poi_500_215,372,53.222651279912256
poi_500_215,poi_500_215,373,53.20667356814407
poi_500_215,poi_500_215,374,53.19776876585155
poi_500_215,poi_500_215,375,53.196564469048084
poi_500_215,poi_500_215,376,53.20003895518052
poi_500_215,poi_500_215,377,56.40795687237288
poi_500_215,poi_500_215,378,55.079540729965395
poi_500_215,poi_500_215,379,54.783908378290775
poi_500_215,poi_500_215,380,54.51220746596314
poi_500_215,poi_500_215,381,54.273514409375174
poi_500_215,poi_500_215,382,54.073799762690726
poi_500_215,poi_500_215,383,56.50158136515319
poi_500_215,poi_500_215,384,55.81466850891066
poi_500_215,poi_500_215,385,55.745771039740276
poi_500_215,poi_500_215,386,55.74228487259199
poi_500_215,poi_500_215,387,55.80466413693408
poi_500_215,poi_500_215,388,55.92736326764037
poi_500_215,poi_500_215,389,54.116377522349815
poi_500_215,poi_500_215,390,54.30437925867974
poi_500_215,poi_500_215,391,54.530800853575876
poi_500_215,poi_500_215,392,54.79087067542725
poi_500_215,poi_500_215,393,55.07647159484445
poi_500_215,poi_500_215,394,55.37746111430331
poi_500_215,poi_500_215,395,55.21746677877415
poi_500_215,poi_500_215,396,54.8438791466087
poi_500_215,poi_500_215,397,55.01342398497179
poi_500_215,poi_500_215,398,55.20901288068677
poi_500_215,poi_500_215,399,55.43001670199161
poi_500_215,poi_500_215,400,55.671527522388715
poi_500_215,poi_500_215,401,56.91655942156853
poi_500_215,poi_500_215,402,56.4792949884656
poi_500_215,poi_500_215,403,56.42896620409371
poi_500_215,poi_500_215,404,56.42577710550924
poi_500_215,poi_500_215,405,56.47006551005291
poi_500_215,poi_500_215,406,56.55722150302764
poi_500_215,poi_500_215,407,55.6834107371381
poi_500_215,poi_500_215,408,55.43471282593228
poi_500_215,poi_500_215,409,55.20458870807472
poi_500_215,poi_500_215,410,54.998488182568906
poi_500_215,poi_500_215,411,54.81783737912075
poi_500_215,poi_500_215,412,54.66024906689914
poi_500_215,poi_500_215,413,56.8462526055103
poi_500_215,poi_500_215,414,56.20253220455584
poi_500_215,poi_500_215,415,56.115471158742025
poi_500_215,poi_500_215,416,56.08128298038807
poi_500_215,poi_500_215,417,56.10547625590482
poi_500_215,poi_500_215,418,56.18748142145593
poi_500_215,poi_500_215,419,56.203391315140074
poi_500_215,poi_500_215,420,56.11640746945565
poi_500_215,poi_500_215,421,56.086057236357185
poi_500_215,poi_500_215,422,56.11358321836529
poi_500_215,poi_500_215,423,56.19426198813972
poi_500_215,poi_500_215,424,56.31892593782672
poi_500_215,poi_500_215,425,54.697030791169716
poi_500_215,poi_500_215,426,54.8438791466087
poi_500_215,poi_500_215,427,55.01342398497179
poi_500_215,poi_500_215,428,55.20901288068677
poi_500_215,poi_500_215,429,55.43001670199161
poi_500_215,poi_500_215,430,55.671527522388715
poi_500_215,poi_500_215,431,56.91655942156853
poi_500_215,poi_500_215,432,56.4792949884656
poi_500_215,poi_500_215,433,56.42896620409371
poi_500_215,poi_500_215,434,56.42577710550924
poi_500_215,poi_500_215,435,56.47006551005291
poi_500_215,poi_500_215,436,56.55722150302764
poi_500_215,poi_500_215,437,55.6834107371381
poi_500_215,poi_500_215,438,55.43471282593228
poi_500_215,poi_500_215,439,55.20458870807472
poi_500_215,poi_500_215,440,54.998488182568906
poi_500_215,poi_500_215,441,54.81783737912075
poi_500_215,poi_500_215,442,54.66024906689914
poi_500_215,poi_500_215,443,56.8462526055103
poi_500_215,poi_500_215,444,56.20253220455584
poi_500_215,poi_500_215,445,56.115471158742025
poi_500_215,poi_500_215,446,56.08128298038807
poi_500_215,poi_500_215,447,56.10547625590482
poi_500_215,poi_500_215,448,56.18748142145593
poi_500_215,poi_500_215,449,56.203391315140074
poi_500_215,poi_500_215,450,56.11640746945565
poi_500_215,poi_500_215,451,56.086057236357185
poi_500_215,poi_500_215,452,56.11358321836529
poi_500_215,poi_500_215,453,56.19426198813972
poi_500_215,poi_500_215,454,56.31892593782672
poi_500_215,poi_500_215,455,54.697030791169716
poi_500_215,poi_500_215,456,54.8438791466087
poi_500_215,poi_500_215,457,55.01342398497179
poi_500_215,poi_500_215,458,55.20901288068677
poi_500_215,poi_500_215,459,55.43001670199161
poi_500_215,poi_500_215,460,55.671527522388715
poi_500_215,poi_500_215,461,56.10303520698874
poi_500_215,poi_500_215,462,55.43471282593228
poi_500_215,poi_500_215,463,55.20458870807472
poi_500_215,poi_500_215,464,54.998488182568906
poi_500_215,poi_500_215,465,54.81783737912075
poi_500_215,poi_500_215,466,54.66024906689914
poi_500_215,poi_500_215,467,56.8462526055103
poi_500_215,poi_500_215,468,56.20253220455584
poi_500_215,poi_500_215,469,56.115471158742025
poi_500_215,poi_500_215,470,56.08128298038807
poi_500_215,poi_500_215,471,56.10547625590482
poi_500_215,poi_500_215,472,56.18748142145593
poi_500_215,poi_500_215,473,55.227183369190854
poi_500_215,poi_500_215,474,54.96767183078066
poi_500_215,poi_500_215,475,54.743891920695305
poi_500_215,poi_500_215,476,54.558489573375155
poi_500_215,poi_500_215,477,54.40817355685235
poi_500_215,poi_500_215,478,54.285666624074096
poi_500_215,poi_500_215,479,55.1130898556149
poi_500_215,poi_500_215,480,54.43443368110661
poi_500_215,poi_500_215,481,54.57282002208672
poi_500_215,poi_500_215,482,54.7470121479609
poi_500_215,poi_500_215,483,54.96127555027126
poi_500_215,poi_500_215,484,55.21359050335721
poi_500_215,poi_500_215,485,55.69088876044332
poi_500_215,poi_500_215,486,54.96767183078066
poi_500_215,poi_500_215,487,54.743891920695305
poi_500_215,poi_500_215,488,54.558489573375155
poi_500_215,poi_500_215,489,54.40817355685235
poi_500_215,poi_500_215,490,54.285666624074096
poi_500_215,poi_500_215,491,53.81269735684975
poi_500_215,poi_500_215,492,52.61442699087282
poi_500_215,poi_500_215,493,52.5199819468225
poi_500_215,poi_500_215,494,52.4387163097859
poi_500_215,poi_500_215,495,52.38154931367425
poi_500_215,poi_500_215,496,52.355108976097604
poi_500_215,poi_500_215,497,56.85197516640557
poi_500_215,poi_500_215,498,55.81466850891066
poi_500_215,poi_500_215,499,55.745771039740276
poi_500_215,poi_500_215,500,55.74228487259199
poi_500_215,poi_500_215,501,55.80466413693408
poi_500_215,poi_500_215,502,55.92736326764037
poi_500_215,poi_500_215,503,54.116377522349815
poi_500_215,poi_500_215,504,54.30437925867974
poi_500_215,poi_500_215,505,54.530800853575876
poi_500_215,poi_500_215,506,54.79087067542725
poi_500_215,poi_500_215,507,55.07647159484445
poi_500_215,poi_500_215,508,55.37746111430331
poi_500_215,poi_500_215,509,53.95292790928583
poi_500_215,poi_500_215,510,53.222651279912256
poi_500_215,poi_500_215,511,53.20667356814407
poi_500_215,poi_500_215,512,53.19776876585155
poi_500_215,poi_500_215,513,53.196564469048084
poi_500_215,poi_500_215,514,53.20003895518052
poi_500_215,poi_500_215,515,56.40795687237288
poi_500_215,poi_500_215,516,55.079540729965395
poi_500_215,poi_500_215,517,54.783908378290775
poi_500_215,poi_500_215,518,54.51220746596314
poi_500_215,poi_500_215,519,54.273514409375174
poi_500_215,poi_500_215,520,54.073799762690726
poi_500_215,poi_500_215,521,55.597408583995886
poi_500_215,poi_500_215,522,54.57027567866315
poi_500_215,poi_500_215,523,54.273494144079244
poi_500_215,poi_500_215,524,54.0169962458873
poi_500_215,poi_500_215,525,53.80610368742113
poi_500_215,poi_500_215,526,53.642285750027156
poi_500_215,poi_500_215,527,54.58882427873138
poi_500_215,poi_500_215,528,53.8377667623297
poi_500_215,poi_500_215,529,54.035346097450194
poi_500_215,poi_500_215,530,54.2793206901736
poi_500_215,poi_500_215,531,54.565546604789155
poi_500_215,poi_500_215,532,54.885557784723034
poi_500_215,poi_500_215,533,54.7064135281538
poi_500_215,poi_500_215,534,54.30437925867974
poi_500_215,poi_500_215,535,54.530800853575876
poi_500_215,poi_500_215,536,54.79087067542725
poi_500_215,poi_500_215,537,55.07647159484445
poi_500_215,poi_500_215,538,55.37746111430331
poi_500_215,poi_500_215,539,55.21746677877415
poi_500_215,poi_500_215,540,54.8438791466087
poi_500_215,poi_500_215,541,55.01342398497179
poi_500_215,poi_500_215,542,55.20901288068677
poi_500_215,poi_500_215,543,55.43001670199161
poi_500_215,poi_500_215,544,55.671527522388715
poi_500_215,poi_500_215,545,56.10303520698874
poi_500_215,poi_500_215,546,55.43471282593228
poi_500_215,poi_500_215,547,55.20458870807472
poi_500_215,poi_500_215,548,54.998488182568906
poi_500_215,poi_500_215,549,54.81783737912075
poi_500_215,poi_500_215,550,54.66024906689914
poi_500_215,poi_500_215,551,56.8462526055103
poi_500_215,poi_500_215,552,56.20253220455584
poi_500_215,poi_500_215,553,56.115471158742025
poi_500_215,poi_500_215,554,56.08128298038807
poi_500_215,poi_500_215,555,56.10547625590482
poi_500_215,poi_500_215,556,56.18748142145593
poi_500_215,poi_500_215,557,56.203391315140074
poi_500_215,poi_500_215,558,56.11640746945565
poi_500_215,poi_500_215,559,56.086057236357185
poi_500_215,poi_500_215,560,56.11358321836529
poi_500_215,poi_500_215,561,56.19426198813972
poi_500_215,poi_500_215,562,56.31892593782672
poi_500_215,poi_500_215,563,54.697030791169716
poi_500_215,poi_500_215,564,54.8438791466087
poi_500_215,poi_500_215,565,55.01342398497179
poi_500_215,poi_500_215,566,55.20901288068677
poi_500_215,poi_500_215,567,55.43001670199161
poi_500_215,poi_500_215,568,55.671527522388715
poi_500_215,poi_500_215,569,56.10303520698874
poi_500_215,poi_500_215,570,55.43471282593228
poi_500_215,poi_500_215,571,55.20458870807472
poi_500_215,poi_500_215,572,54.998488182568906
poi_500_215,poi_500_215,573,54.81783737912075
poi_500_215,poi_500_215,574,54.66024906689914
poi_500_215,poi_500_215,575,56.01810170960283
poi_500_215,poi_500_215,576,55.079540729965395
poi_500_215,poi_500_215,577,54.783908378290775
poi_500_215,poi_500_215,578,54.51220746596314
poi_500_215,poi_500_215,579,54.273514409375174
poi_500_215,poi_500_215,580,54.073799762690726
poi_500_215,poi_500_215,581,55.597408583995886
poi_500_215,poi_500_215,582,54.57027567866315
poi_500_215,poi_500_215,583,54.273494144079244
poi_500_215,poi_500_215,584,54.0169962458873
poi_500_215,poi_500_215,585,53.80610368742113
poi_500_215,poi_500_215,586,53.642285750027156
poi_500_215,poi_500_215,587,53.08942326482753
poi_500_215,poi_500_215,588,51.67136326251415
poi_500_215,poi_500_215,589,51.622223340621986
poi_500_215,poi_500_215,590,51.61003044335566
poi_500_215,poi_500_215,591,51.63599593910388
poi_500_215,poi_500_215,592,51.69755752472699
poi_500_215,poi_500_215,593,53.82419627636751
poi_500_215,poi_500_215,594,51.67136326251415
poi_500_215,poi_500_215,595,51.622223340621986
poi_500_215,poi_500_215,596,51.61003044335566
poi_500_215,poi_500_215,597,51.63599593910388
poi_500_215,poi_500_215,598,51.69755752472699
poi_500_215,poi_500_215,599,55.12161627061179
poi_500_25,poi_500_25,0,40.0
poi_500_25,poi_500_25,1,40.0
poi_500_25,poi_500_25,2,40.0
poi_500_25,poi_500_25,3,40.0
poi_500_25,poi_500_25,4,40.0
poi_500_25,poi_500_25,5,40.0
poi_500_25,poi_500_25,6,40.0
poi_500_25,poi_500_25,7,40.0
poi_500_25,poi_500_25,8,40.0
poi_500_25,poi_500_25,9,51.023501642226314
poi_500_25,poi_500_25,10,51.637837028812044
poi_500_25,poi_500_25,11,52.31008217740616
poi_500_25,poi_500_25,12,46.18274388161144
poi_500_25,poi_500_25,13,46.80745604302034
poi_500_25,poi_500_25,14,47.52371802769175
poi_500_25,poi_500_25,15,50.33284140112899
poi_500_25,poi_500_25,16,51.13127156518654
poi_500_25,poi_500_25,17,52.07844470524077
poi_500_25,poi_500_25,18,53.22383619272733
poi_500_25,poi_500_25,19,53.611629801758774
poi_500_25,poi_500_25,20,56.07208000217793
poi_500_25,poi_500_25,21,60.23048038264638
poi_500_25,poi_500_25,22,65.27694297515016
poi_500_25,poi_500_25,23,66.0253030577228
poi_500_25,poi_500_25,24,60.520572809975974
poi_500_25,poi_500_25,25,57.20707890891384
poi_500_25,poi_500_25,26,55.731181720199956
poi_500_25,poi_500_25,27,56.62365158791131
poi_500_25,poi_500_25,28,59.270415538002354
poi_500_25,poi_500_25,29,61.874953793397395
poi_500_25,poi_500_25,30,58.166149653962705
poi_500_25,poi_500_25,31,56.33196598108264
poi_500_25,poi_500_25,32,57.23625716037803
poi_500_25,poi_500_25,33,60.60705606482968
poi_500_25,poi_500_25,34,65.54431085059261
poi_500_25,poi_500_25,35,66.21708883112338
poi_500_25,poi_500_25,36,61.08264099525932
poi_500_25,poi_500_25,37,57.395584196757696
poi_500_25,poi_500_25,38,55.965772995651264
poi_500_25,poi_500_25,39,57.52423942173428
poi_500_25,poi_500_25,40,60.008293730101265
poi_500_25,poi_500_25,41,62.324276029008075
poi_500_25,poi_500_25,42,58.334093489359766
poi_500_25,poi_500_25,43,56.95684191698746
poi_500_25,poi_500_25,44,57.51390278312948
poi_500_25,poi_500_25,45,60.76988179937664
poi_500_25,poi_500_25,46,65.61268246360393
poi_500_25,poi_500_25,47,66.29567931115476
poi_500_25,poi_500_25,48,61.43315158314018
poi_500_25,poi_500_25,49,58.46962161239589
poi_500_25,poi_500_25,50,58.361646625938704
poi_500_25,poi_500_25,51,60.753420485353004
poi_500_25,poi_500_25,52,65.43611076374782
poi_500_25,poi_500_25,53,66.12479533810014
poi_500_25,poi_500_25,54,61.35006834702353
poi_500_25,poi_500_25,55,58.73445962285675
poi_500_25,poi_500_25,56,58.31857990177011
poi_500_25,poi_500_25,57,60.67774408924258
poi_500_25,poi_500_25,58,65.51242633299955
poi_500_25,poi_500_25,59,66.150455587974
poi_500_25,poi_500_25,60,61.28127870665077
poi_500_25,poi_500_25,61,57.44388784074668
poi_500_25,poi_500_25,62,55.89072751981444
poi_500_25,poi_500_25,63,56.60793035490984
poi_500_25,poi_500_25,64,59.833641155654334
poi_500_25,poi_500_25,65,62.07417164155744
poi_500_25,poi_500_25,66,58.30326505829553
poi_500_25,poi_500_25,67,54.404403052035576
poi_500_25,poi_500_25,68,53.773809031602596
poi_500_25,poi_500_25,69,56.42516072025492
poi_500_25,poi_500_25,70,59.95037686059931
poi_500_25,poi_500_25,71,62.24252067444085
poi_500_25,poi_500_25,72,57.899624533896386
poi_500_25,poi_500_25,73,54.30658997874488
poi_500_25,poi_500_25,74,53.89533899672827
poi_500_25,poi_500_25,75,56.623787992531476
poi_500_25,poi_500_25,76,59.66919242773314
poi_500_25,poi_500_25,77,62.179142893797746
poi_500_25,poi_500_25,78,58.04811104383756
poi_500_25,poi_500_25,79,56.64317936542795
poi_500_25,poi_500_25,80,57.29143534378337
poi_500_25,poi_500_25,81,60.34848415019055
poi_500_25,poi_500_25,82,65.34161348490716
poi_500_25,poi_500_25,83,66.06488937522512
poi_500_25,poi_500_25,84,61.2096173405389
poi_500_25,poi_500_25,85,58.52870030679496
poi_500_25,poi_500_25,86,58.134548501050354
poi_500_25,poi_500_25,87,60.90794722994113
poi_500_25,poi_500_25,88,65.49115514659093
poi_500_25,poi_500_25,89,66.17058347988272
poi_500_25,poi_500_25,90,60.93466938456426
poi_500_25,poi_500_25,91,57.93526983303479
poi_500_25,poi_500_25,92,56.26497038052891
poi_500_25,poi_500_25,93,57.70024712989197
poi_500_25,poi_500_25,94,60.495169193424005
poi_500_25,poi_500_25,95,62.57310479550064
poi_500_25,poi_500_25,96,58.852583604341945
poi_500_25,poi_500_25,97,56.610236130769024
poi_500_25,poi_500_25,98,57.51390278312948
poi_500_25,poi_500_25,99,60.76988179937664
poi_500_25,poi_500_25,100,65.61268246360393
poi_500_25,poi_500_25,101,66.29567931115476
poi_500_25,poi_500_25,102,61.43315158314018
poi_500_25,poi_500_25,103,58.46962161239589
poi_500_25,poi_500_25,104,58.361646625938704
poi_500_25,poi_500_25,105,61.06006245737185
poi_500_25,poi_500_25,106,65.5603620664144
poi_500_25,poi_500_25,107,66.25001235820177
poi_500_25,poi_500_25,108,61.29683529393138
poi_500_25,poi_500_25,109,58.89666657470316
poi_500_25,poi_500_25,110,58.536488226381536
poi_500_25,poi_500_25,111,60.83798894173149
poi_500_25,poi_500_25,112,65.58129778194896
poi_500_25,poi_500_25,113,66.23025007415107
poi_500_25,poi_500_25,114,61.61670827613182
poi_500_25,poi_500_25,115,58.507387864941485
poi_500_25,poi_500_25,116,58.31857990177011
poi_500_25,poi_500_25,117,60.989587159698324
poi_500_25,poi_500_25,118,65.63454346794451
poi_500_25,poi_500_25,119,66.27494541773055
poi_500_25,poi_500_25,120,61.22719044654125
poi_500_25,poi_500_25,121,57.66084267527439
poi_500_25,poi_500_25,122,56.26497038052891
poi_500_25,poi_500_25,123,57.005814170184586
poi_500_25,poi_500_25,124,60.08300752626561
poi_500_25,poi_500_25,125,62.27531293137419
poi_500_25,poi_500_25,126,58.945611080534974
poi_500_25,poi_500_25,127,56.33196598108264
poi_500_25,poi_500_25,128,57.23625716037803
poi_500_25,poi_500_25,129,60.26534103867962
poi_500_25,poi_500_25,130,65.419592804623
poi_500_25,poi_500_25,131,66.09090496601381
poi_500_25,poi_500_25,132,61.13854807702217
poi_500_25,poi_500_25,133,57.164595437916674
poi_500_25,poi_500_25,134,55.563565009536795
poi_500_25,poi_500_25,135,57.172990063908784
poi_500_25,poi_500_25,136,59.75447134925556
poi_500_25,poi_500_25,137,62.125442126263806
poi_500_25,poi_500_25,138,57.585790765200116
poi_500_25,poi_500_25,139,55.342833996734164
poi_500_25,poi_500_25,140,54.367639003914405
poi_500_25,poi_500_25,141,55.976607996042986
poi_500_25,poi_500_25,142,59.7499176898164
poi_500_25,poi_500_25,143,62.12850615576347
poi_500_25,poi_500_25,144,58.69828226863763
poi_500_25,poi_500_25,145,55.96767470290054
poi_500_25,poi_500_25,146,56.99869397311204
poi_500_25,poi_500_25,147,60.16871954422099
poi_500_25,poi_500_25,148,65.26880128520861
poi_500_25,poi_500_25,149,65.98196832527721
poi_500_25,poi_500_25,150,60.83978285307427
poi_500_25,poi_500_25,151,57.47109531256263
poi_500_25,poi_500_25,152,55.563565009536795
poi_500_25,poi_500_25,153,56.380249232572915
poi_500_25,poi_500_25,154,59.26115605926035
poi_500_25,poi_500_25,155,61.794052662664384
poi_500_25,poi_500_25,156,57.70987911499083
poi_500_25,poi_500_25,157,54.96606978249889
poi_500_25,poi_500_25,158,53.773809031602596
poi_500_25,poi_500_25,159,55.46584120794138
poi_500_25,poi_500_25,160,59.480043056472255
poi_500_25,poi_500_25,161,61.92028093917359
poi_500_25,poi_500_25,162,58.0151762570363
poi_500_25,poi_500_25,163,53.82244620760768
poi_500_25,poi_500_25,164,53.22778046871777
poi_500_25,poi_500_25,165,55.167272328737845
poi_500_25,poi_500_25,166,58.85533798276259
poi_500_25,poi_500_25,167,61.629712557866355
poi_500_25,poi_500_25,168,57.37796146713788
poi_500_25,poi_500_25,169,54.45901207899083
poi_500_25,poi_500_25,170,53.22778046871777
poi_500_25,poi_500_25,171,56.18742061831391
poi_500_25,poi_500_25,172,59.39409076835198
poi_500_25,poi_500_25,173,61.97338948454531
poi_500_25,poi_500_25,174,57.24386394494885
poi_500_25,poi_500_25,175,54.880240964760674
poi_500_25,poi_500_25,176,53.89533899672827
poi_500_25,poi_500_25,177,55.71219768985244
poi_500_25,poi_500_25,178,59.16550494410441
poi_500_25,poi_500_25,179,61.85198319219068
poi_500_25,poi_500_25,180,58.1598283187844
poi_500_25,poi_500_25,181,56.36708032493245
poi_500_25,poi_500_25,182,56.99869397311204
poi_500_25,poi_500_25,183,60.16871954422099
poi_500_25,poi_500_25,184,65.26880128520861
poi_500_25,poi_500_25,185,65.98196832527721
poi_500_25,poi_500_25,186,60.83978285307427
poi_500_25,poi_500_25,187,57.47109531256263
poi_500_25,poi_500_25,188,55.563565009536795
poi_500_25,poi_500_25,189,56.380249232572915
poi_500_25,poi_500_25,190,59.26115605926035
poi_500_25,poi_500_25,191,61.794052662664384
poi_500_25,poi_500_25,192,57.70987911499083
poi_500_25,poi_500_25,193,54.96606978249889
poi_500_25,poi_500_25,194,53.773809031602596
poi_500_25,poi_500_25,195,56.42516072025492
poi_500_25,poi_500_25,196,59.95037686059931
poi_500_25,poi_500_25,197,62.24252067444085
poi_500_25,poi_500_25,198,57.899624533896386
poi_500_25,poi_500_25,199,54.30658997874488
poi_500_25,poi_500_25,200,53.89533899672827
poi_500_25,poi_500_25,201,56.623787992531476
poi_500_25,poi_500_25,202,59.66919242773314
poi_500_25,poi_500_25,203,62.179142893797746
poi_500_25,poi_500_25,204,58.04811104383756
poi_500_25,poi_500_25,205,56.64317936542795
poi_500_25,poi_500_25,206,57.29143534378337
poi_500_25,poi_500_25,207,60.34848415019055
poi_500_25,poi_500_25,208,65.34161348490716
poi_500_25,poi_500_25,209,66.06488937522512
poi_500_25,poi_500_25,210,61.2096173405389
poi_500_25,poi_500_25,211,58.52870030679496
poi_500_25,poi_500_25,212,58.134548501050354
poi_500_25,poi_500_25,213,60.58996462859462
poi_500_25,poi_500_25,214,65.36487868209993
poi_500_25,poi_500_25,215,66.04302099918667
poi_500_25,poi_500_25,216,60.992501294206214
poi_500_25,poi_500_25,217,57.7319161496375
poi_500_25,poi_500_25,218,55.89072751981444
poi_500_25,poi_500_25,219,56.60793035490984
poi_500_25,poi_500_25,220,59.833641155654334
poi_500_25,poi_500_25,221,62.07417164155744
poi_500_25,poi_500_25,222,58.30326505829553
poi_500_25,poi_500_25,223,54.404403052035576
poi_500_25,poi_500_25,224,53.773809031602596
poi_500_25,poi_500_25,225,56.42516072025492
poi_500_25,poi_500_25,226,59.95037686059931
poi_500_25,poi_500_25,227,62.24252067444085
poi_500_25,poi_500_25,228,57.899624533896386
poi_500_25,poi_500_25,229,54.30658997874488
poi_500_25,poi_500_25,230,53.89533899672827
poi_500_25,poi_500_25,231,55.71219768985244
poi_500_25,poi_500_25,232,59.16550494410441
poi_500_25,poi_500_25,233,61.85198319219068
poi_500_25,poi_500_25,234,58.1598283187844
poi_500_25,poi_500_25,235,56.36708032493245
poi_500_25,poi_500_25,236,56.99869397311204
poi_500_25,poi_500_25,237,60.51782126987784
poi_500_25,poi_500_25,238,65.39786088530532
poi_500_25,poi_500_25,239,66.11131010140615
poi_500_25,poi_500_25,240,60.779866778853375
poi_500_25,poi_500_25,241,57.686728312684934
poi_500_25,poi_500_25,242,55.965772995651264
poi_500_25,poi_500_25,243,56.79854898232706
poi_500_25,poi_500_25,244,59.54453551134132
poi_500_25,poi_500_25,245,62.00826975877086
poi_500_25,poi_500_25,246,58.438776275766145
poi_500_25,poi_500_25,247,56.7005600342935
poi_500_25,poi_500_25,248,57.23625716037803
poi_500_25,poi_500_25,249,60.60705606482968
poi_500_25,poi_500_25,250,65.54431085059261
poi_500_25,poi_500_25,251,66.21708883112338
poi_500_25,poi_500_25,252,61.08264099525932
poi_500_25,poi_500_25,253,57.395584196757696
poi_500_25,poi_500_25,254,55.965772995651264
poi_500_25,poi_500_25,255,56.79854898232706
poi_500_25,poi_500_25,256,59.54453551134132
poi_500_25,poi_500_25,257,62.00826975877086
poi_500_25,poi_500_25,258,58.438776275766145
poi_500_25,poi_500_25,259,56.7005600342935
poi_500_25,poi_500_25,260,57.23625716037803
poi_500_25,poi_500_25,261,60.26534103867962
poi_500_25,poi_500_25,262,65.419592804623
poi_500_25,poi_500_25,263,66.09090496601381
poi_500_25,poi_500_25,264,61.13854807702217
poi_500_25,poi_500_25,265,57.164595437916674
poi_500_25,poi_500_25,266,55.563565009536795
poi_500_25,poi_500_25,267,57.172990063908784
poi_500_25,poi_500_25,268,59.75447134925556
poi_500_25,poi_500_25,269,62.125442126263806
poi_500_25,poi_500_25,270,57.585790765200116
poi_500_25,poi_500_25,271,55.342833996734164
poi_500_25,poi_500_25,272,54.367639003914405
poi_500_25,poi_500_25,273,55.976607996042986
poi_500_25,poi_500_25,274,59.7499176898164
poi_500_25,poi_500_25,275,62.12850615576347
poi_500_25,poi_500_25,276,58.69828226863763
poi_500_25,poi_500_25,277,55.96767470290054
poi_500_25,poi_500_25,278,56.99869397311204
poi_500_25,poi_500_25,279,60.51782126987784
poi_500_25,poi_500_25,280,65.39786088530532
poi_500_25,poi_500_25,281,66.11131010140615
poi_500_25,poi_500_25,282,60.779866778853375
poi_500_25,poi_500_25,283,57.686728312684934
poi_500_25,poi_500_25,284,55.965772995651264
poi_500_25,poi_500_25,285,57.52423942173428
poi_500_25,poi_500_25,286,60.008293730101265
poi_500_25,poi_500_25,287,62.324276029008075
poi_500_25,poi_500_25,288,58.334093489359766
poi_500_25,poi_500_25,289,56.95684191698746
poi_500_25,poi_500_25,290,57.51390278312948
poi_500_25,poi_500_25,291,60.44122942768675
poi_500_25,poi_500_25,292,65.48994028935172
poi_500_25,poi_500_25,293,66.17179093679803
poi_500_25,poi_500_25,294,61.48474944083646
poi_500_25,poi_500_25,295,58.290303604397415
poi_500_25,poi_500_25,296,58.134548501050354
poi_500_25,poi_500_25,297,60.90794722994113
poi_500_25,poi_500_25,298,65.49115514659093
poi_500_25,poi_500_25,299,66.17058347988272
poi_500_25,poi_500_25,300,60.93466938456426
poi_500_25,poi_500_25,301,57.93526983303479
poi_500_25,poi_500_25,302,56.26497038052891
poi_500_25,poi_500_25,303,57.005814170184586
poi_500_25,poi_500_25,304,60.08300752626561
poi_500_25,poi_500_25,305,62.27531293137419
poi_500_25,poi_500_25,306,58.945611080534974
poi_500_25,poi_500_25,307,56.33196598108264
poi_500_25,poi_500_25,308,57.23625716037803
poi_500_25,poi_500_25,309,60.26534103867962
poi_500_25,poi_500_25,310,65.419592804623
poi_500_25,poi_500_25,311,66.09090496601381
poi_500_25,poi_500_25,312,61.13854807702217
poi_500_25,poi_500_25,313,57.164595437916674
poi_500_25,poi_500_25,314,55.563565009536795
poi_500_25,poi_500_25,315,57.172990063908784
poi_500_25,poi_500_25,316,59.75447134925556
poi_500_25,poi_500_25,317,62.125442126263806
poi_500_25,poi_500_25,318,57.585790765200116
poi_500_25,poi_500_25,319,55.342833996734164
poi_500_25,poi_500_25,320,54.367639003914405
poi_500_25,poi_500_25,321,56.839355828966085
poi_500_25,poi_500_25,322,60.19331122474631
poi_500_25,poi_500_25,323,62.43618211279372
poi_500_25,poi_500_25,324,58.59974085149347
poi_500_25,poi_500_25,325,56.26946592714755
poi_500_25,poi_500_25,326,57.29143534378337
poi_500_25,poi_500_25,327,60.34848415019055
poi_500_25,poi_500_25,328,65.34161348490716
poi_500_25,poi_500_25,329,66.06488937522512
poi_500_25,poi_500_25,330,61.2096173405389
poi_500_25,poi_500_25,331,58.52870030679496
poi_500_25,poi_500_25,332,58.134548501050354
poi_500_25,poi_500_25,333,60.58996462859462
poi_500_25,poi_500_25,334,65.36487868209993
poi_500_25,poi_500_25,335,66.04302099918667
poi_500_25,poi_500_25,336,60.992501294206214
poi_500_25,poi_500_25,337,57.7319161496375
poi_500_25,poi_500_25,338,55.89072751981444
poi_500_25,poi_500_25,339,56.60793035490984
poi_500_25,poi_500_25,340,59.833641155654334
poi_500_25,poi_500_25,341,62.07417164155744
poi_500_25,poi_500_25,342,58.30326505829553
poi_500_25,poi_500_25,343,54.404403052035576
poi_500_25,poi_500_25,344,53.773809031602596
poi_500_25,poi_500_25,345,55.46584120794138
poi_500_25,poi_500_25,346,59.480043056472255
poi_500_25,poi_500_25,347,61.92028093917359
poi_500_25,poi_500_25,348,58.0151762570363
poi_500_25,poi_500_25,349,53.82244620760768
poi_500_25,poi_500_25,350,53.22778046871777
poi_500_25,poi_500_25,351,55.167272328737845
poi_500_25,poi_500_25,352,58.85533798276259
poi_500_25,poi_500_25,353,61.629712557866355
poi_500_25,poi_500_25,354,57.37796146713788
poi_500_25,poi_500_25,355,54.45901207899083
poi_500_25,poi_500_25,356,53.22778046871777
poi_500_25,poi_500_25,357,56.18742061831391
poi_500_25,poi_500_25,358,59.39409076835198
poi_500_25,poi_500_25,359,61.97338948454531
poi_500_25,poi_500_25,360,57.24386394494885
poi_500_25,poi_500_25,361,54.880240964760674
poi_500_25,poi_500_25,362,53.89533899672827
poi_500_25,poi_500_25,363,56.623787992531476
poi_500_25,poi_500_25,364,59.66919242773314
poi_500_25,poi_500_25,365,62.179142893797746
poi_500_25,poi_500_25,366,58.04811104383756
poi_500_25,poi_500_25,367,56.64317936542795
poi_500_25,poi_500_25,368,57.29143534378337
poi_500_25,poi_500_25,369,60.34848415019055
poi_500_25,poi_500_25,370,65.34161348490716
poi_500_25,poi_500_25,371,66.06488937522512
poi_500_25,poi_500_25,372,61.2096173405389
poi_500_25,poi_500_25,373,58.52870030679496
poi_500_25,poi_500_25,374,58.134548501050354
poi_500_25,poi_500_25,375,60.58996462859462
poi_500_25,poi_500_25,376,65.36487868209993
poi_500_25,poi_500_25,377,66.04302099918667
poi_500_25,poi_500_25,378,60.992501294206214
poi_500_25,poi_500_25,379,57.7319161496375
poi_500_25,poi_500_25,380,55.89072751981444
poi_500_25,poi_500_25,381,57.363503768924346
poi_500_25,poi_500_25,382,60.26897915473832
poi_500_25,poi_500_25,383,62.38558547302763
poi_500_25,poi_500_25,384,58.195222792317324
poi_500_25,poi_500_25,385,54.830708696206194
poi_500_25,poi_500_25,386,54.367639003914405
poi_500_25,poi_500_25,387,56.839355828966085
poi_500_25,poi_500_25,388,60.19331122474631
poi_500_25,poi_500_25,389,62.43618211279372
poi_500_25,poi_500_25,390,58.59974085149347
poi_500_25,poi_500_25,391,56.26946592714755
poi_500_25,poi_500_25,392,57.29143534378337
poi_500_25,poi_500_25,393,60.68396335676393
poi_500_25,poi_500_25,394,65.46855841131713
poi_500_25,poi_500_25,395,66.1918204171024
poi_500_25,poi_500_25,396,61.154623464030244
poi_500_25,poi_500_25,397,58.69862521260047
poi_500_25,poi_500_25,398,58.361646625938704
poi_500_25,poi_500_25,399,61.06006245737185
poi_500_25,poi_500_25,400,65.5603620664144
poi_500_25,poi_500_25,401,66.25001235820177
poi_500_25,poi_500_25,402,61.29683529393138
poi_500_25,poi_500_25,403,58.89666657470316
poi_500_25,poi_500_25,404,58.536488226381536
poi_500_25,poi_500_25,405,60.83798894173149
poi_500_25,poi_500_25,406,65.58129778194896
poi_500_25,poi_500_25,407,66.23025007415107
poi_500_25,poi_500_25,408,61.61670827613182
poi_500_25,poi_500_25,409,58.507387864941485
poi_500_25,poi_500_25,410,58.31857990177011
poi_500_25,poi_500_25,411,60.989587159698324
poi_500_25,poi_500_25,412,65.63454346794451
poi_500_25,poi_500_25,413,66.27494541773055
poi_500_25,poi_500_25,414,61.22719044654125
poi_500_25,poi_500_25,415,57.66084267527439
poi_500_25,poi_500_25,416,56.26497038052891
poi_500_25,poi_500_25,417,57.70024712989197
poi_500_25,poi_500_25,418,60.495169193424005
poi_500_25,poi_500_25,419,62.57310479550064
poi_500_25,poi_500_25,420,58.852583604341945
poi_500_25,poi_500_25,421,56.610236130769024
poi_500_25,poi_500_25,422,57.51390278312948
poi_500_25,poi_500_25,423,60.76988179937664
poi_500_25,poi_500_25,424,65.61268246360393
poi_500_25,poi_500_25,425,66.29567931115476
poi_500_25,poi_500_25,426,61.43315158314018
poi_500_25,poi_500_25,427,58.46962161239589
poi_500_25,poi_500_25,428,58.361646625938704
poi_500_25,poi_500_25,429,61.06006245737185
poi_500_25,poi_500_25,430,65.5603620664144
poi_500_25,poi_500_25,431,66.25001235820177
poi_500_25,poi_500_25,432,61.29683529393138
poi_500_25,poi_500_25,433,58.89666657470316
poi_500_25,poi_500_25,434,58.536488226381536
poi_500_25,poi_500_25,435,60.83798894173149
poi_500_25,poi_500_25,436,65.58129778194896
poi_500_25,poi_500_25,437,66.23025007415107
poi_500_25,poi_500_25,438,61.61670827613182
poi_500_25,poi_500_25,439,58.507387864941485
poi_500_25,poi_500_25,440,58.31857990177011
poi_500_25,poi_500_25,441,60.989587159698324
poi_500_25,poi_500_25,442,65.63454346794451
poi_500_25,poi_500_25,443,66.27494541773055
poi_500_25,poi_500_25,444,61.22719044654125
poi_500_25,poi_500_25,445,57.66084267527439
poi_500_25,poi_500_25,446,56.26497038052891
poi_500_25,poi_500_25,447,57.70024712989197
poi_500_25,poi_500_25,448,60.495169193424005
poi_500_25,poi_500_25,449,62.57310479550064
poi_500_25,poi_500_25,450,58.852583604341945
poi_500_25,poi_500_25,451,56.610236130769024
poi_500_25,poi_500_25,452,57.51390278312948
poi_500_25,poi_500_25,453,60.76988179937664
poi_500_25,poi_500_25,454,65.61268246360393
poi_500_25,poi_500_25,455,66.29567931115476
poi_500_25,poi_500_25,456,61.43315158314018
poi_500_25,poi_500_25,457,58.46962161239589
poi_500_25,poi_500_25,458,58.361646625938704
poi_500_25,poi_500_25,459,60.753420485353004
poi_500_25,poi_500_25,460,65.43611076374782
poi_500_25,poi_500_25,461,66.12479533810014
poi_500_25,poi_500_25,462,61.35006834702353
poi_500_25,poi_500_25,463,58.73445962285675
poi_500_25,poi_500_25,464,58.31857990177011
poi_500_25,poi_500_25,465,60.989587159698324
poi_500_25,poi_500_25,466,65.63454346794451
poi_500_25,poi_500_25,467,66.27494541773055
poi_500_25,poi_500_25,468,61.22719044654125
poi_500_25,poi_500_25,469,57.66084267527439
poi_500_25,poi_500_25,470,56.26497038052891
poi_500_25,poi_500_25,471,57.005814170184586
poi_500_25,poi_500_25,472,60.08300752626561
poi_500_25,poi_500_25,473,62.27531293137419
poi_500_25,poi_500_25,474,58.945611080534974
poi_500_25,poi_500_25,475,56.33196598108264
poi_500_25,poi_500_25,476,57.23625716037803
poi_500_25,poi_500_25,477,60.60705606482968
poi_500_25,poi_500_25,478,65.54431085059261
poi_500_25,poi_500_25,479,66.21708883112338
poi_500_25,poi_500_25,480,61.08264099525932
poi_500_25,poi_500_25,481,57.395584196757696
poi_500_25,poi_500_25,482,55.965772995651264
poi_500_25,poi_500_25,483,56.79854898232706
poi_500_25,poi_500_25,484,59.54453551134132
poi_500_25,poi_500_25,485,62.00826975877086
poi_500_25,poi_500_25,486,58.438776275766145
poi_500_25,poi_500_25,487,56.7005600342935
poi_500_25,poi_500_25,488,57.23625716037803
poi_500_25,poi_500_25,489,60.26534103867962
poi_500_25,poi_500_25,490,65.419592804623
poi_500_25,poi_500_25,491,66.09090496601381
poi_500_25,poi_500_25,492,61.13854807702217
poi_500_25,poi_500_25,493,57.164595437916674
poi_500_25,poi_500_25,494,55.563565009536795
poi_500_25,poi_500_25,495,57.172990063908784
poi_500_25,poi_500_25,496,59.75447134925556
poi_500_25,poi_500_25,497,62.125442126263806
poi_500_25,poi_500_25,498,57.585790765200116
poi_500_25,poi_500_25,499,55.342833996734164
poi_500_25,poi_500_25,500,54.367639003914405
poi_500_25,poi_500_25,501,56.839355828966085
poi_500_25,poi_500_25,502,60.19331122474631
poi_500_25,poi_500_25,503,62.43618211279372
poi_500_25,poi_500_25,504,58.59974085149347
poi_500_25,poi_500_25,505,56.26946592714755
poi_500_25,poi_500_25,506,57.29143534378337
poi_500_25,poi_500_25,507,60.34848415019055
poi_500_25,poi_500_25,508,65.34161348490716
poi_500_25,poi_500_25,509,66.06488937522512
poi_500_25,poi_500_25,510,61.2096173405389
poi_500_25,poi_500_25,511,58.52870030679496
poi_500_25,poi_500_25,512,58.134548501050354
poi_500_25,poi_500_25,513,60.58996462859462
poi_500_25,poi_500_25,514,65.36487868209993
poi_500_25,poi_500_25,515,66.04302099918667
poi_500_25,poi_500_25,516,60.992501294206214
poi_500_25,poi_500_25,517,57.7319161496375
poi_500_25,poi_500_25,518,55.89072751981444
poi_500_25,poi_500_25,519,56.60793035490984
poi_500_25,poi_500_25,520,59.833641155654334
poi_500_25,poi_500_25,521,62.07417164155744
poi_500_25,poi_500_25,522,58.30326505829553
poi_500_25,poi_500_25,523,54.404403052035576
poi_500_25,poi_500_25,524,53.773809031602596
poi_500_25,poi_500_25,525,56.42516072025492
poi_500_25,poi_500_25,526,59.95037686059931
poi_500_25,poi_500_25,527,62.24252067444085
poi_500_25,poi_500_25,528,57.899624533896386
poi_500_25,poi_500_25,529,54.30658997874488
poi_500_25,poi_500_25,530,53.89533899672827
poi_500_25,poi_500_25,531,56.623787992531476
poi_500_25,poi_500_25,532,59.66919242773314
poi_500_25,poi_500_25,533,62.179142893797746
poi_500_25,poi_500_25,534,58.04811104383756
poi_500_25,poi_500_25,535,56.64317936542795
poi_500_25,poi_500_25,536,57.29143534378337
poi_500_25,poi_500_25,537,60.68396335676393
poi_500_25,poi_500_25,538,65.46855841131713
poi_500_25,poi_500_25,539,66.1918204171024
poi_500_25,poi_500_25,540,61.154623464030244
poi_500_25,poi_500_25,541,58.69862521260047
poi_500_25,poi_500_25,542,58.361646625938704
poi_500_25,poi_500_25,543,60.753420485353004
poi_500_25,poi_500_25,544,65.43611076374782
poi_500_25,poi_500_25,545,66.12479533810014
poi_500_25,poi_500_25,546,61.35006834702353
poi_500_25,poi_500_25,547,58.73445962285675
poi_500_25,poi_500_25,548,58.31857990177011
poi_500_25,poi_500_25,549,60.989587159698324
poi_500_25,poi_500_25,550,65.63454346794451
poi_500_25,poi_500_25,551,66.27494541773055
poi_500_25,poi_500_25,552,61.22719044654125
poi_500_25,poi_500_25,553,57.66084267527439
poi_500_25,poi_500_25,554,56.26497038052891
poi_500_25,poi_500_25,555,57.70024712989197
poi_500_25,poi_500_25,556,60.495169193424005
poi_500_25,poi_500_25,557,62.57310479550064
poi_500_25,poi_500_25,558,58.852583604341945
poi_500_25,poi_500_25,559,56.610236130769024
poi_500_25,poi_500_25,560,57.51390278312948
poi_500_25,poi_500_25,561,60.76988179937664
poi_500_25,poi_500_25,562,65.61268246360393
poi_500_25,poi_500_25,563,66.29567931115476
poi_500_25,poi_500_25,564,61.43315158314018
poi_500_25,poi_500_25,565,58.46962161239589
poi_500_25,poi_500_25,566,58.361646625938704
poi_500_25,poi_500_25,567,60.753420485353004
poi_500_25,poi_500_25,568,65.43611076374782
poi_500_25,poi_500_25,569,66.12479533810014
poi_500_25,poi_500_25,570,61.35006834702353
poi_500_25,poi_500_25,571,58.73445962285675
poi_500_25,poi_500_25,572,58.31857990177011
poi_500_25,poi_500_25,573,60.67774408924258
poi_500_25,poi_500_25,574,65.51242633299955
poi_500_25,poi_500_25,575,66.150455587974
poi_500_25,poi_500_25,576,61.28127870665077
poi_500_25,poi_500_25,577,57.44388784074668
poi_500_25,poi_500_25,578,55.89072751981444
poi_500_25,poi_500_25,579,56.60793035490984
poi_500_25,poi_500_25,580,59.833641155654334
poi_500_25,poi_500_25,581,62.07417164155744
poi_500_25,poi_500_25,582,58.30326505829553
poi_500_25,poi_500_25,583,54.404403052035576
poi_500_25,poi_500_25,584,53.773809031602596
poi_500_25,poi_500_25,585,55.46584120794138
poi_500_25,poi_500_25,586,59.480043056472255
poi_500_25,poi_500_25,587,61.92028093917359
poi_500_25,poi_500_25,588,58.0151762570363
poi_500_25,poi_500_25,589,53.82244620760768
poi_500_25,poi_500_25,590,53.22778046871777
poi_500_25,poi_500_25,591,55.167272328737845
poi_500_25,poi_500_25,592,58.85533798276259
poi_500_25,poi_500_25,593,61.629712557866355
poi_500_25,poi_500_25,594,57.37796146713788
poi_500_25,poi_500_25,595,54.45901207899083
poi_500_25,poi_500_25,596,53.22778046871777
poi_500_25,poi_500_25,597,56.18742061831391
poi_500_25,poi_500_25,598,59.39409076835198
poi_500_25,poi_500_25,599,61.97338948454531
poi_500_35,poi_500_35,0,40.0
poi_500_35,poi_500_35,1,40.0
poi_500_35,poi_500_35,2,40.0
poi_500_35,poi_500_35,3,40.0
poi_500_35,poi_500_35,4,40.0
poi_500_35,poi_500_35,5,40.0
poi_500_35,poi_500_35,6,40.0
poi_500_35,poi_500_35,7,40.0
poi_500_35,poi_500_35,8,40.0
poi_500_35,poi_500_35,9,51.00961997978875
poi_500_35,poi_500_35,10,51.62148682544888
poi_500_35,poi_500_35,11,52.29059660521901
poi_500_35,poi_500_35,12,53.026583044022885
poi_500_35,poi_500_35,13,53.84180664976907
poi_500_35,poi_500_35,14,54.752491903961726
poi_500_35,poi_500_35,15,50.307917193030576
poi_500_35,poi_500_35,16,51.08388526388198
poi_500_35,poi_500_35,17,51.99638028259959
poi_500_35,poi_500_35,18,52.87192727872476
poi_500_35,poi_500_35,19,54.434611959483654
poi_500_35,poi_500_35,20,56.52711941724761
poi_500_35,poi_500_35,21,59.67643109501004
poi_500_35,poi_500_35,22,63.14137080419006
poi_500_35,poi_500_35,23,63.57201574900187
poi_500_35,poi_500_35,24,60.46617034351886
poi_500_35,poi_500_35,25,58.449244411751344
poi_500_35,poi_500_35,26,57.872291184947414
poi_500_35,poi_500_35,27,56.27052800061655
poi_500_35,poi_500_35,28,58.128972512884864
poi_500_35,poi_500_35,29,59.3868443218488
poi_500_35,poi_500_35,30,57.47411647130137
poi_500_35,poi_500_35,31,58.56407770108398
poi_500_35,poi_500_35,32,58.88035486276834
poi_500_35,poi_500_35,33,60.729284826174315
poi_500_35,poi_500_35,34,63.56693463742747
poi_500_35,poi_500_35,35,63.902140830429595
poi_500_35,poi_500_35,36,61.03276631658895
poi_500_35,poi_500_35,37,58.991856026194405
poi_500_35,poi_500_35,38,58.38156876056253
poi_500_35,poi_500_35,39,57.59213494711772
poi_500_35,poi_500_35,40,59.06272372509235
poi_500_35,poi_500_35,41,60.15125356787387
poi_500_35,poi_500_35,42,58.71700906903798
poi_500_35,poi_500_35,43,59.687775183872745
poi_500_35,poi_500_35,44,59.955174826889035
poi_500_35,poi_500_35,45,60.88620514996623
poi_500_35,poi_500_35,46,63.67237906980961
poi_500_35,poi_500_35,47,64.03140785655697
poi_500_35,poi_500_35,48,61.349464030641776
poi_500_35,poi_500_35,49,59.75963100666427
poi_500_35,poi_500_35,50,59.85245400491573
poi_500_35,poi_500_35,51,60.38242176155662
poi_500_35,poi_500_35,52,63.390801144333004
poi_500_35,poi_500_35,53,63.73962636063002
poi_500_35,poi_500_35,54,60.713195856772415
poi_500_35,poi_500_35,55,60.10523693970764
poi_500_35,poi_500_35,56,59.647620492116275
poi_500_35,poi_500_35,57,60.75587379187181
poi_500_35,poi_500_35,58,63.513225255181794
poi_500_35,poi_500_35,59,63.78727126018112
poi_500_35,poi_500_35,60,60.67674652317208
poi_500_35,poi_500_35,61,59.207677551436994
poi_500_35,poi_500_35,62,58.09135500022904
poi_500_35,poi_500_35,63,57.67710130236048
poi_500_35,poi_500_35,64,58.8493164258156
poi_500_35,poi_500_35,65,59.741736777114696
poi_500_35,poi_500_35,66,57.71957162585437
poi_500_35,poi_500_35,67,57.52165180528111
poi_500_35,poi_500_35,68,56.94647235291269
poi_500_35,poi_500_35,69,57.62290659943669
poi_500_35,poi_500_35,70,59.00467604191995
poi_500_35,poi_500_35,71,60.027590277519316
poi_500_35,poi_500_35,72,58.39691223259952
poi_500_35,poi_500_35,73,57.19957822137924
poi_500_35,poi_500_35,74,57.32054824170966
poi_500_35,poi_500_35,75,56.81622392553813
poi_500_35,poi_500_35,76,58.64966258608315
poi_500_35,poi_500_35,77,59.91348726611698
poi_500_35,poi_500_35,78,58.45834800926347
poi_500_35,poi_500_35,79,58.54942552873471
poi_500_35,poi_500_35,80,59.12367971029926
poi_500_35,poi_500_35,81,59.9916179335102
poi_500_35,poi_500_35,82,63.242858507646424
poi_500_35,poi_500_35,83,63.6371574027364
poi_500_35,poi_500_35,84,60.55165002266997
poi_500_35,poi_500_35,85,59.084557188576866
poi_500_35,poi_500_35,86,58.74834748169629
poi_500_35,poi_500_35,87,60.55088459377498
poi_500_35,poi_500_35,88,63.479770059041556
poi_500_35,poi_500_35,89,63.82159079277805
poi_500_35,poi_500_35,90,60.882723507511535
poi_500_35,poi_500_35,91,60.1928163393974
poi_500_35,poi_500_35,92,59.351838224651566
poi_500_35,poi_500_35,93,58.54901376210378
poi_500_35,poi_500_35,94,59.657541275428905
poi_500_35,poi_500_35,95,60.552774367816546
poi_500_35,poi_500_35,96,59.19248201206314
poi_500_35,poi_500_35,97,59.50683881378563
poi_500_35,poi_500_35,98,59.955174826889035
poi_500_35,poi_500_35,99,60.88620514996623
poi_500_35,poi_500_35,100,63.67237906980961
poi_500_35,poi_500_35,101,64.03140785655697
poi_500_35,poi_500_35,102,61.349464030641776
poi_500_35,poi_500_35,103,59.75963100666427
poi_500_35,poi_500_35,104,59.85245400491573
poi_500_35,poi_500_35,105,60.71426288002493
poi_500_35,poi_500_35,106,63.587325926653186
poi_500_35,poi_500_35,107,63.953241435580566
poi_500_35,poi_500_35,108,61.21014442656876
poi_500_35,poi_500_35,109,60.78715796198932
poi_500_35,poi_500_35,110,60.56544339608334
poi_500_35,poi_500_35,111,60.91185332672042
poi_500_35,poi_500_35,112,63.61996582595072
poi_500_35,poi_500_35,113,63.91995058182011
poi_500_35,poi_500_35,114,61.019458846420264
poi_500_35,poi_500_35,115,59.94120051547835
poi_500_35,poi_500_35,116,59.647620492116275
poi_500_35,poi_500_35,117,61.06131058696528
poi_500_35,poi_500_35,118,63.70440597984814
poi_500_35,poi_500_35,119,63.998611443571995
poi_500_35,poi_500_35,120,61.17765087308549
poi_500_35,poi_500_35,121,60.03211607733561
poi_500_35,poi_500_35,122,59.351838224651566
poi_500_35,poi_500_35,123,57.98835295383918
poi_500_35,poi_500_35,124,59.15460769459412
poi_500_35,poi_500_35,125,60.07092491529326
poi_500_35,poi_500_35,126,58.372464560261356
poi_500_35,poi_500_35,127,58.56407770108398
poi_500_35,poi_500_35,128,58.88035486276834
poi_500_35,poi_500_35,129,60.398634289881564
poi_500_35,poi_500_35,130,63.36946359993729
poi_500_35,poi_500_35,131,63.68593345520353
poi_500_35,poi_500_35,132,60.51381330570714
poi_500_35,poi_500_35,133,57.91447236791582
poi_500_35,poi_500_35,134,56.73862047073307
poi_500_35,poi_500_35,135,57.249950132460945
poi_500_35,poi_500_35,136,58.750664392285465
poi_500_35,poi_500_35,137,59.82832825497766
poi_500_35,poi_500_35,138,58.117519702550254
poi_500_35,poi_500_35,139,58.90596673588304
poi_500_35,poi_500_35,140,58.52501888392518
poi_500_35,poi_500_35,141,57.285892778697146
poi_500_35,poi_500_35,142,58.75060903875858
poi_500_35,poi_500_35,143,59.82859372819835
poi_500_35,poi_500_35,144,58.09174210247342
poi_500_35,poi_500_35,145,57.02332501719187
poi_500_35,poi_500_35,146,57.783586203980335
poi_500_35,poi_500_35,147,59.79799321790972
poi_500_35,poi_500_35,148,63.12630406178786
poi_500_35,poi_500_35,149,63.49540387309567
poi_500_35,poi_500_35,150,60.16819045295549
poi_500_35,poi_500_35,151,58.17319845506812
poi_500_35,poi_500_35,152,56.73862047073307
poi_500_35,poi_500_35,153,56.4754437118236
poi_500_35,poi_500_35,154,58.12210973890921
poi_500_35,poi_500_35,155,59.25297247797272
poi_500_35,poi_500_35,156,57.036329895456895
poi_500_35,poi_500_35,157,57.80409058806849
poi_500_35,poi_500_35,158,56.94647235291269
poi_500_35,poi_500_35,159,56.91761827522825
poi_500_35,poi_500_35,160,58.414374462672775
poi_500_35,poi_500_35,161,59.4797363066974
poi_500_35,poi_500_35,162,57.39154897190662
poi_500_35,poi_500_35,163,55.447742100907746
poi_500_35,poi_500_35,164,55.086519124289104
poi_500_35,poi_500_35,165,55.44300925701548
poi_500_35,poi_500_35,166,57.60296931667553
poi_500_35,poi_500_35,167,58.95868230942165
poi_500_35,poi_500_35,168,56.64986498564019
poi_500_35,poi_500_35,169,55.89441414181369
poi_500_35,poi_500_35,170,55.086519124289104
poi_500_35,poi_500_35,171,56.40383078764137
poi_500_35,poi_500_35,172,58.30519918576598
poi_500_35,poi_500_35,173,59.57165585527521
poi_500_35,poi_500_35,174,57.81922858767978
poi_500_35,poi_500_35,175,57.503016193576016
poi_500_35,poi_500_35,176,57.32054824170966
poi_500_35,poi_500_35,177,55.951743978206984
poi_500_35,poi_500_35,178,58.005165619555385
poi_500_35,poi_500_35,179,59.35006094167896
poi_500_35,poi_500_35,180,57.46884594862172
poi_500_35,poi_500_35,181,57.33888501769769
poi_500_35,poi_500_35,182,57.783586203980335
poi_500_35,poi_500_35,183,59.79799321790972
poi_500_35,poi_500_35,184,63.12630406178786
poi_500_35,poi_500_35,185,63.49540387309567
poi_500_35,poi_500_35,186,60.16819045295549
poi_500_35,poi_500_35,187,58.17319845506812
poi_500_35,poi_500_35,188,56.73862047073307
poi_500_35,poi_500_35,189,56.4754437118236
poi_500_35,poi_500_35,190,58.12210973890921
poi_500_35,poi_500_35,191,59.25297247797272
poi_500_35,poi_500_35,192,57.036329895456895
poi_500_35,poi_500_35,193,57.80409058806849
poi_500_35,poi_500_35,194,56.94647235291269
poi_500_35,poi_500_35,195,57.62290659943669
poi_500_35,poi_500_35,196,59.00467604191995
poi_500_35,poi_500_35,197,60.027590277519316
poi_500_35,poi_500_35,198,58.39691223259952
poi_500_35,poi_500_35,199,57.19957822137924
poi_500_35,poi_500_35,200,57.32054824170966
poi_500_35,poi_500_35,201,56.816223925538125
poi_500_35,poi_500_35,202,58.64966258608315
poi_500_35,poi_500_35,203,59.91348726611698
poi_500_35,poi_500_35,204,58.45834800926347
poi_500_35,poi_500_35,205,58.54942552873471
poi_500_35,poi_500_35,206,59.12367971029926
poi_500_35,poi_500_35,207,59.9916179335102
poi_500_35,poi_500_35,208,63.242858507646424
poi_500_35,poi_500_35,209,63.6371574027364
poi_500_35,poi_500_35,210,60.55165002266997
poi_500_35,poi_500_35,211,59.084557188576866
poi_500_35,poi_500_35,212,58.74834748169629
poi_500_35,poi_500_35,213,60.20580328316775
poi_500_35,poi_500_35,214,63.278201318521155
poi_500_35,poi_500_35,215,63.60123150246436
poi_500_35,poi_500_35,216,60.34435004560558
poi_500_35,poi_500_35,217,59.40123348414219
poi_500_35,poi_500_35,218,58.09135500022904
poi_500_35,poi_500_35,219,57.67710130236048
poi_500_35,poi_500_35,220,58.8493164258156
poi_500_35,poi_500_35,221,59.741736777114696
poi_500_35,poi_500_35,222,57.71957162585437
poi_500_35,poi_500_35,223,57.52165180528111
poi_500_35,poi_500_35,224,56.94647235291269
poi_500_35,poi_500_35,225,57.62290659943669
poi_500_35,poi_500_35,226,59.00467604191995
poi_500_35,poi_500_35,227,60.027590277519316
poi_500_35,poi_500_35,228,58.39691223259952
poi_500_35,poi_500_35,229,57.19957822137924
poi_500_35,poi_500_35,230,57.32054824170966
poi_500_35,poi_500_35,231,55.951743978206984
poi_500_35,poi_500_35,232,58.005165619555385
poi_500_35,poi_500_35,233,59.35006094167896
poi_500_35,poi_500_35,234,57.46884594862172
poi_500_35,poi_500_35,235,57.33888501769769
poi_500_35,poi_500_35,236,57.783586203980335
poi_500_35,poi_500_35,237,60.17561152264358
poi_500_35,poi_500_35,238,63.33487792973859
poi_500_35,poi_500_35,239,63.721059944244246
poi_500_35,poi_500_35,240,60.72747404945568
poi_500_35,poi_500_35,241,59.19504645553491
poi_500_35,poi_500_35,242,58.38156876056253
poi_500_35,poi_500_35,243,56.88139800133155
poi_500_35,poi_500_35,244,58.48080911984458
poi_500_35,poi_500_35,245,59.61976079550139
poi_500_35,poi_500_35,246,57.7912915616092
poi_500_35,poi_500_35,247,58.78776827194751
poi_500_35,poi_500_35,248,58.88035486276834
poi_500_35,poi_500_35,249,60.729284826174315
poi_500_35,poi_500_35,250,63.56693463742747
poi_500_35,poi_500_35,251,63.902140830429595
poi_500_35,poi_500_35,252,61.03276631658895
poi_500_35,poi_500_35,253,58.991856026194405
poi_500_35,poi_500_35,254,58.38156876056253
poi_500_35,poi_500_35,255,56.88139800133155
poi_500_35,poi_500_35,256,58.48080911984458
poi_500_35,poi_500_35,257,59.61976079550139
poi_500_35,poi_500_35,258,57.7912915616092
poi_500_35,poi_500_35,259,58.78776827194751
poi_500_35,poi_500_35,260,58.88035486276834
poi_500_35,poi_500_35,261,60.398634289881564
poi_500_35,poi_500_35,262,63.36946359993729
poi_500_35,poi_500_35,263,63.68593345520353
poi_500_35,poi_500_35,264,60.51381330570714
poi_500_35,poi_500_35,265,57.91447236791582
poi_500_35,poi_500_35,266,56.73862047073307
poi_500_35,poi_500_35,267,57.249950132460945
poi_500_35,poi_500_35,268,58.750664392285465
poi_500_35,poi_500_35,269,59.82832825497766
poi_500_35,poi_500_35,270,58.117519702550254
poi_500_35,poi_500_35,271,58.90596673588304
poi_500_35,poi_500_35,272,58.52501888392518
poi_500_35,poi_500_35,273,57.285892778697146
poi_500_35,poi_500_35,274,58.75060903875858
poi_500_35,poi_500_35,275,59.82859372819835
poi_500_35,poi_500_35,276,58.09174210247342
poi_500_35,poi_500_35,277,57.02332501719187
poi_500_35,poi_500_35,278,57.783586203980335
poi_500_35,poi_500_35,279,60.17561152264358
poi_500_35,poi_500_35,280,63.33487792973859
poi_500_35,poi_500_35,281,63.721059944244246
poi_500_35,poi_500_35,282,60.72747404945568
poi_500_35,poi_500_35,283,59.19504645553491
poi_500_35,poi_500_35,284,58.38156876056253
poi_500_35,poi_500_35,285,57.59213494711772
poi_500_35,poi_500_35,286,59.06272372509235
poi_500_35,poi_500_35,287,60.15125356787387
poi_500_35,poi_500_35,288,58.71700906903798
poi_500_35,poi_500_35,289,59.687775183872745
poi_500_35,poi_500_35,290,59.955174826889035
poi_500_35,poi_500_35,291,60.56772964938272
poi_500_35,poi_500_35,292,63.479751428181885
poi_500_35,poi_500_35,293,63.82169664560134
poi_500_35,poi_500_35,294,60.86910546822751
poi_500_35,poi_500_35,295,58.8760033309302
poi_500_35,poi_500_35,296,58.74834748169629
poi_500_35,poi_500_35,297,60.55088459377498
poi_500_35,poi_500_35,298,63.479770059041556
poi_500_35,poi_500_35,299,63.82159079277805
poi_500_35,poi_500_35,300,60.882723507511535
poi_500_35,poi_500_35,301,60.1928163393974
poi_500_35,poi_500_35,302,59.351838224651566
poi_500_35,poi_500_35,303,57.98835295383918
poi_500_35,poi_500_35,304,59.15460769459412
poi_500_35,poi_500_35,305,60.07092491529326
poi_500_35,poi_500_35,306,58.372464560261356
poi_500_35,poi_500_35,307,58.56407770108398
poi_500_35,poi_500_35,308,58.88035486276834
poi_500_35,poi_500_35,309,60.398634289881564
poi_500_35,poi_500_35,310,63.36946359993729
poi_500_35,poi_500_35,311,63.68593345520353
poi_500_35,poi_500_35,312,60.51381330570714
poi_500_35,poi_500_35,313,57.91447236791582
poi_500_35,poi_500_35,314,56.73862047073307
poi_500_35,poi_500_35,315,57.249950132460945
poi_500_35,poi_500_35,316,58.750664392285465
poi_500_35,poi_500_35,317,59.82832825497766
poi_500_35,poi_500_35,318,58.117519702550254
poi_500_35,poi_500_35,319,58.90596673588304
poi_500_35,poi_500_35,320,58.52501888392518
poi_500_35,poi_500_35,321,57.937928226976545
poi_500_35,poi_500_35,322,59.29959520957708
poi_500_35,poi_500_35,323,60.33653679225761
poi_500_35,poi_500_35,324,58.961371786289575
poi_500_35,poi_500_35,325,58.31276562082495
poi_500_35,poi_500_35,326,59.12367971029926
poi_500_35,poi_500_35,327,59.9916179335102
poi_500_35,poi_500_35,328,63.242858507646424
poi_500_35,poi_500_35,329,63.6371574027364
poi_500_35,poi_500_35,330,60.55165002266997
poi_500_35,poi_500_35,331,59.084557188576866
poi_500_35,poi_500_35,332,58.74834748169629
poi_500_35,poi_500_35,333,60.20580328316775
poi_500_35,poi_500_35,334,63.278201318521155
poi_500_35,poi_500_35,335,63.60123150246436
poi_500_35,poi_500_35,336,60.34435004560558
poi_500_35,poi_500_35,337,59.40123348414219
poi_500_35,poi_500_35,338,58.09135500022904
poi_500_35,poi_500_35,339,57.67710130236048
poi_500_35,poi_500_35,340,58.8493164258156
poi_500_35,poi_500_35,341,59.741736777114696
poi_500_35,poi_500_35,342,57.71957162585437
poi_500_35,poi_500_35,343,57.52165180528111
poi_500_35,poi_500_35,344,56.94647235291269
poi_500_35,poi_500_35,345,56.91761827522825
poi_500_35,poi_500_35,346,58.414374462672775
poi_500_35,poi_500_35,347,59.4797363066974
poi_500_35,poi_500_35,348,57.39154897190662
poi_500_35,poi_500_35,349,55.447742100907746
poi_500_35,poi_500_35,350,55.086519124289104
poi_500_35,poi_500_35,351,55.44300925701548
poi_500_35,poi_500_35,352,57.60296931667553
poi_500_35,poi_500_35,353,58.95868230942165
poi_500_35,poi_500_35,354,56.64986498564019
poi_500_35,poi_500_35,355,55.89441414181369
poi_500_35,poi_500_35,356,55.086519124289104
poi_500_35,poi_500_35,357,56.40383078764137
poi_500_35,poi_500_35,358,58.30519918576598
poi_500_35,poi_500_35,359,59.57165585527521
poi_500_35,poi_500_35,360,57.81922858767978
poi_500_35,poi_500_35,361,57.503016193576016
poi_500_35,poi_500_35,362,57.32054824170966
poi_500_35,poi_500_35,363,56.816223925538125
poi_500_35,poi_500_35,364,58.64966258608315
poi_500_35,poi_500_35,365,59.91348726611698
poi_500_35,poi_500_35,366,58.45834800926347
poi_500_35,poi_500_35,367,58.54942552873471
poi_500_35,poi_500_35,368,59.12367971029926
poi_500_35,poi_500_35,369,59.9916179335102
poi_500_35,poi_500_35,370,63.242858507646424
poi_500_35,poi_500_35,371,63.6371574027364
poi_500_35,poi_500_35,372,60.55165002266997
poi_500_35,poi_500_35,373,59.084557188576866
poi_500_35,poi_500_35,374,58.74834748169629
poi_500_35,poi_500_35,375,60.20580328316775
poi_500_35,poi_500_35,376,63.278201318521155
poi_500_35,poi_500_35,377,63.60123150246436
poi_500_35,poi_500_35,378,60.34435004560558
poi_500_35,poi_500_35,379,59.40123348414219
poi_500_35,poi_500_35,380,58.09135500022904
poi_500_35,poi_500_35,381,58.27666706187774
poi_500_35,poi_500_35,382,59.386698251933
poi_500_35,poi_500_35,383,60.25935263680027
poi_500_35,poi_500_35,384,58.659149278520545
poi_500_35,poi_500_35,385,58.68843506614796
poi_500_35,poi_500_35,386,58.52501888392518
poi_500_35,poi_500_35,387,57.937928226976545
poi_500_35,poi_500_35,388,59.29959520957708
poi_500_35,poi_500_35,389,60.33653679225761
poi_500_35,poi_500_35,390,58.961371786289575
poi_500_35,poi_500_35,391,58.31276562082495
poi_500_35,poi_500_35,392,59.12367971029926
poi_500_35,poi_500_35,393,60.35343722922506
poi_500_35,poi_500_35,394,63.44603636797559
poi_500_35,poi_500_35,395,63.85574627105362
poi_500_35,poi_500_35,396,61.06635791672295
poi_500_35,poi_500_35,397,59.93053478728966
poi_500_35,poi_500_35,398,59.85245400491573
poi_500_35,poi_500_35,399,60.71426288002493
poi_500_35,poi_500_35,400,63.587325926653186
poi_500_35,poi_500_35,401,63.953241435580566
poi_500_35,poi_500_35,402,61.21014442656876
poi_500_35,poi_500_35,403,60.78715796198932
poi_500_35,poi_500_35,404,60.56544339608334
poi_500_35,poi_500_35,405,60.91185332672042
poi_500_35,poi_500_35,406,63.61996582595072
poi_500_35,poi_500_35,407,63.91995058182011
poi_500_35,poi_500_35,408,61.019458846420264
poi_500_35,poi_500_35,409,59.94120051547835
poi_500_35,poi_500_35,410,59.647620492116275
poi_500_35,poi_500_35,411,61.06131058696528
poi_500_35,poi_500_35,412,63.70440597984814
poi_500_35,poi_500_35,413,63.998611443571995
poi_500_35,poi_500_35,414,61.17765087308549
poi_500_35,poi_500_35,415,60.03211607733561
poi_500_35,poi_500_35,416,59.351838224651566
poi_500_35,poi_500_35,417,58.54901376210378
poi_500_35,poi_500_35,418,59.657541275428905
poi_500_35,poi_500_35,419,60.552774367816546
poi_500_35,poi_500_35,420,59.19248201206314
poi_500_35,poi_500_35,421,59.50683881378563
poi_500_35,poi_500_35,422,59.955174826889035
poi_500_35,poi_500_35,423,60.88620514996623
poi_500_35,poi_500_35,424,63.67237906980961
poi_500_35,poi_500_35,425,64.03140785655697
poi_500_35,poi_500_35,426,61.349464030641776
poi_500_35,poi_500_35,427,59.75963100666427
poi_500_35,poi_500_35,428,59.85245400491573
poi_500_35,poi_500_35,429,60.71426288002493
poi_500_35,poi_500_35,430,63.587325926653186
poi_500_35,poi_500_35,431,63.953241435580566
poi_500_35,poi_500_35,432,61.21014442656876
poi_500_35,poi_500_35,433,60.78715796198932
poi_500_35,poi_500_35,434,60.56544339608334
poi_500_35,poi_500_35,435,60.91185332672042
poi_500_35,poi_500_35,436,63.61996582595072
poi_500_35,poi_500_35,437,63.91995058182011
poi_500_35,poi_500_35,438,61.019458846420264
poi_500_35,poi_500_35,439,59.94120051547835
poi_500_35,poi_500_35,440,59.647620492116275
poi_500_35,poi_500_35,441,61.06131058696528
poi_500_35,poi_500_35,442,63.70440597984814
poi_500_35,poi_500_35,443,63.998611443571995
poi_500_35,poi_500_35,444,61.17765087308549
poi_500_35,poi_500_35,445,60.03211607733561
poi_500_35,poi_500_35,446,59.351838224651566
poi_500_35,poi_500_35,447,58.54901376210378
poi_500_35,poi_500_35,448,59.657541275428905
poi_500_35,poi_500_35,449,60.552774367816546
poi_500_35,poi_500_35,450,59.19248201206314
poi_500_35,poi_500_35,451,59.50683881378563
poi_500_35,poi_500_35,452,59.955174826889035
poi_500_35,poi_500_35,453,60.88620514996623
poi_500_35,poi_500_35,454,63.67237906980961
poi_500_35,poi_500_35,455,64.03140785655697
poi_500_35,poi_500_35,456,61.349464030641776
poi_500_35,poi_500_35,457,59.75963100666427
poi_500_35,poi_500_35,458,59.85245400491573
poi_500_35,poi_500_35,459,60.38242176155662
poi_500_35,poi_500_35,460,63.390801144333004
poi_500_35,poi_500_35,461,63.73962636063002
poi_500_35,poi_500_35,462,60.713195856772415
poi_500_35,poi_500_35,463,60.10523693970764
poi_500_35,poi_500_35,464,59.647620492116275
poi_500_35,poi_500_35,465,61.06131058696528
poi_500_35,poi_500_35,466,63.70440597984814
poi_500_35,poi_500_35,467,63.998611443571995
poi_500_35,poi_500_35,468,61.17765087308549
poi_500_35,poi_500_35,469,60.03211607733561
poi_500_35,poi_500_35,470,59.351838224651566
poi_500_35,poi_500_35,471,57.98835295383918
poi_500_35,poi_500_35,472,59.15460769459412
poi_500_35,poi_500_35,473,60.07092491529326
poi_500_35,poi_500_35,474,58.372464560261356
poi_500_35,poi_500_35,475,58.56407770108398
poi_500_35,poi_500_35,476,58.88035486276834
poi_500_35,poi_500_35,477,60.729284826174315
poi_500_35,poi_500_35,478,63.56693463742747
poi_500_35,poi_500_35,479,63.902140830429595
poi_500_35,poi_500_35,480,61.03276631658895
poi_500_35,poi_500_35,481,58.991856026194405
poi_500_35,poi_500_35,482,58.38156876056253
poi_500_35,poi_500_35,483,56.88139800133155
poi_500_35,poi_500_35,484,58.48080911984458
poi_500_35,poi_500_35,485,59.61976079550139
poi_500_35,poi_500_35,486,57.7912915616092
poi_500_35,poi_500_35,487,58.78776827194751
poi_500_35,poi_500_35,488,58.88035486276834
poi_500_35,poi_500_35,489,60.398634289881564
poi_500_35,poi_500_35,490,63.36946359993729
poi_500_35,poi_500_35,491,63.68593345520353
poi_500_35,poi_500_35,492,60.51381330570714
poi_500_35,poi_500_35,493,57.91447236791582
poi_500_35,poi_500_35,494,56.73862047073307
poi_500_35,poi_500_35,495,57.249950132460945
poi_500_35,poi_500_35,496,58.750664392285465
poi_500_35,poi_500_35,497,59.82832825497766
poi_500_35,poi_500_35,498,58.117519702550254
poi_500_35,poi_500_35,499,58.90596673588304
poi_500_35,poi_500_35,500,58.52501888392518
poi_500_35,poi_500_35,501,57.937928226976545
poi_500_35,poi_500_35,502,59.29959520957708
poi_500_35,poi_500_35,503,60.33653679225761
poi_500_35,poi_500_35,504,58.961371786289575
poi_500_35,poi_500_35,505,58.31276562082495
poi_500_35,poi_500_35,506,59.12367971029926
poi_500_35,poi_500_35,507,59.9916179335102
poi_500_35,poi_500_35,508,63.242858507646424
poi_500_35,poi_500_35,509,63.6371574027364
poi_500_35,poi_500_35,510,60.55165002266997
poi_500_35,poi_500_35,511,59.084557188576866
poi_500_35,poi_500_35,512,58.74834748169629
poi_500_35,poi_500_35,513,60.20580328316775
poi_500_35,poi_500_35,514,63.278201318521155
poi_500_35,poi_500_35,515,63.60123150246436
poi_500_35,poi_500_35,516,60.34435004560558
poi_500_35,poi_500_35,517,59.40123348414219
poi_500_35,poi_500_35,518,58.09135500022904
poi_500_35,poi_500_35,519,57.67710130236048
poi_500_35,poi_500_35,520,58.8493164258156
poi_500_35,poi_500_35,521,59.741736777114696
poi_500_35,poi_500_35,522,57.71957162585437
poi_500_35,poi_500_35,523,57.52165180528111
poi_500_35,poi_500_35,524,56.94647235291269
poi_500_35,poi_500_35,525,57.62290659943669
poi_500_35,poi_500_35,526,59.00467604191995
poi_500_35,poi_500_35,527,60.027590277519316
poi_500_35,poi_500_35,528,58.39691223259952
poi_500_35,poi_500_35,529,57.19957822137924
poi_500_35,poi_500_35,530,57.32054824170966
poi_500_35,poi_500_35,531,56.816223925538125
poi_500_35,poi_500_35,532,58.64966258608315
poi_500_35,poi_500_35,533,59.91348726611698
poi_500_35,poi_500_35,534,58.45834800926347
poi_500_35,poi_500_35,535,58.54942552873471
poi_500_35,poi_500_35,536,59.12367971029926
poi_500_35,poi_500_35,537,60.35343722922506
poi_500_35,poi_500_35,538,63.44603636797559
poi_500_35,poi_500_35,539,63.85574627105362
poi_500_35,poi_500_35,540,61.06635791672295
poi_500_35,poi_500_35,541,59.93053478728966
poi_500_35,poi_500_35,542,59.85245400491573
poi_500_35,poi_500_35,543,60.38242176155662
poi_500_35,poi_500_35,544,63.390801144333004
poi_500_35,poi_500_35,545,63.73962636063002
poi_500_35,poi_500_35,546,60.713195856772415
poi_500_35,poi_500_35,547,60.10523693970764
poi_500_35,poi_500_35,548,59.647620492116275
poi_500_35,poi_500_35,549,61.06131058696528
poi_500_35,poi_500_35,550,63.70440597984814
poi_500_35,poi_500_35,551,63.998611443571995
poi_500_35,poi_500_35,552,61.17765087308549
poi_500_35,poi_500_35,553,60.03211607733561
poi_500_35,poi_500_35,554,59.351838224651566
poi_500_35,poi_500_35,555,58.54901376210378
poi_500_35,poi_500_35,556,59.657541275428905
poi_500_35,poi_500_35,557,60.552774367816546
poi_500_35,poi_500_35,558,59.19248201206314
poi_500_35,poi_500_35,559,59.50683881378563
poi_500_35,poi_500_35,560,59.955174826889035
poi_500_35,poi_500_35,561,60.88620514996623
poi_500_35,poi_500_35,562,63.67237906980961
poi_500_35,poi_500_35,563,64.03140785655697
poi_500_35,poi_500_35,564,61.349464030641776
poi_500_35,poi_500_35,565,59.75963100666427
poi_500_35,poi_500_35,566,59.85245400491573
poi_500_35,poi_500_35,567,60.38242176155662
poi_500_35,poi_500_35,568,63.390801144333004
poi_500_35,poi_500_35,569,63.73962636063002
poi_500_35,poi_500_35,570,60.713195856772415
poi_500_35,poi_500_35,571,60.10523693970764
poi_500_35,poi_500_35,572,59.647620492116275
poi_500_35,poi_500_35,573,60.75587379187181
poi_500_35,poi_500_35,574,63.513225255181794
poi_500_35,poi_500_35,575,63.78727126018112
poi_500_35,poi_500_35,576,60.67674652317208
poi_500_35,poi_500_35,577,59.207677551436994
poi_500_35,poi_500_35,578,58.09135500022904
poi_500_35,poi_500_35,579,57.67710130236048
poi_500_35,poi_500_35,580,58.8493164258156
poi_500_35,poi_500_35,581,59.741736777114696
poi_500_35,poi_500_35,582,57.71957162585437
poi_500_35,poi_500_35,583,57.52165180528111
poi_500_35,poi_500_35,584,56.94647235291269
poi_500_35,poi_500_35,585,56.91761827522825
poi_500_35,poi_500_35,586,58.414374462672775
poi_500_35,poi_500_35,587,59.4797363066974
poi_500_35,poi_500_35,588,57.39154897190662
poi_500_35,poi_500_35,589,55.447742100907746
poi_500_35,poi_500_35,590,55.086519124289104
poi_500_35,poi_500_35,591,55.44300925701548
poi_500_35,poi_500_35,592,57.60296931667553
poi_500_35,poi_500_35,593,58.95868230942165
poi_500_35,poi_500_35,594,56.64986498564019
poi_500_35,poi_500_35,595,55.89441414181369
poi_500_35,poi_500_35,596,55.086519124289104
poi_500_35,poi_500_35,597,56.40383078764137
poi_500_35,poi_500_35,598,58.30519918576598
poi_500_35,poi_500_35,599,59.57165585527521
poi_500_45,poi_500_45,0,40.0
poi_500_45,poi_500_45,1,40.0
poi_500_45,poi_500_45,2,40.0
poi_500_45,poi_500_45,3,40.0
poi_500_45,poi_500_45,4,40.0
poi_500_45,poi_500_45,5,40.0
poi_500_45,poi_500_45,6,40.0
poi_500_45,poi_500_45,7,40.0
poi_500_45,poi_500_45,8,40.0
poi_500_45,poi_500_45,9,50.99021693163985
poi_500_45,poi_500_45,10,51.59864908313673
poi_500_45,poi_500_45,11,52.26340308359377
poi_500_45,poi_500_45,12,52.993756094050624
poi_500_45,poi_500_45,13,53.80152229682569
poi_500_45,poi_500_45,14,54.702055699513956
poi_500_45,poi_500_45,15,56.15116568778415
poi_500_45,poi_500_45,16,50.95101302777507
poi_500_45,poi_500_45,17,51.632813690739724
poi_500_45,poi_500_45,18,52.813456089640624
poi_500_45,poi_500_45,19,54.29965945518017
poi_500_45,poi_500_45,20,56.217327515310494
poi_500_45,poi_500_45,21,59.360269551694714
poi_500_45,poi_500_45,22,61.37553958671993
poi_500_45,poi_500_45,23,61.6729962122544
poi_500_45,poi_500_45,24,59.718236806393115
poi_500_45,poi_500_45,25,58.19240343266871
poi_500_45,poi_500_45,26,57.73942227855754
poi_500_45,poi_500_45,27,58.46014513731353
poi_500_45,poi_500_45,28,57.052571871794
poi_500_45,poi_500_45,29,57.742462688919
poi_500_45,poi_500_45,30,59.04309315340649
poi_500_45,poi_500_45,31,58.40365506581783
poi_500_45,poi_500_45,32,58.66877960227563
poi_500_45,poi_500_45,33,60.47323144659201
poi_500_45,poi_500_45,34,61.98775132454635
poi_500_45,poi_500_45,35,62.1688720195639
poi_500_45,poi_500_45,36,60.721016683097616
poi_500_45,poi_500_45,37,58.75971167927932
poi_500_45,poi_500_45,38,58.2591248046342
poi_500_45,poi_500_45,39,59.30081585704586
poi_500_45,poi_500_45,40,58.210575344252014
poi_500_45,poi_500_45,41,58.81220332906722
poi_500_45,poi_500_45,42,59.93944532477486
poi_500_45,poi_500_45,43,59.555658677751026
poi_500_45,poi_500_45,44,59.77883134048418
poi_500_45,poi_500_45,45,61.42521149059476
poi_500_45,poi_500_45,46,62.131133373179246
poi_500_45,poi_500_45,47,62.33681542497007
poi_500_45,poi_500_45,48,61.054216813553744
poi_500_45,poi_500_45,49,59.534937287697886
poi_500_45,poi_500_45,50,59.6515136435592
poi_500_45,poi_500_45,51,60.98286768157855
poi_500_45,poi_500_45,52,61.70082496085391
poi_500_45,poi_500_45,53,61.894655940200835
poi_500_45,poi_500_45,54,61.19671357144498
poi_500_45,poi_500_45,55,59.89370408989724
poi_500_45,poi_500_45,56,59.44152022358034
poi_500_45,poi_500_45,57,60.49654181227503
poi_500_45,poi_500_45,58,61.88603077310427
poi_500_45,poi_500_45,59,61.99116590603324
poi_500_45,poi_500_45,60,61.16874377309734
poi_500_45,poi_500_45,61,58.98227803209171
poi_500_45,poi_500_45,62,57.96703955843792
poi_500_45,poi_500_45,63,58.00831149391413
poi_500_45,poi_500_45,64,57.96765048284554
poi_500_45,poi_500_45,65,58.305912698993595
poi_500_45,poi_500_45,66,59.22195853644973
poi_500_45,poi_500_45,67,57.36824088317889
poi_500_45,poi_500_45,68,56.8381839501033
poi_500_45,poi_500_45,69,57.96688513218332
poi_500_45,poi_500_45,70,58.214229107966574
poi_500_45,poi_500_45,71,58.710272917358054
poi_500_45,poi_500_45,72,58.49894376577923
poi_500_45,poi_500_45,73,57.0416456341912
poi_500_45,poi_500_45,74,57.21332056377382
poi_500_45,poi_500_45,75,58.802464323568515
poi_500_45,poi_500_45,76,57.76997573796348
poi_500_45,poi_500_45,77,58.502204195164296
poi_500_45,poi_500_45,78,58.550524437120465
poi_500_45,poi_500_45,79,58.39317403499362
poi_500_45,poi_500_45,80,58.91851221582509
poi_500_45,poi_500_45,81,60.650861756014606
poi_500_45,poi_500_45,82,61.50907846038753
poi_500_45,poi_500_45,83,61.74497377010674
poi_500_45,poi_500_45,84,60.20085998882063
poi_500_45,poi_500_45,85,58.829906819315745
poi_500_45,poi_500_45,86,58.50366976393329
poi_500_45,poi_500_45,87,60.28148272020606
poi_500_45,poi_500_45,88,61.83788812655329
poi_500_45,poi_500_45,89,62.04232360103855
poi_500_45,poi_500_45,90,61.35079725567269
poi_500_45,poi_500_45,91,60.006191324209794
poi_500_45,poi_500_45,92,59.24556136686215
poi_500_45,poi_500_45,93,59.964028130044
poi_500_45,poi_500_45,94,58.919867529553244
poi_500_45,poi_500_45,95,59.34720266019849
poi_500_45,poi_500_45,96,60.30130154431706
poi_500_45,poi_500_45,97,59.36963462946081
poi_500_45,poi_500_45,98,59.77883134048418
poi_500_45,poi_500_45,99,61.42521149059476
poi_500_45,poi_500_45,100,62.131133373179246
poi_500_45,poi_500_45,101,62.33681542497007
poi_500_45,poi_500_45,102,61.054216813553744
poi_500_45,poi_500_45,103,59.534937287697886
poi_500_45,poi_500_45,104,59.6515136435592
poi_500_45,poi_500_45,105,61.271881803009094
poi_500_45,poi_500_45,106,61.98621924200608
poi_500_45,poi_500_45,107,62.21513516382938
poi_500_45,poi_500_45,108,61.6404840990043
poi_500_45,poi_500_45,109,60.600565916718494
poi_500_45,poi_500_45,110,60.3888989169984
poi_500_45,poi_500_45,111,61.44394331999035
poi_500_45,poi_500_45,112,62.03275399257794
poi_500_45,poi_500_45,113,62.16598446973522
poi_500_45,poi_500_45,114,61.470411115987254
poi_500_45,poi_500_45,115,59.72188993763175
poi_500_45,poi_500_45,116,59.44152022358034
poi_500_45,poi_500_45,117,60.81856121412055
poi_500_45,poi_500_45,118,62.15987792997923
poi_500_45,poi_500_45,119,62.304850192524945
poi_500_45,poi_500_45,120,61.615239051976246
poi_500_45,poi_500_45,121,59.83885596204647
poi_500_45,poi_500_45,122,59.24556136686215
poi_500_45,poi_500_45,123,59.5687070348587
poi_500_45,poi_500_45,124,58.320767163942904
poi_500_45,poi_500_45,125,58.70386723686681
poi_500_45,poi_500_45,126,59.685404548460575
poi_500_45,poi_500_45,127,58.40365506581783
poi_500_45,poi_500_45,128,58.66877960227563
poi_500_45,poi_500_45,129,60.12345968153154
poi_500_45,poi_500_45,130,61.70246108550855
poi_500_45,poi_500_45,131,61.844829379499444
poi_500_45,poi_500_45,132,60.165652411332886
poi_500_45,poi_500_45,133,57.627470495020006
poi_500_45,poi_500_45,134,56.58393835077777
poi_500_45,poi_500_45,135,57.61928573659402
poi_500_45,poi_500_45,136,57.84799513527019
poi_500_45,poi_500_45,137,58.424504213663255
poi_500_45,poi_500_45,138,59.50369873967459
poi_500_45,poi_500_45,139,58.7844710368622
poi_500_45,poi_500_45,140,58.43360883501434
poi_500_45,poi_500_45,141,59.10183047076063
poi_500_45,poi_500_45,142,57.89176993995092
poi_500_45,poi_500_45,143,58.38574399485871
poi_500_45,poi_500_45,144,58.196752036743575
poi_500_45,poi_500_45,145,56.81613217431534
poi_500_45,poi_500_45,146,57.52213084956259
poi_500_45,poi_500_45,147,59.48599814653102
poi_500_45,poi_500_45,148,61.34318893363138
poi_500_45,poi_500_45,149,61.55195833518475
poi_500_45,poi_500_45,150,59.79180709106565
poi_500_45,poi_500_45,151,57.90244881207657
poi_500_45,poi_500_45,152,56.58393835077777
poi_500_45,poi_500_45,153,56.91711327661799
poi_500_45,poi_500_45,154,57.06523949016659
poi_500_45,poi_500_45,155,57.61384115485028
poi_500_45,poi_500_45,156,58.7523088505027
poi_500_45,poi_500_45,157,57.65957719888463
poi_500_45,poi_500_45,158,56.8381839501033
poi_500_45,poi_500_45,159,57.32294193287797
poi_500_45,poi_500_45,160,57.500290750932024
poi_500_45,poi_500_45,161,57.95599979048027
poi_500_45,poi_500_45,162,57.52859629538327
poi_500_45,poi_500_45,163,55.2314099934193
poi_500_45,poi_500_45,164,54.94253172870614
poi_500_45,poi_500_45,165,56.01432831069346
poi_500_45,poi_500_45,166,56.48239844515849
poi_500_45,poi_500_45,167,57.2005165335408
poi_500_45,poi_500_45,168,56.815752896186595
poi_500_45,poi_500_45,169,55.69825694776426
poi_500_45,poi_500_45,170,54.94253172870614
poi_500_45,poi_500_45,171,56.86378091287136
poi_500_45,poi_500_45,172,57.36682955080046
poi_500_45,poi_500_45,173,58.08439604252613
poi_500_45,poi_500_45,174,57.938509000416175
poi_500_45,poi_500_45,175,57.35493368390597
poi_500_45,poi_500_45,176,57.21332056377382
poi_500_45,poi_500_45,177,58.27834177264834
poi_500_45,poi_500_45,178,56.97164411489108
poi_500_45,poi_500_45,179,57.70731624127298
poi_500_45,poi_500_45,180,57.59299533527532
poi_500_45,poi_500_45,181,57.14550007311294
poi_500_45,poi_500_45,182,57.52213084956259
poi_500_45,poi_500_45,183,59.48599814653102
poi_500_45,poi_500_45,184,61.34318893363138
poi_500_45,poi_500_45,185,61.55195833518475
poi_500_45,poi_500_45,186,59.79180709106565
poi_500_45,poi_500_45,187,57.90244881207657
poi_500_45,poi_500_45,188,56.58393835077777
poi_500_45,poi_500_45,189,56.91711327661799
poi_500_45,poi_500_45,190,57.06523949016659
poi_500_45,poi_500_45,191,57.61384115485028
poi_500_45,poi_500_45,192,58.7523088505027
poi_500_45,poi_500_45,193,57.65957719888463
poi_500_45,poi_500_45,194,56.8381839501033
poi_500_45,poi_500_45,195,57.96688513218332
poi_500_45,poi_500_45,196,58.214229107966574
poi_500_45,poi_500_45,197,58.710272917358054
poi_500_45,poi_500_45,198,58.49894376577923
poi_500_45,poi_500_45,199,57.0416456341912
poi_500_45,poi_500_45,200,57.21332056377382
poi_500_45,poi_500_45,201,58.802464323568515
poi_500_45,poi_500_45,202,57.76997573796348
poi_500_45,poi_500_45,203,58.502204195164296
poi_500_45,poi_500_45,204,58.550524437120465
poi_500_45,poi_500_45,205,58.39317403499362
poi_500_45,poi_500_45,206,58.91851221582509
poi_500_45,poi_500_45,207,60.650861756014606
poi_500_45,poi_500_45,208,61.50907846038753
poi_500_45,poi_500_45,209,61.74497377010674
poi_500_45,poi_500_45,210,60.20085998882063
poi_500_45,poi_500_45,211,58.829906819315745
poi_500_45,poi_500_45,212,58.50366976393329
poi_500_45,poi_500_45,213,59.91523748831818
poi_500_45,poi_500_45,214,61.54223279812062
poi_500_45,poi_500_45,215,61.70832190703771
poi_500_45,poi_500_45,216,60.8746776681399
poi_500_45,poi_500_45,217,59.18525683451609
poi_500_45,poi_500_45,218,57.96703955843792
poi_500_45,poi_500_45,219,58.00831149391413
poi_500_45,poi_500_45,220,57.96765048284554
poi_500_45,poi_500_45,221,58.305912698993595
poi_500_45,poi_500_45,222,59.22195853644973
poi_500_45,poi_500_45,223,57.36824088317889
poi_500_45,poi_500_45,224,56.8381839501033
poi_500_45,poi_500_45,225,57.96688513218332
poi_500_45,poi_500_45,226,58.214229107966574
poi_500_45,poi_500_45,227,58.710272917358054
poi_500_45,poi_500_45,228,58.49894376577923
poi_500_45,poi_500_45,229,57.0416456341912
poi_500_45,poi_500_45,230,57.21332056377382
poi_500_45,poi_500_45,231,58.27834177264834
poi_500_45,poi_500_45,232,56.97164411489108
poi_500_45,poi_500_45,233,57.70731624127298
poi_500_45,poi_500_45,234,57.59299533527532
poi_500_45,poi_500_45,235,57.14550007311294
poi_500_45,poi_500_45,236,57.52213084956259
poi_500_45,poi_500_45,237,59.88857830756779
poi_500_45,poi_500_45,238,61.652227837184256
poi_500_45,poi_500_45,239,61.89772958045047
poi_500_45,poi_500_45,240,60.393784340035104
poi_500_45,poi_500_45,241,58.97310577355387
poi_500_45,poi_500_45,242,58.2591248046342
poi_500_45,poi_500_45,243,58.836668607420314
poi_500_45,poi_500_45,244,57.495983829521926
poi_500_45,poi_500_45,245,58.076996538033086
poi_500_45,poi_500_45,246,59.26566843229377
poi_500_45,poi_500_45,247,58.63480443956851
poi_500_45,poi_500_45,248,58.66877960227563
poi_500_45,poi_500_45,249,60.47323144659201
poi_500_45,poi_500_45,250,61.98775132454635
poi_500_45,poi_500_45,251,62.1688720195639
poi_500_45,poi_500_45,252,60.721016683097616
poi_500_45,poi_500_45,253,58.75971167927932
poi_500_45,poi_500_45,254,58.2591248046342
poi_500_45,poi_500_45,255,58.836668607420314
poi_500_45,poi_500_45,256,57.495983829521926
poi_500_45,poi_500_45,257,58.076996538033086
poi_500_45,poi_500_45,258,59.26566843229377
poi_500_45,poi_500_45,259,58.63480443956851
poi_500_45,poi_500_45,260,58.66877960227563
poi_500_45,poi_500_45,261,60.12345968153154
poi_500_45,poi_500_45,262,61.70246108550855
poi_500_45,poi_500_45,263,61.844829379499444
poi_500_45,poi_500_45,264,60.165652411332886
poi_500_45,poi_500_45,265,57.627470495020006
poi_500_45,poi_500_45,266,56.58393835077777
poi_500_45,poi_500_45,267,57.61928573659402
poi_500_45,poi_500_45,268,57.84799513527019
poi_500_45,poi_500_45,269,58.424504213663255
poi_500_45,poi_500_45,270,59.50369873967459
poi_500_45,poi_500_45,271,58.7844710368622
poi_500_45,poi_500_45,272,58.43360883501434
poi_500_45,poi_500_45,273,59.10183047076063
poi_500_45,poi_500_45,274,57.89176993995092
poi_500_45,poi_500_45,275,58.38574399485871
poi_500_45,poi_500_45,276,58.196752036743575
poi_500_45,poi_500_45,277,56.81613217431534
poi_500_45,poi_500_45,278,57.52213084956259
poi_500_45,poi_500_45,279,59.88857830756779
poi_500_45,poi_500_45,280,61.652227837184256
poi_500_45,poi_500_45,281,61.89772958045047
poi_500_45,poi_500_45,282,60.393784340035104
poi_500_45,poi_500_45,283,58.97310577355387
poi_500_45,poi_500_45,284,58.2591248046342
poi_500_45,poi_500_45,285,59.30081585704586
poi_500_45,poi_500_45,286,58.210575344252014
poi_500_45,poi_500_45,287,58.81220332906722
poi_500_45,poi_500_45,288,59.93944532477486
poi_500_45,poi_500_45,289,59.555658677751026
poi_500_45,poi_500_45,290,59.77883134048418
poi_500_45,poi_500_45,291,61.14655189191511
poi_500_45,poi_500_45,292,61.85540873449878
poi_500_45,poi_500_45,293,62.0255159189564
poi_500_45,poi_500_45,294,60.54238676970464
poi_500_45,poi_500_45,295,58.60917438536987
poi_500_45,poi_500_45,296,58.50366976393329
poi_500_45,poi_500_45,297,60.28148272020606
poi_500_45,poi_500_45,298,61.83788812655329
poi_500_45,poi_500_45,299,62.04232360103855
poi_500_45,poi_500_45,300,61.35079725567269
poi_500_45,poi_500_45,301,60.006191324209794
poi_500_45,poi_500_45,302,59.24556136686215
poi_500_45,poi_500_45,303,59.5687070348587
poi_500_45,poi_500_45,304,58.320767163942904
poi_500_45,poi_500_45,305,58.70386723686681
poi_500_45,poi_500_45,306,59.685404548460575
poi_500_45,poi_500_45,307,58.40365506581783
poi_500_45,poi_500_45,308,58.66877960227563
poi_500_45,poi_500_45,309,60.12345968153154
poi_500_45,poi_500_45,310,61.70246108550855
poi_500_45,poi_500_45,311,61.844829379499444
poi_500_45,poi_500_45,312,60.165652411332886
poi_500_45,poi_500_45,313,57.627470495020006
poi_500_45,poi_500_45,314,56.58393835077777
poi_500_45,poi_500_45,315,57.61928573659402
poi_500_45,poi_500_45,316,57.84799513527019
poi_500_45,poi_500_45,317,58.424504213663255
poi_500_45,poi_500_45,318,59.50369873967459
poi_500_45,poi_500_45,319,58.7844710368622
poi_500_45,poi_500_45,320,58.43360883501434
poi_500_45,poi_500_45,321,59.53982612889839
poi_500_45,poi_500_45,322,58.54858633591385
poi_500_45,poi_500_45,323,59.07428787263416
poi_500_45,poi_500_45,324,59.04129336614063
poi_500_45,poi_500_45,325,58.14842004464264
poi_500_45,poi_500_45,326,58.91851221582509
poi_500_45,poi_500_45,327,60.650861756014606
poi_500_45,poi_500_45,328,61.50907846038753
poi_500_45,poi_500_45,329,61.74497377010674
poi_500_45,poi_500_45,330,60.20085998882063
poi_500_45,poi_500_45,331,58.829906819315745
poi_500_45,poi_500_45,332,58.50366976393329
poi_500_45,poi_500_45,333,59.91523748831818
poi_500_45,poi_500_45,334,61.54223279812062
poi_500_45,poi_500_45,335,61.70832190703771
poi_500_45,poi_500_45,336,60.8746776681399
poi_500_45,poi_500_45,337,59.18525683451609
poi_500_45,poi_500_45,338,57.96703955843792
poi_500_45,poi_500_45,339,58.00831149391413
poi_500_45,poi_500_45,340,57.96765048284554
poi_500_45,poi_500_45,341,58.305912698993595
poi_500_45,poi_500_45,342,59.22195853644973
poi_500_45,poi_500_45,343,57.36824088317889
poi_500_45,poi_500_45,344,56.8381839501033
poi_500_45,poi_500_45,345,57.32294193287797
poi_500_45,poi_500_45,346,57.500290750932024
poi_500_45,poi_500_45,347,57.95599979048027
poi_500_45,poi_500_45,348,57.52859629538327
poi_500_45,poi_500_45,349,55.2314099934193
poi_500_45,poi_500_45,350,54.94253172870614
poi_500_45,poi_500_45,351,56.01432831069346
poi_500_45,poi_500_45,352,56.48239844515849
poi_500_45,poi_500_45,353,57.2005165335408
poi_500_45,poi_500_45,354,56.815752896186595
poi_500_45,poi_500_45,355,55.69825694776426
poi_500_45,poi_500_45,356,54.94253172870614
poi_500_45,poi_500_45,357,56.86378091287136
poi_500_45,poi_500_45,358,57.36682955080046
poi_500_45,poi_500_45,359,58.08439604252613
poi_500_45,poi_500_45,360,57.938509000416175
poi_500_45,poi_500_45,361,57.35493368390597
poi_500_45,poi_500_45,362,57.21332056377382
poi_500_45,poi_500_45,363,58.802464323568515
poi_500_45,poi_500_45,364,57.76997573796348
poi_500_45,poi_500_45,365,58.502204195164296
poi_500_45,poi_500_45,366,58.550524437120465
poi_500_45,poi_500_45,367,58.39317403499362
poi_500_45,poi_500_45,368,58.91851221582509
poi_500_45,poi_500_45,369,60.650861756014606
poi_500_45,poi_500_45,370,61.50907846038753
poi_500_45,poi_500_45,371,61.74497377010674
poi_500_45,poi_500_45,372,60.20085998882063
poi_500_45,poi_500_45,373,58.829906819315745
poi_500_45,poi_500_45,374,58.50366976393329
poi_500_45,poi_500_45,375,59.91523748831818
poi_500_45,poi_500_45,376,61.54223279812062
poi_500_45,poi_500_45,377,61.70832190703771
poi_500_45,poi_500_45,378,60.8746776681399
poi_500_45,poi_500_45,379,59.18525683451609
poi_500_45,poi_500_45,380,57.96703955843792
poi_500_45,poi_500_45,381,58.56399215599702
poi_500_45,poi_500_45,382,58.61389619637283
poi_500_45,poi_500_45,383,59.00625314723471
poi_500_45,poi_500_45,384,59.90204398621988
poi_500_45,poi_500_45,385,58.56135652432254
poi_500_45,poi_500_45,386,58.43360883501434
poi_500_45,poi_500_45,387,59.53982612889839
poi_500_45,poi_500_45,388,58.54858633591385
poi_500_45,poi_500_45,389,59.07428787263416
poi_500_45,poi_500_45,390,59.04129336614063
poi_500_45,poi_500_45,391,58.14842004464264
poi_500_45,poi_500_45,392,58.91851221582509
poi_500_45,poi_500_45,393,60.962032713729705
poi_500_45,poi_500_45,394,61.806923526697574
poi_500_45,poi_500_45,395,62.07627293009754
poi_500_45,poi_500_45,396,60.75201303233804
poi_500_45,poi_500_45,397,59.71415524175322
poi_500_45,poi_500_45,398,59.6515136435592
poi_500_45,poi_500_45,399,61.271881803009094
poi_500_45,poi_500_45,400,61.98621924200608
poi_500_45,poi_500_45,401,62.21513516382938
poi_500_45,poi_500_45,402,61.6404840990043
poi_500_45,poi_500_45,403,60.600565916718494
poi_500_45,poi_500_45,404,60.3888989169984
poi_500_45,poi_500_45,405,61.44394331999035
poi_500_45,poi_500_45,406,62.03275399257794
poi_500_45,poi_500_45,407,62.16598446973522
poi_500_45,poi_500_45,408,61.470411115987254
poi_500_45,poi_500_45,409,59.72188993763175
poi_500_45,poi_500_45,410,59.44152022358034
poi_500_45,poi_500_45,411,60.81856121412055
poi_500_45,poi_500_45,412,62.15987792997923
poi_500_45,poi_500_45,413,62.304850192524945
poi_500_45,poi_500_45,414,61.615239051976246
poi_500_45,poi_500_45,415,59.83885596204647
poi_500_45,poi_500_45,416,59.24556136686215
poi_500_45,poi_500_45,417,59.964028130044
poi_500_45,poi_500_45,418,58.919867529553244
poi_500_45,poi_500_45,419,59.34720266019849
poi_500_45,poi_500_45,420,60.30130154431706
poi_500_45,poi_500_45,421,59.36963462946081
poi_500_45,poi_500_45,422,59.77883134048418
poi_500_45,poi_500_45,423,61.42521149059476
poi_500_45,poi_500_45,424,62.131133373179246
poi_500_45,poi_500_45,425,62.33681542497007
poi_500_45,poi_500_45,426,61.054216813553744
poi_500_45,poi_500_45,427,59.534937287697886
poi_500_45,poi_500_45,428,59.6515136435592
poi_500_45,poi_500_45,429,61.271881803009094
poi_500_45,poi_500_45,430,61.98621924200608
poi_500_45,poi_500_45,431,62.21513516382938
poi_500_45,poi_500_45,432,61.6404840990043
poi_500_45,poi_500_45,433,60.600565916718494
poi_500_45,poi_500_45,434,60.3888989169984
poi_500_45,poi_500_45,435,61.44394331999035
poi_500_45,poi_500_45,436,62.03275399257794
poi_500_45,poi_500_45,437,62.16598446973522
poi_500_45,poi_500_45,438,61.470411115987254
poi_500_45,poi_500_45,439,59.72188993763175
poi_500_45,poi_500_45,440,59.44152022358034
poi_500_45,poi_500_45,441,60.81856121412055
poi_500_45,poi_500_45,442,62.15987792997923
poi_500_45,poi_500_45,443,62.304850192524945
poi_500_45,poi_500_45,444,61.615239051976246
poi_500_45,poi_500_45,445,59.83885596204647
poi_500_45,poi_500_45,446,59.24556136686215
poi_500_45,poi_500_45,447,59.964028130044
poi_500_45,poi_500_45,448,58.919867529553244
poi_500_45,poi_500_45,449,59.34720266019849
poi_500_45,poi_500_45,450,60.30130154431706
poi_500_45,poi_500_45,451,59.36963462946081
poi_500_45,poi_500_45,452,59.77883134048418
poi_500_45,poi_500_45,453,61.42521149059476
poi_500_45,poi_500_45,454,62.131133373179246
poi_500_45,poi_500_45,455,62.33681542497007
poi_500_45,poi_500_45,456,61.054216813553744
poi_500_45,poi_500_45,457,59.534937287697886
poi_500_45,poi_500_45,458,59.6515136435592
poi_500_45,poi_500_45,459,60.98286768157855
poi_500_45,poi_500_45,460,61.70082496085391
poi_500_45,poi_500_45,461,61.894655940200835
poi_500_45,poi_500_45,462,61.19671357144498
poi_500_45,poi_500_45,463,59.89370408989724
poi_500_45,poi_500_45,464,59.44152022358034
poi_500_45,poi_500_45,465,60.81856121412055
poi_500_45,poi_500_45,466,62.15987792997923
poi_500_45,poi_500_45,467,62.304850192524945
poi_500_45,poi_500_45,468,61.615239051976246
poi_500_45,poi_500_45,469,59.83885596204647
poi_500_45,poi_500_45,470,59.24556136686215
poi_500_45,poi_500_45,471,59.5687070348587
poi_500_45,poi_500_45,472,58.320767163942904
poi_500_45,poi_500_45,473,58.70386723686681
poi_500_45,poi_500_45,474,59.685404548460575
poi_500_45,poi_500_45,475,58.40365506581783
poi_500_45,poi_500_45,476,58.66877960227563
poi_500_45,poi_500_45,477,60.47323144659201
poi_500_45,poi_500_45,478,61.98775132454635
poi_500_45,poi_500_45,479,62.1688720195639
poi_500_45,poi_500_45,480,60.721016683097616
poi_500_45,poi_500_45,481,58.75971167927932
poi_500_45,poi_500_45,482,58.2591248046342
poi_500_45,poi_500_45,483,58.836668607420314
poi_500_45,poi_500_45,484,57.495983829521926
poi_500_45,poi_500_45,485,58.076996538033086
poi_500_45,poi_500_45,486,59.26566843229377
poi_500_45,poi_500_45,487,58.63480443956851
poi_500_45,poi_500_45,488,58.66877960227563
poi_500_45,poi_500_45,489,60.12345968153154
poi_500_45,poi_500_45,490,61.70246108550855
poi_500_45,poi_500_45,491,61.844829379499444
poi_500_45,poi_500_45,492,60.165652411332886
poi_500_45,poi_500_45,493,57.627470495020006
poi_500_45,poi_500_45,494,56.58393835077777
poi_500_45,poi_500_45,495,57.61928573659402
poi_500_45,poi_500_45,496,57.84799513527019
poi_500_45,poi_500_45,497,58.424504213663255
poi_500_45,poi_500_45,498,59.50369873967459
poi_500_45,poi_500_45,499,58.7844710368622
poi_500_45,poi_500_45,500,58.43360883501434
poi_500_45,poi_500_45,501,59.53982612889839
poi_500_45,poi_500_45,502,58.54858633591385
poi_500_45,poi_500_45,503,59.07428787263416
poi_500_45,poi_500_45,504,59.04129336614063
poi_500_45,poi_500_45,505,58.14842004464264
poi_500_45,poi_500_45,506,58.91851221582509
poi_500_45,poi_500_45,507,60.650861756014606
poi_500_45,poi_500_45,508,61.50907846038753
poi_500_45,poi_500_45,509,61.74497377010674
poi_500_45,poi_500_45,510,60.20085998882063
poi_500_45,poi_500_45,511,58.829906819315745
poi_500_45,poi_500_45,512,58.50366976393329
poi_500_45,poi_500_45,513,59.91523748831818
poi_500_45,poi_500_45,514,61.54223279812062
poi_500_45,poi_500_45,515,61.70832190703771
poi_500_45,poi_500_45,516,60.8746776681399
poi_500_45,poi_500_45,517,59.18525683451609
poi_500_45,poi_500_45,518,57.96703955843792
poi_500_45,poi_500_45,519,58.00831149391413
poi_500_45,poi_500_45,520,57.96765048284554
poi_500_45,poi_500_45,521,58.305912698993595
poi_500_45,poi_500_45,522,59.22195853644973
poi_500_45,poi_500_45,523,57.36824088317889
poi_500_45,poi_500_45,524,56.8381839501033
poi_500_45,poi_500_45,525,57.96688513218332
poi_500_45,poi_500_45,526,58.214229107966574
poi_500_45,poi_500_45,527,58.710272917358054
poi_500_45,poi_500_45,528,58.49894376577923
poi_500_45,poi_500_45,529,57.0416456341912
poi_500_45,poi_500_45,530,57.21332056377382
poi_500_45,poi_500_45,531,58.802464323568515
poi_500_45,poi_500_45,532,57.76997573796348
poi_500_45,poi_500_45,533,58.502204195164296
poi_500_45,poi_500_45,534,58.550524437120465
poi_500_45,poi_500_45,535,58.39317403499362
poi_500_45,poi_500_45,536,58.91851221582509
poi_500_45,poi_500_45,537,60.962032713729705
poi_500_45,poi_500_45,538,61.806923526697574
poi_500_45,poi_500_45,539,62.07627293009754
poi_500_45,poi_500_45,540,60.75201303233804
poi_500_45,poi_500_45,541,59.71415524175322
poi_500_45,poi_500_45,542,59.6515136435592
poi_500_45,poi_500_45,543,60.98286768157855
poi_500_45,poi_500_45,544,61.70082496085391
poi_500_45,poi_500_45,545,61.894655940200835
poi_500_45,poi_500_45,546,61.19671357144498
poi_500_45,poi_500_45,547,59.89370408989724
poi_500_45,poi_500_45,548,59.44152022358034
poi_500_45,poi_500_45,549,60.81856121412055
poi_500_45,poi_500_45,550,62.15987792997923
poi_500_45,poi_500_45,551,62.304850192524945
poi_500_45,poi_500_45,552,61.615239051976246
poi_500_45,poi_500_45,553,59.83885596204647
poi_500_45,poi_500_45,554,59.24556136686215
poi_500_45,poi_500_45,555,59.964028130044
poi_500_45,poi_500_45,556,58.919867529553244
poi_500_45,poi_500_45,557,59.34720266019849
poi_500_45,poi_500_45,558,60.30130154431706
poi_500_45,poi_500_45,559,59.36963462946081
poi_500_45,poi_500_45,560,59.77883134048418
poi_500_45,poi_500_45,561,61.42521149059476
poi_500_45,poi_500_45,562,62.131133373179246
poi_500_45,poi_500_45,563,62.33681542497007
poi_500_45,poi_500_45,564,61.054216813553744
poi_500_45,poi_500_45,565,59.534937287697886
poi_500_45,poi_500_45,566,59.6515136435592
poi_500_45,poi_500_45,567,60.98286768157855
poi_500_45,poi_500_45,568,61.70082496085391
poi_500_45,poi_500_45,569,61.894655940200835
poi_500_45,poi_500_45,570,61.19671357144498
poi_500_45,poi_500_45,571,59.89370408989724
poi_500_45,poi_500_45,572,59.44152022358034
poi_500_45,poi_500_45,573,60.49654181227503
poi_500_45,poi_500_45,574,61.88603077310427
poi_500_45,poi_500_45,575,61.99116590603324
poi_500_45,poi_500_45,576,61.16874377309734
poi_500_45,poi_500_45,577,58.98227803209171
poi_500_45,poi_500_45,578,57.96703955843792
poi_500_45,poi_500_45,579,58.00831149391413
poi_500_45,poi_500_45,580,57.96765048284554
poi_500_45,poi_500_45,581,58.305912698993595
poi_500_45,poi_500_45,582,59.22195853644973
poi_500_45,poi_500_45,583,57.36824088317889
poi_500_45,poi_500_45,584,56.8381839501033
poi_500_45,poi_500_45,585,57.32294193287797
poi_500_45,poi_500_45,586,57.500290750932024
poi_500_45,poi_500_45,587,57.95599979048027
poi_500_45,poi_500_45,588,57.52859629538327
poi_500_45,poi_500_45,589,55.2314099934193
poi_500_45,poi_500_45,590,54.94253172870614
poi_500_45,poi_500_45,591,56.01432831069346
poi_500_45,poi_500_45,592,56.48239844515849
poi_500_45,poi_500_45,593,57.2005165335408
poi_500_45,poi_500_45,594,56.815752896186595
poi_500_45,poi_500_45,595,55.69825694776426
poi_500_45,poi_500_45,596,54.94253172870614
poi_500_45,poi_500_45,597,56.86378091287136
poi_500_45,poi_500_45,598,57.36682955080046
poi_500_45,poi_500_45,599,58.08439604252613
poi_500_55,poi_500_55,0,40.0
poi_500_55,poi_500_55,1,40.0
poi_500_55,poi_500_55,2,40.0
poi_500_55,poi_500_55,3,40.0
poi_500_55,poi_500_55,4,40.0
poi_500_55,poi_500_55,5,40.0
poi_500_55,poi_500_55,6,40.0
poi_500_55,poi_500_55,7,40.0
poi_500_55,poi_500_55,8,40.0
poi_500_55,poi_500_55,9,50.96537913988527
poi_500_55,poi_500_55,10,51.56944110283251
poi_500_55,poi_500_55,11,52.22866424747589
poi_500_55,poi_500_55,12,52.95188272339282
poi_500_55,poi_500_55,13,53.75023657991104
poi_500_55,poi_500_55,14,54.63801540226172
poi_500_55,poi_500_55,15,56.07527373633964
poi_500_55,poi_500_55,16,50.63430982537723
poi_500_55,poi_500_55,17,51.569163406111834
poi_500_55,poi_500_55,18,52.70206762876192
poi_500_55,poi_500_55,19,54.097349287859444
poi_500_55,poi_500_55,20,55.82715416331993
poi_500_55,poi_500_55,21,58.68500115338229
poi_500_55,poi_500_55,22,60.36566909367072
poi_500_55,poi_500_55,23,60.20883320860197
poi_500_55,poi_500_55,24,58.97549365945294
poi_500_55,poi_500_55,25,57.87765380214435
poi_500_55,poi_500_55,26,57.55681760439182
poi_500_55,poi_500_55,27,58.23592766337735
poi_500_55,poi_500_55,28,56.20590236848159
poi_500_55,poi_500_55,29,56.62562537523938
poi_500_55,poi_500_55,30,58.679486687101445
poi_500_55,poi_500_55,31,58.2014789049379
poi_500_55,poi_500_55,32,58.40414262879543
poi_500_55,poi_500_55,33,59.94398248374289
poi_500_55,poi_500_55,34,61.117924991595274
poi_500_55,poi_500_55,35,60.87714722130884
poi_500_55,poi_500_55,36,60.12961213796607
poi_500_55,poi_500_55,37,58.47639131397582
poi_500_55,poi_500_55,38,58.09165099522701
poi_500_55,poi_500_55,39,59.11092992622229
poi_500_55,poi_500_55,40,57.568746264972134
poi_500_55,poi_500_55,41,57.95581686056802
poi_500_55,poi_500_55,42,59.63814769970145
poi_500_55,poi_500_55,43,59.38992805150201
poi_500_55,poi_500_55,44,59.55944642725517
poi_500_55,poi_500_55,45,60.98689342913582
poi_500_55,poi_500_55,46,60.93993197077374
poi_500_55,poi_500_55,47,61.09701012953623
poi_500_55,poi_500_55,48,60.49594542165287
poi_500_55,poi_500_55,49,59.25190097999649
poi_500_55,poi_500_55,50,59.392536839119394
poi_500_55,poi_500_55,51,60.48964913808852
poi_500_55,poi_500_55,52,60.36598706717846
poi_500_55,poi_500_55,53,60.480614013643006
poi_500_55,poi_500_55,54,60.64555809680293
poi_500_55,poi_500_55,55,59.62791554551447
poi_500_55,poi_500_55,56,59.17561218478251
poi_500_55,poi_500_55,57,59.95822115706104
poi_500_55,poi_500_55,58,60.99117735191243
poi_500_55,poi_500_55,59,60.61631729055692
poi_500_55,poi_500_55,60,60.62483226764971
poi_500_55,poi_500_55,61,58.70721528184184
poi_500_55,poi_500_55,62,57.79634093015002
poi_500_55,poi_500_55,63,57.783033776887834
poi_500_55,poi_500_55,64,58.0618680788167
poi_500_55,poi_500_55,65,57.344588926004164
poi_500_55,poi_500_55,66,58.888918909683866
poi_500_55,poi_500_55,67,57.187197932330484
poi_500_55,poi_500_55,68,56.69723309662834
poi_500_55,poi_500_55,69,57.75951297987399
poi_500_55,poi_500_55,70,58.30727976398191
poi_500_55,poi_500_55,71,57.88104963447609
poi_500_55,poi_500_55,72,58.12796917586705
poi_500_55,poi_500_55,73,56.85587350096061
poi_500_55,poi_500_55,74,57.073992460796894
poi_500_55,poi_500_55,75,58.60870572979485
poi_500_55,poi_500_55,76,57.06522395177534
poi_500_55,poi_500_55,77,57.6227029412203
poi_500_55,poi_500_55,78,58.16473087236561
poi_500_55,poi_500_55,79,58.196601858366385
poi_500_55,poi_500_55,80,58.662006363379724
poi_500_55,poi_500_55,81,60.129882725783645
poi_500_55,poi_500_55,82,60.10885580991449
poi_500_55,poi_500_55,83,60.29751473878656
poi_500_55,poi_500_55,84,59.52091731719002
poi_500_55,poi_500_55,85,58.507213221934926
poi_500_55,poi_500_55,86,58.18506359401869
poi_500_55,poi_500_55,87,59.71807822035391
poi_500_55,poi_500_55,88,60.93288191366475
poi_500_55,poi_500_55,89,60.68527804790876
poi_500_55,poi_500_55,90,60.82730848322785
poi_500_55,poi_500_55,91,59.77984297543763
poi_500_55,poi_500_55,92,59.10141405445877
poi_500_55,poi_500_55,93,59.79505125054224
poi_500_55,poi_500_55,94,58.37471671112908
poi_500_55,poi_500_55,95,58.594842449324915
poi_500_55,poi_500_55,96,60.02257006728898
poi_500_55,poi_500_55,97,59.19733076411788
poi_500_55,poi_500_55,98,59.55944642725517
poi_500_55,poi_500_55,99,60.98689342913582
poi_500_55,poi_500_55,100,60.93993197077374
poi_500_55,poi_500_55,101,61.09701012953623
poi_500_55,poi_500_55,102,60.49594542165287
poi_500_55,poi_500_55,103,59.25190097999649
poi_500_55,poi_500_55,104,59.392536839119394
poi_500_55,poi_500_55,105,60.81021187591017
poi_500_55,poi_500_55,106,60.74697295649162
poi_500_55,poi_500_55,107,60.91481417734788
poi_500_55,poi_500_55,108,61.14118847782963
poi_500_55,poi_500_55,109,60.36719168917183
poi_500_55,poi_500_55,110,60.16259765674609
poi_500_55,poi_500_55,111,60.998096324881395
poi_500_55,poi_500_55,112,60.80780026280217
poi_500_55,poi_500_55,113,60.84943039779862
poi_500_55,poi_500_55,114,60.953139906289344
poi_500_55,poi_500_55,115,59.44580681825529
poi_500_55,poi_500_55,116,59.17561218478251
poi_500_55,poi_500_55,117,60.318822821504405
poi_500_55,poi_500_55,118,61.32298206483711
poi_500_55,poi_500_55,119,61.03778723980724
poi_500_55,poi_500_55,120,61.12270273291827
poi_500_55,poi_500_55,121,59.60412314951657
poi_500_55,poi_500_55,122,59.10141405445877
poi_500_55,poi_500_55,123,59.38598630335573
poi_500_55,poi_500_55,124,57.694255474742846
poi_500_55,poi_500_55,125,57.82562068973534
poi_500_55,poi_500_55,126,59.369891743210076
poi_500_55,poi_500_55,127,58.2014789049379
poi_500_55,poi_500_55,128,58.40414262879543
poi_500_55,poi_500_55,129,59.54935398002373
poi_500_55,poi_500_55,130,60.769417184432754
poi_500_55,poi_500_55,131,60.43896744551244
poi_500_55,poi_500_55,132,59.49404637051486
poi_500_55,poi_500_55,133,57.27357024532033
poi_500_55,poi_500_55,134,56.368599519333415
poi_500_55,poi_500_55,135,57.37932731042011
poi_500_55,poi_500_55,136,57.94668184737088
poi_500_55,poi_500_55,137,57.48978255246882
poi_500_55,poi_500_55,138,59.18753429235113
poi_500_55,poi_500_55,139,58.64089800755876
poi_500_55,poi_500_55,140,58.315372626165825
poi_500_55,poi_500_55,141,58.91631423269751
poi_500_55,poi_500_55,142,57.20591448739822
poi_500_55,poi_500_55,143,57.48195750397764
poi_500_55,poi_500_55,144,57.78324177178038
poi_500_55,poi_500_55,145,56.552816985129596
poi_500_55,poi_500_55,146,57.1917394092512
poi_500_55,poi_500_55,147,58.82189032715549
poi_500_55,poi_500_55,148,60.32347352170119
poi_500_55,poi_500_55,149,60.031827069252124
poi_500_55,poi_500_55,150,59.05729291408322
poi_500_55,poi_500_55,151,57.56991034004876
poi_500_55,poi_500_55,152,56.368599519333415
poi_500_55,poi_500_55,153,56.63874192913422
poi_500_55,poi_500_55,154,57.18923911928734
poi_500_55,poi_500_55,155,56.46960750366126
poi_500_55,poi_500_55,156,58.38292102668993
poi_500_55,poi_500_55,157,57.48928826913351
poi_500_55,poi_500_55,158,56.69723309662834
poi_500_55,poi_500_55,159,57.08608733464131
poi_500_55,poi_500_55,160,57.6152750293239
poi_500_55,poi_500_55,161,56.95883414708391
poi_500_55,poi_500_55,162,57.071967195808206
poi_500_55,poi_500_55,163,54.97611501146898
poi_500_55,poi_500_55,164,54.75316958953173
poi_500_55,poi_500_55,165,55.70770309073276
poi_500_55,poi_500_55,166,56.63668969798933
poi_500_55,poi_500_55,167,55.992865357615564
poi_500_55,poi_500_55,168,56.277837975052066
poi_500_55,poi_500_55,169,55.467729441101625
poi_500_55,poi_500_55,170,54.75316958953173
poi_500_55,poi_500_55,171,56.60810560715105
poi_500_55,poi_500_55,172,57.48742820275923
poi_500_55,poi_500_55,173,57.117271288088475
poi_500_55,poi_500_55,174,57.51796522507305
poi_500_55,poi_500_55,175,57.18103696107387
poi_500_55,poi_500_55,176,57.07399246079689
poi_500_55,poi_500_55,177,58.06276536705326
poi_500_55,poi_500_55,178,56.11745926102844
poi_500_55,poi_500_55,179,56.637052785216504
poi_500_55,poi_500_55,180,57.11879369557504
poi_500_55,poi_500_55,181,56.900564170144456
poi_500_55,poi_500_55,182,57.1917394092512
poi_500_55,poi_500_55,183,58.82189032715549
poi_500_55,poi_500_55,184,60.32347352170119
poi_500_55,poi_500_55,185,60.031827069252124
poi_500_55,poi_500_55,186,59.05729291408322
poi_500_55,poi_500_55,187,57.56991034004876
poi_500_55,poi_500_55,188,56.368599519333415
poi_500_55,poi_500_55,189,56.63874192913422
poi_500_55,poi_500_55,190,57.18923911928734
poi_500_55,poi_500_55,191,56.46960750366126
poi_500_55,poi_500_55,192,58.38292102668993
poi_500_55,poi_500_55,193,57.48928826913351
poi_500_55,poi_500_55,194,56.69723309662834
poi_500_55,poi_500_55,195,57.75951297987399
poi_500_55,poi_500_55,196,58.30727976398191
poi_500_55,poi_500_55,197,57.88104963447609
poi_500_55,poi_500_55,198,58.12796917586705
poi_500_55,poi_500_55,199,56.85587350096061
poi_500_55,poi_500_55,200,57.07399246079689
poi_500_55,poi_500_55,201,58.60870572979485
poi_500_55,poi_500_55,202,57.06522395177534
poi_500_55,poi_500_55,203,57.6227029412203
poi_500_55,poi_500_55,204,58.16473087236561
poi_500_55,poi_500_55,205,58.196601858366385
poi_500_55,poi_500_55,206,58.662006363379724
poi_500_55,poi_500_55,207,60.129882725783645
poi_500_55,poi_500_55,208,60.10885580991449
poi_500_55,poi_500_55,209,60.29751473878656
poi_500_55,poi_500_55,210,59.52091731719002
poi_500_55,poi_500_55,211,58.507213221934926
poi_500_55,poi_500_55,212,58.18506359401869
poi_500_55,poi_500_55,213,59.301336150997685
poi_500_55,poi_500_55,214,60.568550009924095
poi_500_55,poi_500_55,215,60.22622269252685
poi_500_55,poi_500_55,216,60.29214891406507
poi_500_55,poi_500_55,217,58.92226086180987
poi_500_55,poi_500_55,218,57.79634093015002
poi_500_55,poi_500_55,219,57.783033776887834
poi_500_55,poi_500_55,220,58.0618680788167
poi_500_55,poi_500_55,221,57.344588926004164
poi_500_55,poi_500_55,222,58.888918909683866
poi_500_55,poi_500_55,223,57.187197932330484
poi_500_55,poi_500_55,224,56.69723309662834
poi_500_55,poi_500_55,225,57.75951297987399
poi_500_55,poi_500_55,226,58.30727976398191
poi_500_55,poi_500_55,227,57.88104963447609
poi_500_55,poi_500_55,228,58.12796917586705
poi_500_55,poi_500_55,229,56.85587350096061
poi_500_55,poi_500_55,230,57.07399246079689
poi_500_55,poi_500_55,231,58.06276536705326
poi_500_55,poi_500_55,232,56.11745926102844
poi_500_55,poi_500_55,233,56.637052785216504
poi_500_55,poi_500_55,234,57.11879369557504
poi_500_55,poi_500_55,235,56.900564170144456
poi_500_55,poi_500_55,236,57.1917394092512
poi_500_55,poi_500_55,237,59.284767985181574
poi_500_55,poi_500_55,238,60.70804606867425
poi_500_55,poi_500_55,239,60.510778959682156
poi_500_55,poi_500_55,240,59.75496465824747
poi_500_55,poi_500_55,241,58.70287461503008
poi_500_55,poi_500_55,242,58.09165099522701
poi_500_55,poi_500_55,243,58.628058419607925
poi_500_55,poi_500_55,244,56.735405792420494
poi_500_55,poi_500_55,245,57.05110295996006
poi_500_55,poi_500_55,246,58.91979308245152
poi_500_55,poi_500_55,247,58.442359117919125
poi_500_55,poi_500_55,248,58.40414262879543
poi_500_55,poi_500_55,249,59.94398248374289
poi_500_55,poi_500_55,250,61.117924991595274
poi_500_55,poi_500_55,251,60.87714722130884
poi_500_55,poi_500_55,252,60.12961213796607
poi_500_55,poi_500_55,253,58.47639131397582
poi_500_55,poi_500_55,254,58.09165099522701
poi_500_55,poi_500_55,255,58.628058419607925
poi_500_55,poi_500_55,256,56.735405792420494
poi_500_55,poi_500_55,257,57.05110295996006
poi_500_55,poi_500_55,258,58.91979308245152
poi_500_55,poi_500_55,259,58.442359117919125
poi_500_55,poi_500_55,260,58.40414262879543
poi_500_55,poi_500_55,261,59.54935398002373
poi_500_55,poi_500_55,262,60.769417184432754
poi_500_55,poi_500_55,263,60.43896744551244
poi_500_55,poi_500_55,264,59.49404637051486
poi_500_55,poi_500_55,265,57.27357024532033
poi_500_55,poi_500_55,266,56.368599519333415
poi_500_55,poi_500_55,267,57.37932731042011
poi_500_55,poi_500_55,268,57.94668184737088
poi_500_55,poi_500_55,269,57.48978255246882
poi_500_55,poi_500_55,270,59.18753429235113
poi_500_55,poi_500_55,271,58.64089800755876
poi_500_55,poi_500_55,272,58.315372626165825
poi_500_55,poi_500_55,273,58.91631423269751
poi_500_55,poi_500_55,274,57.20591448739822
poi_500_55,poi_500_55,275,57.48195750397764
poi_500_55,poi_500_55,276,57.78324177178038
poi_500_55,poi_500_55,277,56.552816985129596
poi_500_55,poi_500_55,278,57.1917394092512
poi_500_55,poi_500_55,279,59.284767985181574
poi_500_55,poi_500_55,280,60.70804606867425
poi_500_55,poi_500_55,281,60.510778959682156
poi_500_55,poi_500_55,282,59.75496465824747
poi_500_55,poi_500_55,283,58.70287461503008
poi_500_55,poi_500_55,284,58.09165099522701
poi_500_55,poi_500_55,285,59.11092992622229
poi_500_55,poi_500_55,286,57.568746264972134
poi_500_55,poi_500_55,287,57.95581686056802
poi_500_55,poi_500_55,288,59.63814769970145
poi_500_55,poi_500_55,289,59.38992805150201
poi_500_55,poi_500_55,290,59.55944642725517
poi_500_55,poi_500_55,291,60.679573503509665
poi_500_55,poi_500_55,292,60.57621647208399
poi_500_55,poi_500_55,293,60.681530616846004
poi_500_55,poi_500_55,294,59.91539410565018
poi_500_55,poi_500_55,295,58.270002719314206
poi_500_55,poi_500_55,296,58.18506359401869
poi_500_55,poi_500_55,297,59.71807822035391
poi_500_55,poi_500_55,298,60.93288191366475
poi_500_55,poi_500_55,299,60.68527804790876
poi_500_55,poi_500_55,300,60.82730848322785
poi_500_55,poi_500_55,301,59.77984297543763
poi_500_55,poi_500_55,302,59.10141405445877
poi_500_55,poi_500_55,303,59.38598630335573
poi_500_55,poi_500_55,304,57.694255474742846
poi_500_55,poi_500_55,305,57.82562068973534
poi_500_55,poi_500_55,306,59.369891743210076
poi_500_55,poi_500_55,307,58.2014789049379
poi_500_55,poi_500_55,308,58.40414262879543
poi_500_55,poi_500_55,309,59.54935398002373
poi_500_55,poi_500_55,310,60.769417184432754
poi_500_55,poi_500_55,311,60.43896744551244
poi_500_55,poi_500_55,312,59.49404637051486
poi_500_55,poi_500_55,313,57.27357024532033
poi_500_55,poi_500_55,314,56.368599519333415
poi_500_55,poi_500_55,315,57.37932731042011
poi_500_55,poi_500_55,316,57.94668184737088
poi_500_55,poi_500_55,317,57.48978255246882
poi_500_55,poi_500_55,318,59.18753429235113
poi_500_55,poi_500_55,319,58.64089800755876
poi_500_55,poi_500_55,320,58.315372626165825
poi_500_55,poi_500_55,321,59.36973854667015
poi_500_55,poi_500_55,322,57.96069269665577
poi_500_55,poi_500_55,323,58.30884484888847
poi_500_55,poi_500_55,324,58.6952686597303
poi_500_55,poi_500_55,325,57.941277539620444
poi_500_55,poi_500_55,326,58.662006363379724
poi_500_55,poi_500_55,327,60.129882725783645
poi_500_55,poi_500_55,328,60.10885580991449
poi_500_55,poi_500_55,329,60.29751473878656
poi_500_55,poi_500_55,330,59.52091731719002
poi_500_55,poi_500_55,331,58.507213221934926
poi_500_55,poi_500_55,332,58.18506359401869
poi_500_55,poi_500_55,333,59.301336150997685
poi_500_55,poi_500_55,334,60.568550009924095
poi_500_55,poi_500_55,335,60.22622269252685
poi_500_55,poi_500_55,336,60.29214891406507
poi_500_55,poi_500_55,337,58.92226086180987
poi_500_55,poi_500_55,338,57.79634093015002
poi_500_55,poi_500_55,339,57.783033776887834
poi_500_55,poi_500_55,340,58.0618680788167
poi_500_55,poi_500_55,341,57.344588926004164
poi_500_55,poi_500_55,342,58.888918909683866
poi_500_55,poi_500_55,343,57.187197932330484
poi_500_55,poi_500_55,344,56.69723309662834
poi_500_55,poi_500_55,345,57.08608733464131
poi_500_55,poi_500_55,346,57.6152750293239
poi_500_55,poi_500_55,347,56.95883414708391
poi_500_55,poi_500_55,348,57.071967195808206
poi_500_55,poi_500_55,349,54.97611501146898
poi_500_55,poi_500_55,350,54.75316958953173
poi_500_55,poi_500_55,351,55.70770309073276
poi_500_55,poi_500_55,352,56.63668969798933
poi_500_55,poi_500_55,353,55.992865357615564
poi_500_55,poi_500_55,354,56.277837975052066
poi_500_55,poi_500_55,355,55.467729441101625
poi_500_55,poi_500_55,356,54.75316958953173
poi_500_55,poi_500_55,357,56.60810560715105
poi_500_55,poi_500_55,358,57.48742820275923
poi_500_55,poi_500_55,359,57.117271288088475
poi_500_55,poi_500_55,360,57.51796522507305
poi_500_55,poi_500_55,361,57.18103696107387
poi_500_55,poi_500_55,362,57.07399246079689
poi_500_55,poi_500_55,363,58.60870572979485
poi_500_55,poi_500_55,364,57.06522395177534
poi_500_55,poi_500_55,365,57.6227029412203
poi_500_55,poi_500_55,366,58.16473087236561
poi_500_55,poi_500_55,367,58.196601858366385
poi_500_55,poi_500_55,368,58.662006363379724
poi_500_55,poi_500_55,369,60.129882725783645
poi_500_55,poi_500_55,370,60.10885580991449
poi_500_55,poi_500_55,371,60.29751473878656
poi_500_55,poi_500_55,372,59.52091731719002
poi_500_55,poi_500_55,373,58.507213221934926
poi_500_55,poi_500_55,374,58.18506359401869
poi_500_55,poi_500_55,375,59.301336150997685
poi_500_55,poi_500_55,376,60.568550009924095
poi_500_55,poi_500_55,377,60.22622269252685
poi_500_55,poi_500_55,378,60.29214891406507
poi_500_55,poi_500_55,379,58.92226086180987
poi_500_55,poi_500_55,380,57.79634093015002
poi_500_55,poi_500_55,381,58.36297202860544
poi_500_55,poi_500_55,382,58.69090741434297
poi_500_55,poi_500_55,383,58.19560532975736
poi_500_55,poi_500_55,384,59.61199454542303
poi_500_55,poi_500_55,385,58.411071811771286
poi_500_55,poi_500_55,386,58.315372626165825
poi_500_55,poi_500_55,387,59.36973854667015
poi_500_55,poi_500_55,388,57.96069269665577
poi_500_55,poi_500_55,389,58.30884484888847
poi_500_55,poi_500_55,390,58.6952686597303
poi_500_55,poi_500_55,391,57.941277539620444
poi_500_55,poi_500_55,392,58.662006363379724
poi_500_55,poi_500_55,393,60.477052789986764
poi_500_55,poi_500_55,394,60.51203282695869
poi_500_55,poi_500_55,395,60.749471597720785
poi_500_55,poi_500_55,396,60.15283463884437
poi_500_55,poi_500_55,397,59.44214528193994
poi_500_55,poi_500_55,398,59.392536839119394
poi_500_55,poi_500_55,399,60.81021187591017
poi_500_55,poi_500_55,400,60.74697295649162
poi_500_55,poi_500_55,401,60.91481417734788
poi_500_55,poi_500_55,402,61.14118847782963
poi_500_55,poi_500_55,403,60.36719168917183
poi_500_55,poi_500_55,404,60.16259765674609
poi_500_55,poi_500_55,405,60.998096324881395
poi_500_55,poi_500_55,406,60.80780026280217
poi_500_55,poi_500_55,407,60.84943039779862
poi_500_55,poi_500_55,408,60.953139906289344
poi_500_55,poi_500_55,409,59.44580681825529
poi_500_55,poi_500_55,410,59.17561218478251
poi_500_55,poi_500_55,411,60.318822821504405
poi_500_55,poi_500_55,412,61.32298206483711
poi_500_55,poi_500_55,413,61.03778723980724
poi_500_55,poi_500_55,414,61.12270273291827
poi_500_55,poi_500_55,415,59.60412314951657
poi_500_55,poi_500_55,416,59.10141405445877
poi_500_55,poi_500_55,417,59.79505125054224
poi_500_55,poi_500_55,418,58.37471671112908
poi_500_55,poi_500_55,419,58.594842449324915
poi_500_55,poi_500_55,420,60.02257006728898
poi_500_55,poi_500_55,421,59.19733076411788
poi_500_55,poi_500_55,422,59.55944642725517
poi_500_55,poi_500_55,423,60.98689342913582
poi_500_55,poi_500_55,424,60.93993197077374
poi_500_55,poi_500_55,425,61.09701012953623
poi_500_55,poi_500_55,426,60.49594542165287
poi_500_55,poi_500_55,427,59.25190097999649
poi_500_55,poi_500_55,428,59.392536839119394
poi_500_55,poi_500_55,429,60.81021187591017
poi_500_55,poi_500_55,430,60.74697295649162
poi_500_55,poi_500_55,431,60.91481417734788
poi_500_55,poi_500_55,432,61.14118847782963
poi_500_55,poi_500_55,433,60.36719168917183
poi_500_55,poi_500_55,434,60.16259765674609
poi_500_55,poi_500_55,435,60.998096324881395
poi_500_55,poi_500_55,436,60.80780026280217
poi_500_55,poi_500_55,437,60.84943039779862
poi_500_55,poi_500_55,438,60.953139906289344
poi_500_55,poi_500_55,439,59.44580681825529
poi_500_55,poi_500_55,440,59.17561218478251
poi_500_55,poi_500_55,441,60.318822821504405
poi_500_55,poi_500_55,442,61.32298206483711
poi_500_55,poi_500_55,443,61.03778723980724
poi_500_55,poi_500_55,444,61.12270273291827
poi_500_55,poi_500_55,445,59.60412314951657
poi_500_55,poi_500_55,446,59.10141405445877
poi_500_55,poi_500_55,447,59.79505125054224
poi_500_55,poi_500_55,448,58.37471671112908
poi_500_55,poi_500_55,449,58.594842449324915
poi_500_55,poi_500_55,450,60.02257006728898
poi_500_55,poi_500_55,451,59.19733076411788
poi_500_55,poi_500_55,452,59.55944642725517
poi_500_55,poi_500_55,453,60.98689342913582
poi_500_55,poi_500_55,454,60.93993197077374
poi_500_55,poi_500_55,455,61.09701012953623
poi_500_55,poi_500_55,456,60.49594542165287
poi_500_55,poi_500_55,457,59.25190097999649
poi_500_55,poi_500_55,458,59.392536839119394
poi_500_55,poi_500_55,459,60.48964913808852
poi_500_55,poi_500_55,460,60.36598706717846
poi_500_55,poi_500_55,461,60.480614013643006
poi_500_55,poi_500_55,462,60.64555809680293
poi_500_55,poi_500_55,463,59.62791554551447
poi_500_55,poi_500_55,464,59.17561218478251
poi_500_55,poi_500_55,465,60.318822821504405
poi_500_55,poi_500_55,466,61.32298206483711
poi_500_55,poi_500_55,467,61.03778723980724
poi_500_55,poi_500_55,468,61.12270273291827
poi_500_55,poi_500_55,469,59.60412314951657
poi_500_55,poi_500_55,470,59.10141405445877
poi_500_55,poi_500_55,471,59.38598630335573
poi_500_55,poi_500_55,472,57.694255474742846
poi_500_55,poi_500_55,473,57.82562068973534
poi_500_55,poi_500_55,474,59.369891743210076
poi_500_55,poi_500_55,475,58.2014789049379
poi_500_55,poi_500_55,476,58.40414262879543
poi_500_55,poi_500_55,477,59.94398248374289
poi_500_55,poi_500_55,478,61.117924991595274
poi_500_55,poi_500_55,479,60.87714722130884
poi_500_55,poi_500_55,480,60.12961213796607
poi_500_55,poi_500_55,481,58.47639131397582
poi_500_55,poi_500_55,482,58.09165099522701
poi_500_55,poi_500_55,483,58.628058419607925
poi_500_55,poi_500_55,484,56.735405792420494
poi_500_55,poi_500_55,485,57.05110295996006
poi_500_55,poi_500_55,486,58.91979308245152
poi_500_55,poi_500_55,487,58.442359117919125
poi_500_55,poi_500_55,488,58.40414262879543
poi_500_55,poi_500_55,489,59.54935398002373
poi_500_55,poi_500_55,490,60.769417184432754
poi_500_55,poi_500_55,491,60.43896744551244
poi_500_55,poi_500_55,492,59.49404637051486
poi_500_55,poi_500_55,493,57.27357024532033
poi_500_55,poi_500_55,494,56.368599519333415
poi_500_55,poi_500_55,495,57.37932731042011
poi_500_55,poi_500_55,496,57.94668184737088
poi_500_55,poi_500_55,497,57.48978255246882
poi_500_55,poi_500_55,498,59.18753429235113
poi_500_55,poi_500_55,499,58.64089800755876
poi_500_55,poi_500_55,500,58.315372626165825
poi_500_55,poi_500_55,501,59.36973854667015
poi_500_55,poi_500_55,502,57.96069269665577
poi_500_55,poi_500_55,503,58.30884484888847
poi_500_55,poi_500_55,504,58.6952686597303
poi_500_55,poi_500_55,505,57.941277539620444
poi_500_55,poi_500_55,506,58.662006363379724
poi_500_55,poi_500_55,507,60.129882725783645
poi_500_55,poi_500_55,508,60.10885580991449
poi_500_55,poi_500_55,509,60.29751473878656
poi_500_55,poi_500_55,510,59.52091731719002
poi_500_55,poi_500_55,511,58.507213221934926
poi_500_55,poi_500_55,512,58.18506359401869
poi_500_55,poi_500_55,513,59.301336150997685
poi_500_55,poi_500_55,514,60.568550009924095
poi_500_55,poi_500_55,515,60.22622269252685
poi_500_55,poi_500_55,516,60.29214891406507
poi_500_55,poi_500_55,517,58.92226086180987
poi_500_55,poi_500_55,518,57.79634093015002
poi_500_55,poi_500_55,519,57.783033776887834
poi_500_55,poi_500_55,520,58.0618680788167
poi_500_55,poi_500_55,521,57.344588926004164
poi_500_55,poi_500_55,522,58.888918909683866
poi_500_55,poi_500_55,523,57.187197932330484
poi_500_55,poi_500_55,524,56.69723309662834
poi_500_55,poi_500_55,525,57.75951297987399
poi_500_55,poi_500_55,526,58.30727976398191
poi_500_55,poi_500_55,527,57.88104963447609
poi_500_55,poi_500_55,528,58.12796917586705
poi_500_55,poi_500_55,529,56.85587350096061
poi_500_55,poi_500_55,530,57.07399246079689
poi_500_55,poi_500_55,531,58.60870572979485
poi_500_55,poi_500_55,532,57.06522395177534
poi_500_55,poi_500_55,533,57.6227029412203
poi_500_55,poi_500_55,534,58.16473087236561
poi_500_55,poi_500_55,535,58.196601858366385
poi_500_55,poi_500_55,536,58.662006363379724
poi_500_55,poi_500_55,537,60.477052789986764
poi_500_55,poi_500_55,538,60.51203282695869
poi_500_55,poi_500_55,539,60.749471597720785
poi_500_55,poi_500_55,540,60.15283463884437
poi_500_55,poi_500_55,541,59.44214528193994
poi_500_55,poi_500_55,542,59.392536839119394
poi_500_55,poi_500_55,543,60.48964913808852
poi_500_55,poi_500_55,544,60.36598706717846
poi_500_55,poi_500_55,545,60.480614013643006
poi_500_55,poi_500_55,546,60.64555809680293
poi_500_55,poi_500_55,547,59.62791554551447
poi_500_55,poi_500_55,548,59.17561218478251
poi_500_55,poi_500_55,549,60.318822821504405
poi_500_55,poi_500_55,550,61.32298206483711
poi_500_55,poi_500_55,551,61.03778723980724
poi_500_55,poi_500_55,552,61.12270273291827
poi_500_55,poi_500_55,553,59.60412314951657
poi_500_55,poi_500_55,554,59.10141405445877
poi_500_55,poi_500_55,555,59.79505125054224
poi_500_55,poi_500_55,556,58.37471671112908
poi_500_55,poi_500_55,557,58.594842449324915
poi_500_55,poi_500_55,558,60.02257006728898
poi_500_55,poi_500_55,559,59.19733076411788
poi_500_55,poi_500_55,560,59.55944642725517
poi_500_55,poi_500_55,561,60.98689342913582
poi_500_55,poi_500_55,562,60.93993197077374
poi_500_55,poi_500_55,563,61.09701012953623
poi_500_55,poi_500_55,564,60.49594542165287
poi_500_55,poi_500_55,565,59.25190097999649
poi_500_55,poi_500_55,566,59.392536839119394
poi_500_55,poi_500_55,567,60.48964913808852
poi_500_55,poi_500_55,568,60.36598706717846
poi_500_55,poi_500_55,569,60.480614013643006
poi_500_55,poi_500_55,570,60.64555809680293
poi_500_55,poi_500_55,571,59.62791554551447
poi_500_55,poi_500_55,572,59.17561218478251
poi_500_55,poi_500_55,573,59.95822115706104
poi_500_55,poi_500_55,574,60.99117735191243
poi_500_55,poi_500_55,575,60.61631729055692
poi_500_55,poi_500_55,576,60.62483226764971
poi_500_55,poi_500_55,577,58.70721528184184
poi_500_55,poi_500_55,578,57.79634093015002
poi_500_55,poi_500_55,579,57.783033776887834
poi_500_55,poi_500_55,580,58.0618680788167
poi_500_55,poi_500_55,581,57.344588926004164
poi_500_55,poi_500_55,582,58.888918909683866
poi_500_55,poi_500_55,583,57.187197932330484
poi_500_55,poi_500_55,584,56.69723309662834
poi_500_55,poi_500_55,585,57.08608733464131
poi_500_55,poi_500_55,586,57.6152750293239
poi_500_55,poi_500_55,587,56.95883414708391
poi_500_55,poi_500_55,588,57.071967195808206
poi_500_55,poi_500_55,589,54.97611501146898
poi_500_55,poi_500_55,590,54.75316958953173
poi_500_55,poi_500_55,591,55.70770309073276
poi_500_55,poi_500_55,592,56.63668969798933
poi_500_55,poi_500_55,593,55.992865357615564
poi_500_55,poi_500_55,594,56.277837975052066
poi_500_55,poi_500_55,595,55.467729441101625
poi_500_55,poi_500_55,596,54.75316958953173
poi_500_55,poi_500_55,597,56.60810560715105
poi_500_55,poi_500_55,598,57.48742820275923
poi_500_55,poi_500_55,599,57.117271288088475
poi_500_65,poi_500_65,0,40.0
poi_500_65,poi_500_65,1,40.0
poi_500_65,poi_500_65,2,40.0
poi_500_65,poi_500_65,3,40.0
poi_500_65,poi_500_65,4,40.0
poi_500_65,poi_500_65,5,40.0
poi_500_65,poi_500_65,6,40.0
poi_500_65,poi_500_65,7,40.0
poi_500_65,poi_500_65,8,40.0
poi_500_65,poi_500_65,9,50.935216127843674
poi_500_65,poi_500_65,10,51.53401071906855
poi_500_65,poi_500_65,11,52.18658428854128
poi_500_65,poi_500_65,12,52.90125263167202
poi_500_65,poi_500_65,13,53.68837369564459
poi_500_65,poi_500_65,14,54.56101591223961
poi_500_65,poi_500_65,15,55.98450500543439
poi_500_65,poi_500_65,16,57.02615229370941
poi_500_65,poi_500_65,17,51.46352262542138
poi_500_65,poi_500_65,18,52.54067525329056
poi_500_65,poi_500_65,19,53.836810905752266
poi_500_65,poi_500_65,20,55.3807934415359
poi_500_65,poi_500_65,21,58.034619099967806
poi_500_65,poi_500_65,22,59.310887111839776
poi_500_65,poi_500_65,23,59.03727783399049
poi_500_65,poi_500_65,24,58.27502922886645
poi_500_65,poi_500_65,25,57.526605875716086
poi_500_65,poi_500_65,26,57.334263130505974
poi_500_65,poi_500_65,27,57.997015884711985
poi_500_65,poi_500_65,28,58.75703792194518
poi_500_65,poi_500_65,29,55.85006966541452
poi_500_65,poi_500_65,30,58.3519864762971
poi_500_65,poi_500_65,31,57.96930912819727
poi_500_65,poi_500_65,32,58.10447782843909
poi_500_65,poi_500_65,33,59.443915553693486
poi_500_65,poi_500_65,34,60.2377719671383
poi_500_65,poi_500_65,35,59.885459862118
poi_500_65,poi_500_65,36,59.58628167780651
poi_500_65,poi_500_65,37,58.161576304564235
poi_500_65,poi_500_65,38,57.88819105715174
poi_500_65,poi_500_65,39,58.90909225941212
poi_500_65,poi_500_65,40,59.55986959622183
poi_500_65,poi_500_65,41,57.386284456742196
poi_500_65,poi_500_65,42,59.36751037359906
poi_500_65,poi_500_65,43,59.20016278068829
poi_500_65,poi_500_65,44,59.31180592964691
poi_500_65,poi_500_65,45,60.5747432154168
poi_500_65,poi_500_65,46,61.449682572912614
poi_500_65,poi_500_65,47,60.15000789287461
poi_500_65,poi_500_65,48,59.97790453922164
poi_500_65,poi_500_65,49,58.92855385467157
poi_500_65,poi_500_65,50,59.09149408976355
poi_500_65,poi_500_65,51,60.01463204200383
poi_500_65,poi_500_65,52,60.94241746435757
poi_500_65,poi_500_65,53,59.373531306209316
poi_500_65,poi_500_65,54,60.13040515519322
poi_500_65,poi_500_65,55,59.324924596281775
poi_500_65,poi_500_65,56,58.866488998323646
poi_500_65,poi_500_65,57,59.439955332971266
poi_500_65,poi_500_65,58,60.07599614614732
poi_500_65,poi_500_65,59,59.55511967690259
poi_500_65,poi_500_65,60,60.125002598054294
poi_500_65,poi_500_65,61,58.40131718750445
poi_500_65,poi_500_65,62,57.58882447771974
poi_500_65,poi_500_65,63,57.54667956908908
poi_500_65,poi_500_65,64,57.6347592938718
poi_500_65,poi_500_65,65,56.70747641926417
poi_500_65,poi_500_65,66,58.60137243900684
poi_500_65,poi_500_65,67,56.98987756143217
poi_500_65,poi_500_65,68,56.53213354328568
poi_500_65,poi_500_65,69,57.55280221052558
poi_500_65,poi_500_65,70,57.91470806871448
poi_500_65,poi_500_65,71,57.32295127824929
poi_500_65,poi_500_65,72,57.814669556702405
poi_500_65,poi_500_65,73,56.65443486063657
poi_500_65,poi_500_65,74,56.91046531297896
poi_500_65,poi_500_65,75,58.41097469222451
poi_500_65,poi_500_65,76,59.260220796172064
poi_500_65,poi_500_65,77,57.014939987358005
poi_500_65,poi_500_65,78,57.8238622572393
poi_500_65,poi_500_65,79,57.97163247562493
poi_500_65,poi_500_65,80,58.37133632961874
poi_500_65,poi_500_65,81,59.63354420007555
poi_500_65,poi_500_65,82,60.72653831212372
poi_500_65,poi_500_65,83,59.14225571125809
poi_500_65,poi_500_65,84,58.87555129443033
poi_500_65,poi_500_65,85,58.136419249064346
poi_500_65,poi_500_65,86,57.81112749930662
poi_500_65,poi_500_65,87,59.173945999609614
poi_500_65,poi_500_65,88,60.005296250316526
poi_500_65,poi_500_65,89,59.64131583413735
poi_500_65,poi_500_65,90,60.34715761164588
poi_500_65,poi_500_65,91,59.5294811566811
poi_500_65,poi_500_65,92,58.92704268356528
poi_500_65,poi_500_65,93,59.615126928253524
poi_500_65,poi_500_65,94,60.08141055539617
poi_500_65,poi_500_65,95,58.10195064313565
poi_500_65,poi_500_65,96,59.77257881507157
poi_500_65,poi_500_65,97,58.99980561820038
poi_500_65,poi_500_65,98,59.31180592964691
poi_500_65,poi_500_65,99,60.5747432154168
poi_500_65,poi_500_65,100,61.449682572912614
poi_500_65,poi_500_65,101,60.15000789287461
poi_500_65,poi_500_65,102,59.97790453922164
poi_500_65,poi_500_65,103,58.92855385467157
poi_500_65,poi_500_65,104,59.09149408976355
poi_500_65,poi_500_65,105,60.36816163072943
poi_500_65,poi_500_65,106,61.27497132044294
poi_500_65,poi_500_65,107,59.92067981297261
poi_500_65,poi_500_65,108,60.67817641057655
poi_500_65,poi_500_65,109,60.102216324919226
poi_500_65,poi_500_65,110,59.90079064941188
poi_500_65,poi_500_65,111,60.57169116837514
poi_500_65,poi_500_65,112,61.32785772630265
poi_500_65,poi_500_65,113,59.83990399620478
poi_500_65,poi_500_65,114,60.47271686912544
poi_500_65,poi_500_65,115,59.130370336429614
poi_500_65,poi_500_65,116,58.866488998323646
poi_500_65,poi_500_65,117,59.84125636393446
poi_500_65,poi_500_65,118,60.478665778894715
poi_500_65,poi_500_65,119,60.08116511369474
poi_500_65,poi_500_65,120,60.67341440146431
poi_500_65,poi_500_65,121,59.3440720051391
poi_500_65,poi_500_65,122,58.92704268356528
poi_500_65,poi_500_65,123,59.19129678353353
poi_500_65,poi_500_65,124,59.63813718831423
poi_500_65,poi_500_65,125,57.24041600560287
poi_500_65,poi_500_65,126,59.08729238747586
poi_500_65,poi_500_65,127,57.96930912819727
poi_500_65,poi_500_65,128,58.10447782843909
poi_500_65,poi_500_65,129,59.00214677806623
poi_500_65,poi_500_65,130,59.81097076169503
poi_500_65,poi_500_65,131,59.333560695249545
poi_500_65,poi_500_65,132,58.86833730827686
poi_500_65,poi_500_65,133,56.87613966552461
poi_500_65,poi_500_65,134,56.10432350200626
poi_500_65,poi_500_65,135,57.1281255581176
poi_500_65,poi_500_65,136,57.509952666654975
poi_500_65,poi_500_65,137,56.872033038411416
poi_500_65,poi_500_65,138,58.913598678065384
poi_500_65,poi_500_65,139,58.48374619104799
poi_500_65,poi_500_65,140,58.17654945661089
poi_500_65,poi_500_65,141,58.72625929589222
poi_500_65,poi_500_65,142,59.344025641575044
poi_500_65,poi_500_65,143,56.85580888540435
poi_500_65,poi_500_65,144,57.41831170624174
poi_500_65,poi_500_65,145,56.24868349881861
poi_500_65,poi_500_65,146,56.81372619416473
poi_500_65,poi_500_65,147,58.17830967752906
poi_500_65,poi_500_65,148,59.25367855675446
poi_500_65,poi_500_65,149,58.805875894022975
poi_500_65,poi_500_65,150,58.36386660714385
poi_500_65,poi_500_65,151,57.19826295626759
poi_500_65,poi_500_65,152,56.10432350200626
poi_500_65,poi_500_65,153,56.34577132732366
poi_500_65,poi_500_65,154,56.67232564831419
poi_500_65,poi_500_65,155,55.68676663503599
poi_500_65,poi_500_65,156,58.06285375985588
poi_500_65,poi_500_65,157,57.30396811644277
poi_500_65,poi_500_65,158,56.53213354328568
poi_500_65,poi_500_65,159,56.84958119488919
poi_500_65,poi_500_65,160,57.15852412880851
poi_500_65,poi_500_65,161,56.27004408333265
poi_500_65,poi_500_65,162,56.6845317357664
poi_500_65,poi_500_65,163,54.69932324686178
poi_500_65,poi_500_65,164,54.530519048392165
poi_500_65,poi_500_65,165,55.40087378328497
poi_500_65,poi_500_65,166,56.069393366325855
poi_500_65,poi_500_65,167,55.125657629963754
poi_500_65,poi_500_65,168,55.81565785887011
poi_500_65,poi_500_65,169,55.21892476183827
poi_500_65,poi_500_65,170,54.530519048392165
poi_500_65,poi_500_65,171,56.35384241753649
poi_500_65,poi_500_65,172,57.01901828612745
poi_500_65,poi_500_65,173,56.45167886220356
poi_500_65,poi_500_65,174,57.16077470405345
poi_500_65,poi_500_65,175,56.99278846577387
poi_500_65,poi_500_65,176,56.91046531297896
poi_500_65,poi_500_65,177,57.84251330901335
poi_500_65,poi_500_65,178,58.71870658646466
poi_500_65,poi_500_65,179,55.873564352770096
poi_500_65,poi_500_65,180,56.696452947839035
poi_500_65,poi_500_65,181,56.61879817363765
poi_500_65,poi_500_65,182,56.81372619416473
poi_500_65,poi_500_65,183,58.17830967752906
poi_500_65,poi_500_65,184,59.25367855675446
poi_500_65,poi_500_65,185,58.805875894022975
poi_500_65,poi_500_65,186,58.36386660714385
poi_500_65,poi_500_65,187,57.19826295626759
poi_500_65,poi_500_65,188,56.10432350200626
poi_500_65,poi_500_65,189,56.34577132732366
poi_500_65,poi_500_65,190,56.67232564831419
poi_500_65,poi_500_65,191,55.68676663503599
poi_500_65,poi_500_65,192,58.06285375985588
poi_500_65,poi_500_65,193,57.30396811644277
poi_500_65,poi_500_65,194,56.53213354328568
poi_500_65,poi_500_65,195,57.55280221052558
poi_500_65,poi_500_65,196,57.91470806871448
poi_500_65,poi_500_65,197,57.32295127824929
poi_500_65,poi_500_65,198,57.814669556702405
poi_500_65,poi_500_65,199,56.65443486063657
poi_500_65,poi_500_65,200,56.91046531297896
poi_500_65,poi_500_65,201,58.41097469222451
poi_500_65,poi_500_65,202,59.260220796172064
poi_500_65,poi_500_65,203,57.014939987358005
poi_500_65,poi_500_65,204,57.8238622572393
poi_500_65,poi_500_65,205,57.97163247562493
poi_500_65,poi_500_65,206,58.37133632961874
poi_500_65,poi_500_65,207,59.63354420007555
poi_500_65,poi_500_65,208,60.72653831212372
poi_500_65,poi_500_65,209,59.14225571125809
poi_500_65,poi_500_65,210,58.87555129443033
poi_500_65,poi_500_65,211,58.136419249064346
poi_500_65,poi_500_65,212,57.81112749930662
poi_500_65,poi_500_65,213,58.7022500951553
poi_500_65,poi_500_65,214,59.55376383614762
poi_500_65,poi_500_65,215,59.05525176418
poi_500_65,poi_500_65,216,59.75290034609314
poi_500_65,poi_500_65,217,58.6305095146964
poi_500_65,poi_500_65,218,57.58882447771974
poi_500_65,poi_500_65,219,57.54667956908908
poi_500_65,poi_500_65,220,57.6347592938718
poi_500_65,poi_500_65,221,56.70747641926417
poi_500_65,poi_500_65,222,58.60137243900684
poi_500_65,poi_500_65,223,56.98987756143217
poi_500_65,poi_500_65,224,56.53213354328568
poi_500_65,poi_500_65,225,57.55280221052558
poi_500_65,poi_500_65,226,57.91470806871448
poi_500_65,poi_500_65,227,57.32295127824929
poi_500_65,poi_500_65,228,57.814669556702405
poi_500_65,poi_500_65,229,56.65443486063657
poi_500_65,poi_500_65,230,56.91046531297896
poi_500_65,poi_500_65,231,57.84251330901335
poi_500_65,poi_500_65,232,58.71870658646466
poi_500_65,poi_500_65,233,55.873564352770096
poi_500_65,poi_500_65,234,56.696452947839035
poi_500_65,poi_500_65,235,56.61879817363765
poi_500_65,poi_500_65,236,56.81372619416473
poi_500_65,poi_500_65,237,58.706943124493584
poi_500_65,poi_500_65,238,59.73578336302238
poi_500_65,poi_500_65,239,59.42422155024004
poi_500_65,poi_500_65,240,59.16256484602569
poi_500_65,poi_500_65,241,58.40342059951662
poi_500_65,poi_500_65,242,57.88819105715174
poi_500_65,poi_500_65,243,58.4059504951335
poi_500_65,poi_500_65,244,59.056636392618095
poi_500_65,poi_500_65,245,56.3505928413667
poi_500_65,poi_500_65,246,58.609043385206036
poi_500_65,poi_500_65,247,58.22178842447244
poi_500_65,poi_500_65,248,58.10447782843909
poi_500_65,poi_500_65,249,59.443915553693486
poi_500_65,poi_500_65,250,60.2377719671383
poi_500_65,poi_500_65,251,59.885459862118
poi_500_65,poi_500_65,252,59.58628167780651
poi_500_65,poi_500_65,253,58.161576304564235
poi_500_65,poi_500_65,254,57.88819105715174
poi_500_65,poi_500_65,255,58.4059504951335
poi_500_65,poi_500_65,256,59.056636392618095
poi_500_65,poi_500_65,257,56.3505928413667
poi_500_65,poi_500_65,258,58.609043385206036
poi_500_65,poi_500_65,259,58.22178842447244
poi_500_65,poi_500_65,260,58.10447782843909
poi_500_65,poi_500_65,261,59.00214677806623
poi_500_65,poi_500_65,262,59.81097076169503
poi_500_65,poi_500_65,263,59.333560695249545
poi_500_65,poi_500_65,264,58.86833730827686
poi_500_65,poi_500_65,265,56.87613966552461
poi_500_65,poi_500_65,266,56.10432350200626
poi_500_65,poi_500_65,267,57.1281255581176
poi_500_65,poi_500_65,268,57.509952666654975
poi_500_65,poi_500_65,269,56.872033038411416
poi_500_65,poi_500_65,270,58.913598678065384
poi_500_65,poi_500_65,271,58.48374619104799
poi_500_65,poi_500_65,272,58.17654945661089
poi_500_65,poi_500_65,273,58.72625929589222
poi_500_65,poi_500_65,274,59.344025641575044
poi_500_65,poi_500_65,275,56.85580888540435
poi_500_65,poi_500_65,276,57.41831170624174
poi_500_65,poi_500_65,277,56.24868349881861
poi_500_65,poi_500_65,278,56.81372619416473
poi_500_65,poi_500_65,279,58.706943124493584
poi_500_65,poi_500_65,280,59.73578336302238
poi_500_65,poi_500_65,281,59.42422155024004
poi_500_65,poi_500_65,282,59.16256484602569
poi_500_65,poi_500_65,283,58.40342059951662
poi_500_65,poi_500_65,284,57.88819105715174
poi_500_65,poi_500_65,285,58.90909225941212
poi_500_65,poi_500_65,286,59.55986959622183
poi_500_65,poi_500_65,287,57.386284456742196
poi_500_65,poi_500_65,288,59.36751037359906
poi_500_65,poi_500_65,289,59.20016278068829
poi_500_65,poi_500_65,290,59.31180592964691
poi_500_65,poi_500_65,291,60.238289669155655
poi_500_65,poi_500_65,292,61.13073518986398
poi_500_65,poi_500_65,293,59.632748393570935
poi_500_65,poi_500_65,294,59.326761908840176
poi_500_65,poi_500_65,295,57.878776249514445
poi_500_65,poi_500_65,296,57.81112749930662
poi_500_65,poi_500_65,297,59.173945999609614
poi_500_65,poi_500_65,298,60.005296250316526
poi_500_65,poi_500_65,299,59.64131583413735
poi_500_65,poi_500_65,300,60.34715761164588
poi_500_65,poi_500_65,301,59.5294811566811
poi_500_65,poi_500_65,302,58.92704268356528
poi_500_65,poi_500_65,303,59.19129678353353
poi_500_65,poi_500_65,304,59.63813718831423
poi_500_65,poi_500_65,305,57.24041600560287
poi_500_65,poi_500_65,306,59.08729238747586
poi_500_65,poi_500_65,307,57.96930912819727
poi_500_65,poi_500_65,308,58.10447782843909
poi_500_65,poi_500_65,309,59.00214677806623
poi_500_65,poi_500_65,310,59.81097076169503
poi_500_65,poi_500_65,311,59.333560695249545
poi_500_65,poi_500_65,312,58.86833730827686
poi_500_65,poi_500_65,313,56.87613966552461
poi_500_65,poi_500_65,314,56.10432350200626
poi_500_65,poi_500_65,315,57.1281255581176
poi_500_65,poi_500_65,316,57.509952666654975
poi_500_65,poi_500_65,317,56.872033038411416
poi_500_65,poi_500_65,318,58.913598678065384
poi_500_65,poi_500_65,319,58.48374619104799
poi_500_65,poi_500_65,320,58.17654945661089
poi_500_65,poi_500_65,321,59.19549025394035
poi_500_65,poi_500_65,322,59.81672564590521
poi_500_65,poi_500_65,323,57.789109716990225
poi_500_65,poi_500_65,324,58.39093887627176
poi_500_65,poi_500_65,325,57.70371212063875
poi_500_65,poi_500_65,326,58.37133632961874
poi_500_65,poi_500_65,327,59.63354420007555
poi_500_65,poi_500_65,328,60.72653831212372
poi_500_65,poi_500_65,329,59.14225571125809
poi_500_65,poi_500_65,330,58.87555129443033
poi_500_65,poi_500_65,331,58.136419249064346
poi_500_65,poi_500_65,332,57.81112749930662
poi_500_65,poi_500_65,333,58.7022500951553
poi_500_65,poi_500_65,334,59.55376383614762
poi_500_65,poi_500_65,335,59.05525176418
poi_500_65,poi_500_65,336,59.75290034609314
poi_500_65,poi_500_65,337,58.6305095146964
poi_500_65,poi_500_65,338,57.58882447771974
poi_500_65,poi_500_65,339,57.54667956908908
poi_500_65,poi_500_65,340,57.6347592938718
poi_500_65,poi_500_65,341,56.70747641926417
poi_500_65,poi_500_65,342,58.60137243900684
poi_500_65,poi_500_65,343,56.98987756143217
poi_500_65,poi_500_65,344,56.53213354328568
poi_500_65,poi_500_65,345,56.84958119488919
poi_500_65,poi_500_65,346,57.15852412880851
poi_500_65,poi_500_65,347,56.27004408333265
poi_500_65,poi_500_65,348,56.6845317357664
poi_500_65,poi_500_65,349,54.69932324686178
poi_500_65,poi_500_65,350,54.530519048392165
poi_500_65,poi_500_65,351,55.40087378328497
poi_500_65,poi_500_65,352,56.069393366325855
poi_500_65,poi_500_65,353,55.125657629963754
poi_500_65,poi_500_65,354,55.81565785887011
poi_500_65,poi_500_65,355,55.21892476183827
poi_500_65,poi_500_65,356,54.530519048392165
poi_500_65,poi_500_65,357,56.35384241753649
poi_500_65,poi_500_65,358,57.01901828612745
poi_500_65,poi_500_65,359,56.45167886220356
poi_500_65,poi_500_65,360,57.16077470405345
poi_500_65,poi_500_65,361,56.99278846577387
poi_500_65,poi_500_65,362,56.91046531297896
poi_500_65,poi_500_65,363,58.41097469222451
poi_500_65,poi_500_65,364,59.260220796172064
poi_500_65,poi_500_65,365,57.014939987358005
poi_500_65,poi_500_65,366,57.8238622572393
poi_500_65,poi_500_65,367,57.97163247562493
poi_500_65,poi_500_65,368,58.37133632961874
poi_500_65,poi_500_65,369,59.63354420007555
poi_500_65,poi_500_65,370,60.72653831212372
poi_500_65,poi_500_65,371,59.14225571125809
poi_500_65,poi_500_65,372,58.87555129443033
poi_500_65,poi_500_65,373,58.136419249064346
poi_500_65,poi_500_65,374,57.81112749930662
poi_500_65,poi_500_65,375,58.7022500951553
poi_500_65,poi_500_65,376,59.55376383614762
poi_500_65,poi_500_65,377,59.05525176418
poi_500_65,poi_500_65,378,59.75290034609314
poi_500_65,poi_500_65,379,58.6305095146964
poi_500_65,poi_500_65,380,57.58882447771974
poi_500_65,poi_500_65,381,58.15253957895352
poi_500_65,poi_500_65,382,58.31825923488378
poi_500_65,poi_500_65,383,57.66985941380988
poi_500_65,poi_500_65,384,59.36106955974202
poi_500_65,poi_500_65,385,58.24645718496325
poi_500_65,poi_500_65,386,58.17654945661089
poi_500_65,poi_500_65,387,59.19549025394035
poi_500_65,poi_500_65,388,59.81672564590521
poi_500_65,poi_500_65,389,57.789109716990225
poi_500_65,poi_500_65,390,58.39093887627176
poi_500_65,poi_500_65,391,57.70371212063875
poi_500_65,poi_500_65,392,58.37133632961874
poi_500_65,poi_500_65,393,60.01810161681986
poi_500_65,poi_500_65,394,61.07537728750334
poi_500_65,poi_500_65,395,59.717432301908914
poi_500_65,poi_500_65,396,59.59239723177526
poi_500_65,poi_500_65,397,59.13214876032686
poi_500_65,poi_500_65,398,59.09149408976355
poi_500_65,poi_500_65,399,60.36816163072943
poi_500_65,poi_500_65,400,61.27497132044294
poi_500_65,poi_500_65,401,59.92067981297261
poi_500_65,poi_500_65,402,60.67817641057655
poi_500_65,poi_500_65,403,60.102216324919226
poi_500_65,poi_500_65,404,59.90079064941188
poi_500_65,poi_500_65,405,60.57169116837514
poi_500_65,poi_500_65,406,61.32785772630265
poi_500_65,poi_500_65,407,59.83990399620478
poi_500_65,poi_500_65,408,60.47271686912544
poi_500_65,poi_500_65,409,59.130370336429614
poi_500_65,poi_500_65,410,58.866488998323646
poi_500_65,poi_500_65,411,59.84125636393446
poi_500_65,poi_500_65,412,60.478665778894715
poi_500_65,poi_500_65,413,60.08116511369474
poi_500_65,poi_500_65,414,60.67341440146431
poi_500_65,poi_500_65,415,59.3440720051391
poi_500_65,poi_500_65,416,58.92704268356528
poi_500_65,poi_500_65,417,59.615126928253524
poi_500_65,poi_500_65,418,60.08141055539617
poi_500_65,poi_500_65,419,58.10195064313565
poi_500_65,poi_500_65,420,59.77257881507157
poi_500_65,poi_500_65,421,58.99980561820038
poi_500_65,poi_500_65,422,59.31180592964691
poi_500_65,poi_500_65,423,60.5747432154168
poi_500_65,poi_500_65,424,61.449682572912614
poi_500_65,poi_500_65,425,60.15000789287461
poi_500_65,poi_500_65,426,59.97790453922164
poi_500_65,poi_500_65,427,58.92855385467157
poi_500_65,poi_500_65,428,59.09149408976355
poi_500_65,poi_500_65,429,60.36816163072943
poi_500_65,poi_500_65,430,61.27497132044294
poi_500_65,poi_500_65,431,59.92067981297261
poi_500_65,poi_500_65,432,60.67817641057655
poi_500_65,poi_500_65,433,60.102216324919226
poi_500_65,poi_500_65,434,59.90079064941188
poi_500_65,poi_500_65,435,60.57169116837514
poi_500_65,poi_500_65,436,61.32785772630265
poi_500_65,poi_500_65,437,59.83990399620478
poi_500_65,poi_500_65,438,60.47271686912544
poi_500_65,poi_500_65,439,59.130370336429614
poi_500_65,poi_500_65,440,58.866488998323646
poi_500_65,poi_500_65,441,59.84125636393446
poi_500_65,poi_500_65,442,60.478665778894715
poi_500_65,poi_500_65,443,60.08116511369474
poi_500_65,poi_500_65,444,60.67341440146431
poi_500_65,poi_500_65,445,59.3440720051391
poi_500_65,poi_500_65,446,58.92704268356528
poi_500_65,poi_500_65,447,59.615126928253524
poi_500_65,poi_500_65,448,60.08141055539617
poi_500_65,poi_500_65,449,58.10195064313565
poi_500_65,poi_500_65,450,59.77257881507157
poi_500_65,poi_500_65,451,58.99980561820038
poi_500_65,poi_500_65,452,59.31180592964691
poi_500_65,poi_500_65,453,60.5747432154168
poi_500_65,poi_500_65,454,61.449682572912614
poi_500_65,poi_500_65,455,60.15000789287461
poi_500_65,poi_500_65,456,59.97790453922164
poi_500_65,poi_500_65,457,58.92855385467157
poi_500_65,poi_500_65,458,59.09149408976355
poi_500_65,poi_500_65,459,60.01463204200383
poi_500_65,poi_500_65,460,60.94241746435757
poi_500_65,poi_500_65,461,59.373531306209316
poi_500_65,poi_500_65,462,60.13040515519322
poi_500_65,poi_500_65,463,59.324924596281775
poi_500_65,poi_500_65,464,58.866488998323646
poi_500_65,poi_500_65,465,59.84125636393446
poi_500_65,poi_500_65,466,60.478665778894715
poi_500_65,poi_500_65,467,60.08116511369474
poi_500_65,poi_500_65,468,60.67341440146431
poi_500_65,poi_500_65,469,59.3440720051391
poi_500_65,poi_500_65,470,58.92704268356528
poi_500_65,poi_500_65,471,59.19129678353353
poi_500_65,poi_500_65,472,59.63813718831423
poi_500_65,poi_500_65,473,57.24041600560287
poi_500_65,poi_500_65,474,59.08729238747586
poi_500_65,poi_500_65,475,57.96930912819727
poi_500_65,poi_500_65,476,58.10447782843909
poi_500_65,poi_500_65,477,59.443915553693486
poi_500_65,poi_500_65,478,60.2377719671383
poi_500_65,poi_500_65,479,59.885459862118
poi_500_65,poi_500_65,480,59.58628167780651
poi_500_65,poi_500_65,481,58.161576304564235
poi_500_65,poi_500_65,482,57.88819105715174
poi_500_65,poi_500_65,483,58.4059504951335
poi_500_65,poi_500_65,484,59.056636392618095
poi_500_65,poi_500_65,485,56.3505928413667
poi_500_65,poi_500_65,486,58.609043385206036
poi_500_65,poi_500_65,487,58.22178842447244
poi_500_65,poi_500_65,488,58.10447782843909
poi_500_65,poi_500_65,489,59.00214677806623
poi_500_65,poi_500_65,490,59.81097076169503
poi_500_65,poi_500_65,491,59.333560695249545
poi_500_65,poi_500_65,492,58.86833730827686
poi_500_65,poi_500_65,493,56.87613966552461
poi_500_65,poi_500_65,494,56.10432350200626
poi_500_65,poi_500_65,495,57.1281255581176
poi_500_65,poi_500_65,496,57.509952666654975
poi_500_65,poi_500_65,497,56.872033038411416
poi_500_65,poi_500_65,498,58.913598678065384
poi_500_65,poi_500_65,499,58.48374619104799
poi_500_65,poi_500_65,500,58.17654945661089
poi_500_65,poi_500_65,501,59.19549025394035
poi_500_65,poi_500_65,502,59.81672564590521
poi_500_65,poi_500_65,503,57.789109716990225
poi_500_65,poi_500_65,504,58.39093887627176
poi_500_65,poi_500_65,505,57.70371212063875
poi_500_65,poi_500_65,506,58.37133632961874
poi_500_65,poi_500_65,507,59.63354420007555
poi_500_65,poi_500_65,508,60.72653831212372
poi_500_65,poi_500_65,509,59.14225571125809
poi_500_65,poi_500_65,510,58.87555129443033
poi_500_65,poi_500_65,511,58.136419249064346
poi_500_65,poi_500_65,512,57.81112749930662
poi_500_65,poi_500_65,513,58.7022500951553
poi_500_65,poi_500_65,514,59.55376383614762
poi_500_65,poi_500_65,515,59.05525176418
poi_500_65,poi_500_65,516,59.75290034609314
poi_500_65,poi_500_65,517,58.6305095146964
poi_500_65,poi_500_65,518,57.58882447771974
poi_500_65,poi_500_65,519,57.54667956908908
poi_500_65,poi_500_65,520,57.6347592938718
poi_500_65,poi_500_65,521,56.70747641926417
poi_500_65,poi_500_65,522,58.60137243900684
poi_500_65,poi_500_65,523,56.98987756143217
poi_500_65,poi_500_65,524,56.53213354328568
poi_500_65,poi_500_65,525,57.55280221052558
poi_500_65,poi_500_65,526,57.91470806871448
poi_500_65,poi_500_65,527,57.32295127824929
poi_500_65,poi_500_65,528,57.814669556702405
poi_500_65,poi_500_65,529,56.65443486063657
poi_500_65,poi_500_65,530,56.91046531297896
poi_500_65,poi_500_65,531,58.41097469222451
poi_500_65,poi_500_65,532,59.260220796172064
poi_500_65,poi_500_65,533,57.014939987358005
poi_500_65,poi_500_65,534,57.8238622572393
poi_500_65,poi_500_65,535,57.97163247562493
poi_500_65,poi_500_65,536,58.37133632961874
poi_500_65,poi_500_65,537,60.01810161681986
poi_500_65,poi_500_65,538,61.07537728750334
poi_500_65,poi_500_65,539,59.717432301908914
poi_500_65,poi_500_65,540,59.59239723177526
poi_500_65,poi_500_65,541,59.13214876032686
poi_500_65,poi_500_65,542,59.09149408976355
poi_500_65,poi_500_65,543,60.01463204200383
poi_500_65,poi_500_65,544,60.94241746435757
poi_500_65,poi_500_65,545,59.373531306209316
poi_500_65,poi_500_65,546,60.13040515519322
poi_500_65,poi_500_65,547,59.324924596281775
poi_500_65,poi_500_65,548,58.866488998323646
poi_500_65,poi_500_65,549,59.84125636393446
poi_500_65,poi_500_65,550,60.478665778894715
poi_500_65,poi_500_65,551,60.08116511369474
poi_500_65,poi_500_65,552,60.67341440146431
poi_500_65,poi_500_65,553,59.3440720051391
poi_500_65,poi_500_65,554,58.92704268356528
poi_500_65,poi_500_65,555,59.615126928253524
poi_500_65,poi_500_65,556,60.08141055539617
poi_500_65,poi_500_65,557,58.10195064313565
poi_500_65,poi_500_65,558,59.77257881507157
poi_500_65,poi_500_65,559,58.99980561820038
poi_500_65,poi_500_65,560,59.31180592964691
poi_500_65,poi_500_65,561,60.5747432154168
poi_500_65,poi_500_65,562,61.449682572912614
poi_500_65,poi_500_65,563,60.15000789287461
poi_500_65,poi_500_65,564,59.97790453922164
poi_500_65,poi_500_65,565,58.92855385467157
poi_500_65,poi_500_65,566,59.09149408976355
poi_500_65,poi_500_65,567,60.01463204200383
poi_500_65,poi_500_65,568,60.94241746435757
poi_500_65,poi_500_65,569,59.373531306209316
poi_500_65,poi_500_65,570,60.13040515519322
poi_500_65,poi_500_65,571,59.324924596281775
poi_500_65,poi_500_65,572,58.866488998323646
poi_500_65,poi_500_65,573,59.439955332971266
poi_500_65,poi_500_65,574,60.07599614614732
poi_500_65,poi_500_65,575,59.55511967690259
poi_500_65,poi_500_65,576,60.125002598054294
poi_500_65,poi_500_65,577,58.40131718750445
poi_500_65,poi_500_65,578,57.58882447771974
poi_500_65,poi_500_65,579,57.54667956908908
poi_500_65,poi_500_65,580,57.6347592938718
poi_500_65,poi_500_65,581,56.70747641926417
poi_500_65,poi_500_65,582,58.60137243900684
poi_500_65,poi_500_65,583,56.98987756143217
poi_500_65,poi_500_65,584,56.53213354328568
poi_500_65,poi_500_65,585,56.84958119488919
poi_500_65,poi_500_65,586,57.15852412880851
poi_500_65,poi_500_65,587,56.27004408333265
poi_500_65,poi_500_65,588,56.6845317357664
poi_500_65,poi_500_65,589,54.69932324686178
poi_500_65,poi_500_65,590,54.530519048392165
poi_500_65,poi_500_65,591,55.40087378328497
poi_500_65,poi_500_65,592,56.069393366325855
poi_500_65,poi_500_65,593,55.125657629963754
poi_500_65,poi_500_65,594,55.81565785887011
poi_500_65,poi_500_65,595,55.21892476183827
poi_500_65,poi_500_65,596,54.530519048392165
poi_500_65,poi_500_65,597,56.35384241753649
poi_500_65,poi_500_65,598,57.01901828612745
poi_500_65,poi_500_65,599,56.45167886220356
