sensor_id,receiver_id,time_index,value_db
poi_500_115,poi_500_115,0,40.0
poi_500_115,poi_500_115,1,40.0
poi_500_115,poi_500_115,2,40.0
poi_500_115,poi_500_115,3,40.0
poi_500_115,poi_500_115,4,40.0
poi_500_115,poi_500_115,5,40.0
poi_500_115,poi_500_115,6,40.0
poi_500_115,poi_500_115,7,40.0
poi_500_115,poi_500_115,8,40.0
poi_500_115,poi_500_115,9,50.70975410460015
poi_500_115,poi_500_115,10,51.270519401770606
poi_500_115,poi_500_115,11,51.87562068659175
poi_500_115,poi_500_115,12,52.53010658058807
poi_500_115,poi_500_115,13,53.23958542986525
poi_500_115,poi_500_115,14,54.01005792219671
poi_500_115,poi_500_115,15,55.34922504697255
poi_500_115,poi_500_115,16,56.21008480943824
poi_500_115,poi_500_115,17,57.145325761683736
poi_500_115,poi_500_115,18,58.147812639324805
poi_500_115,poi_500_115,19,59.1911447553413
poi_500_115,poi_500_115,20,60.21170289036369
poi_500_115,poi_500_115,21,61.46891156732665
poi_500_115,poi_500_115,22,62.028210899596516
poi_500_115,poi_500_115,23,62.17434369884178
poi_500_115,poi_500_115,24,61.938314000122645
poi_500_115,poi_500_115,25,61.51505984750265
poi_500_115,poi_500_115,26,61.13035292555078
poi_500_115,poi_500_115,27,61.04462155641039
poi_500_115,poi_500_115,28,61.010809843777906
poi_500_115,poi_500_115,29,61.06293403700576
poi_500_115,poi_500_115,30,61.169652569109076
poi_500_115,poi_500_115,31,61.38590696337795
poi_500_115,poi_500_115,32,61.747987228855045
poi_500_115,poi_500_115,33,62.47063723782552
poi_500_115,poi_500_115,34,62.777280958017826
poi_500_115,poi_500_115,35,62.790622544810304
poi_500_115,poi_500_115,36,62.49562538000213
poi_500_115,poi_500_115,37,61.74930553162008
poi_500_115,poi_500_115,38,61.34789682064174
poi_500_115,poi_500_115,39,61.49135325390928
poi_500_115,poi_500_115,40,61.47623841788979
poi_500_115,poi_500_115,41,61.551467622027445
poi_500_115,poi_500_115,42,61.688984600508206
poi_500_115,poi_500_115,43,61.83620540984328
poi_500_115,poi_500_115,44,62.24456705310771
poi_500_115,poi_500_115,45,62.98385443672998
poi_500_115,poi_500_115,46,63.36614028170406
poi_500_115,poi_500_115,47,63.51937447220399
poi_500_115,poi_500_115,48,63.46521401880719
poi_500_115,poi_500_115,49,63.15566372140214
poi_500_115,poi_500_115,50,63.207667694721756
poi_500_115,poi_500_115,51,63.465848368371724
poi_500_115,poi_500_115,52,63.64528215126684
poi_500_115,poi_500_115,53,63.65782286149929
poi_500_115,poi_500_115,54,63.49079031857271
poi_500_115,poi_500_115,55,63.21649978091138
poi_500_115,poi_500_115,56,63.14048640532333
poi_500_115,poi_500_115,57,63.27363760782245
poi_500_115,poi_500_115,58,63.31711253559285
poi_500_115,poi_500_115,59,63.151481829795046
poi_500_115,poi_500_115,60,62.71712491034987
poi_500_115,poi_500_115,61,61.83318229447398
poi_500_115,poi_500_115,62,61.24437389130824
poi_500_115,poi_500_115,63,60.91036094535549
poi_500_115,poi_500_115,64,60.58358571508863
poi_500_115,poi_500_115,65,60.27886161630295
poi_500_115,poi_500_115,66,59.931821008132246
poi_500_115,poi_500_115,67,59.05165896293635
poi_500_115,poi_500_115,68,58.84498950550835
poi_500_115,poi_500_115,69,59.4175021677505
poi_500_115,poi_500_115,70,59.50821400248519
poi_500_115,poi_500_115,71,59.55005424683334
poi_500_115,poi_500_115,72,59.501061094972655
poi_500_115,poi_500_115,73,58.89110920170353
poi_500_115,poi_500_115,74,59.02331548234458
poi_500_115,poi_500_115,75,59.870593462454515
poi_500_115,poi_500_115,76,60.25884743590632
poi_500_115,poi_500_115,77,60.633596697699744
poi_500_115,poi_500_115,78,60.98990783163884
poi_500_115,poi_500_115,79,61.29283315493706
poi_500_115,poi_500_115,80,61.84029496195696
poi_500_115,poi_500_115,81,62.509321028474076
poi_500_115,poi_500_115,82,62.94788451112435
poi_500_115,poi_500_115,83,63.11598308354448
poi_500_115,poi_500_115,84,63.041932446961084
poi_500_115,poi_500_115,85,62.82793256470718
poi_500_115,poi_500_115,86,62.81448215342078
poi_500_115,poi_500_115,87,63.180597581902745
poi_500_115,poi_500_115,88,63.28819493916346
poi_500_115,poi_500_115,89,63.18431795169177
poi_500_115,poi_500_115,90,62.823977323278626
poi_500_115,poi_500_115,91,62.24141773685983
poi_500_115,poi_500_115,92,61.798268233222664
poi_500_115,poi_500_115,93,61.86144451935018
poi_500_115,poi_500_115,94,61.79438857428259
poi_500_115,poi_500_115,95,61.8220604146687
poi_500_115,poi_500_115,96,61.91785974240495
poi_500_115,poi_500_115,97,61.83620540984328
poi_500_115,poi_500_115,98,62.24456705310771
poi_500_115,poi_500_115,99,62.98385443672998
poi_500_115,poi_500_115,100,63.36614028170406
poi_500_115,poi_500_115,101,63.51937447220399
poi_500_115,poi_500_115,102,63.46521401880719
poi_500_115,poi_500_115,103,63.15566372140214
poi_500_115,poi_500_115,104,63.207667694721756
poi_500_115,poi_500_115,105,63.6201933720005
poi_500_115,poi_500_115,106,63.81550209135284
poi_500_115,poi_500_115,107,63.85453497071594
poi_500_115,poi_500_115,108,63.72982273669399
poi_500_115,poi_500_115,109,63.51712983898
poi_500_115,poi_500_115,110,63.50640163665098
poi_500_115,poi_500_115,111,63.7043629738867
poi_500_115,poi_500_115,112,63.84112311506354
poi_500_115,poi_500_115,113,63.826409818318524
poi_500_115,poi_500_115,114,63.643288563150705
poi_500_115,poi_500_115,115,63.21649978091138
poi_500_115,poi_500_115,116,63.14048640532333
poi_500_115,poi_500_115,117,63.434838988383135
poi_500_115,poi_500_115,118,63.50041521808451
poi_500_115,poi_500_115,119,63.371911389967714
poi_500_115,poi_500_115,120,63.001273112353815
poi_500_115,poi_500_115,121,62.24141773685983
poi_500_115,poi_500_115,122,61.798268233222664
poi_500_115,poi_500_115,123,61.62793961827012
poi_500_115,poi_500_115,124,61.520052325646475
poi_500_115,poi_500_115,125,61.5035616987214
poi_500_115,poi_500_115,126,61.549701807529296
poi_500_115,poi_500_115,127,61.38590696337795
poi_500_115,poi_500_115,128,61.747987228855045
poi_500_115,poi_500_115,129,62.268416544173846
poi_500_115,poi_500_115,130,62.55992486061516
poi_500_115,poi_500_115,131,62.53768736504757
poi_500_115,poi_500_115,132,62.17506551563061
poi_500_115,poi_500_115,133,61.289406959769565
poi_500_115,poi_500_115,134,60.72896504071324
poi_500_115,poi_500_115,135,60.748773310600974
poi_500_115,poi_500_115,136,60.529162005470326
poi_500_115,poi_500_115,137,60.342260689788446
poi_500_115,poi_500_115,138,60.13254236210418
poi_500_115,poi_500_115,139,59.7961799754001
poi_500_115,poi_500_115,140,59.76643150484698
poi_500_115,poi_500_115,141,60.06758329902634
poi_500_115,poi_500_115,142,60.31674304517102
poi_500_115,poi_500_115,143,60.5743392809712
poi_500_115,poi_500_115,144,60.82583470833529
poi_500_115,poi_500_115,145,60.778832261665094
poi_500_115,poi_500_115,146,61.29208618043143
poi_500_115,poi_500_115,147,61.932745462862556
poi_500_115,poi_500_115,148,62.294795930211755
poi_500_115,poi_500_115,149,62.30930464997194
poi_500_115,poi_500_115,150,61.95968364905553
poi_500_115,poi_500_115,151,61.289406959769565
poi_500_115,poi_500_115,152,60.72896504071324
poi_500_115,poi_500_115,153,60.44464426272953
poi_500_115,poi_500_115,154,60.15797888118214
poi_500_115,poi_500_115,155,59.88748149241741
poi_500_115,poi_500_115,156,59.56450013974259
poi_500_115,poi_500_115,157,59.05165896293635
poi_500_115,poi_500_115,158,58.84498950550835
poi_500_115,poi_500_115,159,58.99887183545793
poi_500_115,poi_500_115,160,59.03310304700116
poi_500_115,poi_500_115,161,58.99825843980207
poi_500_115,poi_500_115,162,58.836986475220236
poi_500_115,poi_500_115,163,57.95421015832656
poi_500_115,poi_500_115,164,57.905956904396554
poi_500_115,poi_500_115,165,58.252458818965216
poi_500_115,poi_500_115,166,58.41127426659256
poi_500_115,poi_500_115,167,58.46409849934409
poi_500_115,poi_500_115,168,58.35835149961912
poi_500_115,poi_500_115,169,57.95421015832656
poi_500_115,poi_500_115,170,57.905956904396554
poi_500_115,poi_500_115,171,58.74528881996406
poi_500_115,poi_500_115,172,58.95511797407127
poi_500_115,poi_500_115,173,59.08318892285959
poi_500_115,poi_500_115,174,59.093587582924044
poi_500_115,poi_500_115,175,58.89110920170353
poi_500_115,poi_500_115,176,59.02331548234458
poi_500_115,poi_500_115,177,59.4952849037159
poi_500_115,poi_500_115,178,59.86270700027501
poi_500_115,poi_500_115,179,60.20981393198129
poi_500_115,poi_500_115,180,60.52924737047312
poi_500_115,poi_500_115,181,60.778832261665094
poi_500_115,poi_500_115,182,61.29208618043143
poi_500_115,poi_500_115,183,61.932745462862556
poi_500_115,poi_500_115,184,62.294795930211755
poi_500_115,poi_500_115,185,62.30930464997194
poi_500_115,poi_500_115,186,61.95968364905553
poi_500_115,poi_500_115,187,61.289406959769565
poi_500_115,poi_500_115,188,60.72896504071324
poi_500_115,poi_500_115,189,60.44464426272953
poi_500_115,poi_500_115,190,60.15797888118214
poi_500_115,poi_500_115,191,59.88748149241741
poi_500_115,poi_500_115,192,59.56450013974259
poi_500_115,poi_500_115,193,59.05165896293635
poi_500_115,poi_500_115,194,58.84498950550835
poi_500_115,poi_500_115,195,59.4175021677505
poi_500_115,poi_500_115,196,59.50821400248519
poi_500_115,poi_500_115,197,59.55005424683334
poi_500_115,poi_500_115,198,59.501061094972655
poi_500_115,poi_500_115,199,58.89110920170353
poi_500_115,poi_500_115,200,59.02331548234458
poi_500_115,poi_500_115,201,59.870593462454515
poi_500_115,poi_500_115,202,60.25884743590632
poi_500_115,poi_500_115,203,60.633596697699744
poi_500_115,poi_500_115,204,60.98990783163884
poi_500_115,poi_500_115,205,61.29283315493706
poi_500_115,poi_500_115,206,61.84029496195696
poi_500_115,poi_500_115,207,62.509321028474076
poi_500_115,poi_500_115,208,62.94788451112435
poi_500_115,poi_500_115,209,63.11598308354448
poi_500_115,poi_500_115,210,63.041932446961084
poi_500_115,poi_500_115,211,62.82793256470718
poi_500_115,poi_500_115,212,62.81448215342078
poi_500_115,poi_500_115,213,63.00948365239969
poi_500_115,poi_500_115,214,63.095506004657516
poi_500_115,poi_500_115,215,62.95389565962904
poi_500_115,poi_500_115,216,62.52757586948888
poi_500_115,poi_500_115,217,61.83318229447398
poi_500_115,poi_500_115,218,61.24437389130824
poi_500_115,poi_500_115,219,60.91036094535549
poi_500_115,poi_500_115,220,60.58358571508863
poi_500_115,poi_500_115,221,60.27886161630295
poi_500_115,poi_500_115,222,59.931821008132246
poi_500_115,poi_500_115,223,59.05165896293635
poi_500_115,poi_500_115,224,58.84498950550835
poi_500_115,poi_500_115,225,59.4175021677505
poi_500_115,poi_500_115,226,59.50821400248519
poi_500_115,poi_500_115,227,59.55005424683334
poi_500_115,poi_500_115,228,59.501061094972655
poi_500_115,poi_500_115,229,58.89110920170353
poi_500_115,poi_500_115,230,59.02331548234458
poi_500_115,poi_500_115,231,59.4952849037159
poi_500_115,poi_500_115,232,59.86270700027501
poi_500_115,poi_500_115,233,60.20981393198129
poi_500_115,poi_500_115,234,60.52924737047312
poi_500_115,poi_500_115,235,60.778832261665094
poi_500_115,poi_500_115,236,61.29208618043143
poi_500_115,poi_500_115,237,62.15081444634429
poi_500_115,poi_500_115,238,62.52547740758682
poi_500_115,poi_500_115,239,62.57548658299675
poi_500_115,poi_500_115,240,62.29592668036507
poi_500_115,poi_500_115,241,61.74930553162008
poi_500_115,poi_500_115,242,61.34789682064174
poi_500_115,poi_500_115,243,61.23645626324469
poi_500_115,poi_500_115,244,61.18032457169968
poi_500_115,poi_500_115,245,61.2116715263529
poi_500_115,poi_500_115,246,61.29998549720202
poi_500_115,poi_500_115,247,61.38590696337795
poi_500_115,poi_500_115,248,61.747987228855045
poi_500_115,poi_500_115,249,62.47063723782552
poi_500_115,poi_500_115,250,62.777280958017826
poi_500_115,poi_500_115,251,62.790622544810304
poi_500_115,poi_500_115,252,62.49562538000213
poi_500_115,poi_500_115,253,61.74930553162008
poi_500_115,poi_500_115,254,61.34789682064174
poi_500_115,poi_500_115,255,61.23645626324469
poi_500_115,poi_500_115,256,61.18032457169968
poi_500_115,poi_500_115,257,61.2116715263529
poi_500_115,poi_500_115,258,61.29998549720202
poi_500_115,poi_500_115,259,61.38590696337795
poi_500_115,poi_500_115,260,61.747987228855045
poi_500_115,poi_500_115,261,62.268416544173846
poi_500_115,poi_500_115,262,62.55992486061516
poi_500_115,poi_500_115,263,62.53768736504757
poi_500_115,poi_500_115,264,62.17506551563061
poi_500_115,poi_500_115,265,61.289406959769565
poi_500_115,poi_500_115,266,60.72896504071324
poi_500_115,poi_500_115,267,60.748773310600974
poi_500_115,poi_500_115,268,60.529162005470326
poi_500_115,poi_500_115,269,60.342260689788446
poi_500_115,poi_500_115,270,60.13254236210418
poi_500_115,poi_500_115,271,59.7961799754001
poi_500_115,poi_500_115,272,59.76643150484698
poi_500_115,poi_500_115,273,60.06758329902634
poi_500_115,poi_500_115,274,60.31674304517102
poi_500_115,poi_500_115,275,60.5743392809712
poi_500_115,poi_500_115,276,60.82583470833529
poi_500_115,poi_500_115,277,60.778832261665094
poi_500_115,poi_500_115,278,61.29208618043143
poi_500_115,poi_500_115,279,62.15081444634429
poi_500_115,poi_500_115,280,62.52547740758682
poi_500_115,poi_500_115,281,62.57548658299675
poi_500_115,poi_500_115,282,62.29592668036507
poi_500_115,poi_500_115,283,61.74930553162008
poi_500_115,poi_500_115,284,61.34789682064174
poi_500_115,poi_500_115,285,61.49135325390928
poi_500_115,poi_500_115,286,61.47623841788979
poi_500_115,poi_500_115,287,61.551467622027445
poi_500_115,poi_500_115,288,61.688984600508206
poi_500_115,poi_500_115,289,61.83620540984328
poi_500_115,poi_500_115,290,62.24456705310771
poi_500_115,poi_500_115,291,62.804644638179674
poi_500_115,poi_500_115,292,63.17695455654981
poi_500_115,poi_500_115,293,63.306487275539354
poi_500_115,poi_500_115,294,63.210716465669435
poi_500_115,poi_500_115,295,62.82793256470718
poi_500_115,poi_500_115,296,62.81448215342078
poi_500_115,poi_500_115,297,63.180597581902745
poi_500_115,poi_500_115,298,63.28819493916346
poi_500_115,poi_500_115,299,63.18431795169177
poi_500_115,poi_500_115,300,62.823977323278626
poi_500_115,poi_500_115,301,62.24141773685983
poi_500_115,poi_500_115,302,61.798268233222664
poi_500_115,poi_500_115,303,61.62793961827012
poi_500_115,poi_500_115,304,61.520052325646475
poi_500_115,poi_500_115,305,61.5035616987214
poi_500_115,poi_500_115,306,61.549701807529296
poi_500_115,poi_500_115,307,61.38590696337795
poi_500_115,poi_500_115,308,61.747987228855045
poi_500_115,poi_500_115,309,62.268416544173846
poi_500_115,poi_500_115,310,62.55992486061516
poi_500_115,poi_500_115,311,62.53768736504757
poi_500_115,poi_500_115,312,62.17506551563061
poi_500_115,poi_500_115,313,61.289406959769565
poi_500_115,poi_500_115,314,60.72896504071324
poi_500_115,poi_500_115,315,60.748773310600974
poi_500_115,poi_500_115,316,60.529162005470326
poi_500_115,poi_500_115,317,60.342260689788446
poi_500_115,poi_500_115,318,60.13254236210418
poi_500_115,poi_500_115,319,59.7961799754001
poi_500_115,poi_500_115,320,59.76643150484698
poi_500_115,poi_500_115,321,60.3982723557148
poi_500_115,poi_500_115,322,60.6751366358631
poi_500_115,poi_500_115,323,60.96549321717258
poi_500_115,poi_500_115,324,61.257546979527376
poi_500_115,poi_500_115,325,61.29283315493706
poi_500_115,poi_500_115,326,61.84029496195696
poi_500_115,poi_500_115,327,62.509321028474076
poi_500_115,poi_500_115,328,62.94788451112435
poi_500_115,poi_500_115,329,63.11598308354448
poi_500_115,poi_500_115,330,63.041932446961084
poi_500_115,poi_500_115,331,62.82793256470718
poi_500_115,poi_500_115,332,62.81448215342078
poi_500_115,poi_500_115,333,63.00948365239969
poi_500_115,poi_500_115,334,63.095506004657516
poi_500_115,poi_500_115,335,62.95389565962904
poi_500_115,poi_500_115,336,62.52757586948888
poi_500_115,poi_500_115,337,61.83318229447398
poi_500_115,poi_500_115,338,61.24437389130824
poi_500_115,poi_500_115,339,60.91036094535549
poi_500_115,poi_500_115,340,60.58358571508863
poi_500_115,poi_500_115,341,60.27886161630295
poi_500_115,poi_500_115,342,59.931821008132246
poi_500_115,poi_500_115,343,59.05165896293635
poi_500_115,poi_500_115,344,58.84498950550835
poi_500_115,poi_500_115,345,58.99887183545793
poi_500_115,poi_500_115,346,59.03310304700116
poi_500_115,poi_500_115,347,58.99825843980207
poi_500_115,poi_500_115,348,58.836986475220236
poi_500_115,poi_500_115,349,57.95421015832656
poi_500_115,poi_500_115,350,57.905956904396554
poi_500_115,poi_500_115,351,58.252458818965216
poi_500_115,poi_500_115,352,58.41127426659256
poi_500_115,poi_500_115,353,58.46409849934409
poi_500_115,poi_500_115,354,58.35835149961912
poi_500_115,poi_500_115,355,57.95421015832656
poi_500_115,poi_500_115,356,57.905956904396554
poi_500_115,poi_500_115,357,58.74528881996406
poi_500_115,poi_500_115,358,58.95511797407127
poi_500_115,poi_500_115,359,59.08318892285959
poi_500_115,poi_500_115,360,59.093587582924044
poi_500_115,poi_500_115,361,58.89110920170353
poi_500_115,poi_500_115,362,59.02331548234458
poi_500_115,poi_500_115,363,59.870593462454515
poi_500_115,poi_500_115,364,60.25884743590632
poi_500_115,poi_500_115,365,60.633596697699744
poi_500_115,poi_500_115,366,60.98990783163884
poi_500_115,poi_500_115,367,61.29283315493706
poi_500_115,poi_500_115,368,61.84029496195696
poi_500_115,poi_500_115,369,62.509321028474076
poi_500_115,poi_500_115,370,62.94788451112435
poi_500_115,poi_500_115,371,63.11598308354448
poi_500_115,poi_500_115,372,63.041932446961084
poi_500_115,poi_500_115,373,62.82793256470718
poi_500_115,poi_500_115,374,62.81448215342078
poi_500_115,poi_500_115,375,63.00948365239969
poi_500_115,poi_500_115,376,63.095506004657516
poi_500_115,poi_500_115,377,62.95389565962904
poi_500_115,poi_500_115,378,62.52757586948888
poi_500_115,poi_500_115,379,61.83318229447398
poi_500_115,poi_500_115,380,61.24437389130824
poi_500_115,poi_500_115,381,61.18451924533918
poi_500_115,poi_500_115,382,60.921430434867304
poi_500_115,poi_500_115,383,60.696271115767566
poi_500_115,poi_500_115,384,60.456464115413766
poi_500_115,poi_500_115,385,59.7961799754001
poi_500_115,poi_500_115,386,59.76643150484698
poi_500_115,poi_500_115,387,60.3982723557148
poi_500_115,poi_500_115,388,60.6751366358631
poi_500_115,poi_500_115,389,60.96549321717258
poi_500_115,poi_500_115,390,61.257546979527376
poi_500_115,poi_500_115,391,61.29283315493706
poi_500_115,poi_500_115,392,61.84029496195696
poi_500_115,poi_500_115,393,62.70086695401783
poi_500_115,poi_500_115,394,63.14708522362831
poi_500_115,poi_500_115,395,63.3381762906061
poi_500_115,poi_500_115,396,63.30621464551167
poi_500_115,poi_500_115,397,63.15566372140214
poi_500_115,poi_500_115,398,63.207667694721756
poi_500_115,poi_500_115,399,63.6201933720005
poi_500_115,poi_500_115,400,63.81550209135284
poi_500_115,poi_500_115,401,63.85453497071594
poi_500_115,poi_500_115,402,63.72982273669399
poi_500_115,poi_500_115,403,63.51712983898
poi_500_115,poi_500_115,404,63.50640163665098
poi_500_115,poi_500_115,405,63.7043629738867
poi_500_115,poi_500_115,406,63.84112311506354
poi_500_115,poi_500_115,407,63.826409818318524
poi_500_115,poi_500_115,408,63.643288563150705
poi_500_115,poi_500_115,409,63.21649978091138
poi_500_115,poi_500_115,410,63.14048640532333
poi_500_115,poi_500_115,411,63.434838988383135
poi_500_115,poi_500_115,412,63.50041521808451
poi_500_115,poi_500_115,413,63.371911389967714
poi_500_115,poi_500_115,414,63.001273112353815
poi_500_115,poi_500_115,415,62.24141773685983
poi_500_115,poi_500_115,416,61.798268233222664
poi_500_115,poi_500_115,417,61.86144451935018
poi_500_115,poi_500_115,418,61.79438857428259
poi_500_115,poi_500_115,419,61.8220604146687
poi_500_115,poi_500_115,420,61.91785974240495
poi_500_115,poi_500_115,421,61.83620540984328
poi_500_115,poi_500_115,422,62.24456705310771
poi_500_115,poi_500_115,423,62.98385443672998
poi_500_115,poi_500_115,424,63.36614028170406
poi_500_115,poi_500_115,425,63.51937447220399
poi_500_115,poi_500_115,426,63.46521401880719
poi_500_115,poi_500_115,427,63.15566372140214
poi_500_115,poi_500_115,428,63.207667694721756
poi_500_115,poi_500_115,429,63.6201933720005
poi_500_115,poi_500_115,430,63.81550209135284
poi_500_115,poi_500_115,431,63.85453497071594
poi_500_115,poi_500_115,432,63.72982273669399
poi_500_115,poi_500_115,433,63.51712983898
poi_500_115,poi_500_115,434,63.50640163665098
poi_500_115,poi_500_115,435,63.7043629738867
poi_500_115,poi_500_115,436,63.84112311506354
poi_500_115,poi_500_115,437,63.826409818318524
poi_500_115,poi_500_115,438,63.643288563150705
poi_500_115,poi_500_115,439,63.21649978091138
poi_500_115,poi_500_115,440,63.14048640532333
poi_500_115,poi_500_115,441,63.434838988383135
poi_500_115,poi_500_115,442,63.50041521808451
poi_500_115,poi_500_115,443,63.371911389967714
poi_500_115,poi_500_115,444,63.001273112353815
poi_500_115,poi_500_115,445,62.24141773685983
poi_500_115,poi_500_115,446,61.798268233222664
poi_500_115,poi_500_115,447,61.86144451935018
poi_500_115,poi_500_115,448,61.79438857428259
poi_500_115,poi_500_115,449,61.8220604146687
poi_500_115,poi_500_115,450,61.91785974240495
poi_500_115,poi_500_115,451,61.83620540984328
poi_500_115,poi_500_115,452,62.24456705310771
poi_500_115,poi_500_115,453,62.98385443672998
poi_500_115,poi_500_115,454,63.36614028170406
poi_500_115,poi_500_115,455,63.51937447220399
poi_500_115,poi_500_115,456,63.46521401880719
poi_500_115,poi_500_115,457,63.15566372140214
poi_500_115,poi_500_115,458,63.207667694721756
poi_500_115,poi_500_115,459,63.465848368371724
poi_500_115,poi_500_115,460,63.64528215126684
poi_500_115,poi_500_115,461,63.65782286149929
poi_500_115,poi_500_115,462,63.49079031857271
poi_500_115,poi_500_115,463,63.21649978091138
poi_500_115,poi_500_115,464,63.14048640532333
poi_500_115,poi_500_115,465,63.434838988383135
poi_500_115,poi_500_115,466,63.50041521808451
poi_500_115,poi_500_115,467,63.371911389967714
poi_500_115,poi_500_115,468,63.001273112353815
poi_500_115,poi_500_115,469,62.24141773685983
poi_500_115,poi_500_115,470,61.798268233222664
poi_500_115,poi_500_115,471,61.62793961827012
poi_500_115,poi_500_115,472,61.520052325646475
poi_500_115,poi_500_115,473,61.5035616987214
poi_500_115,poi_500_115,474,61.549701807529296
poi_500_115,poi_500_115,475,61.38590696337795
poi_500_115,poi_500_115,476,61.747987228855045
poi_500_115,poi_500_115,477,62.47063723782552
poi_500_115,poi_500_115,478,62.777280958017826
poi_500_115,poi_500_115,479,62.790622544810304
poi_500_115,poi_500_115,480,62.49562538000213
poi_500_115,poi_500_115,481,61.74930553162008
poi_500_115,poi_500_115,482,61.34789682064174
poi_500_115,poi_500_115,483,61.23645626324469
poi_500_115,poi_500_115,484,61.18032457169968
poi_500_115,poi_500_115,485,61.2116715263529
poi_500_115,poi_500_115,486,61.29998549720202
poi_500_115,poi_500_115,487,61.38590696337795
poi_500_115,poi_500_115,488,61.747987228855045
poi_500_115,poi_500_115,489,62.268416544173846
poi_500_115,poi_500_115,490,62.55992486061516
poi_500_115,poi_500_115,491,62.53768736504757
poi_500_115,poi_500_115,492,62.17506551563061
poi_500_115,poi_500_115,493,61.289406959769565
poi_500_115,poi_500_115,494,60.72896504071324
poi_500_115,poi_500_115,495,60.748773310600974
poi_500_115,poi_500_115,496,60.529162005470326
poi_500_115,poi_500_115,497,60.342260689788446
poi_500_115,poi_500_115,498,60.13254236210418
poi_500_115,poi_500_115,499,59.7961799754001
poi_500_115,poi_500_115,500,59.76643150484698
poi_500_115,poi_500_115,501,60.3982723557148
poi_500_115,poi_500_115,502,60.6751366358631
poi_500_115,poi_500_115,503,60.96549321717258
poi_500_115,poi_500_115,504,61.257546979527376
poi_500_115,poi_500_115,505,61.29283315493706
poi_500_115,poi_500_115,506,61.84029496195696
poi_500_115,poi_500_115,507,62.509321028474076
poi_500_115,poi_500_115,508,62.94788451112435
poi_500_115,poi_500_115,509,63.11598308354448
poi_500_115,poi_500_115,510,63.041932446961084
poi_500_115,poi_500_115,511,62.82793256470718
poi_500_115,poi_500_115,512,62.81448215342078
poi_500_115,poi_500_115,513,63.00948365239969
poi_500_115,poi_500_115,514,63.095506004657516
poi_500_115,poi_500_115,515,62.95389565962904
poi_500_115,poi_500_115,516,62.52757586948888
poi_500_115,poi_500_115,517,61.83318229447398
poi_500_115,poi_500_115,518,61.24437389130824
poi_500_115,poi_500_115,519,60.91036094535549
poi_500_115,poi_500_115,520,60.58358571508863
poi_500_115,poi_500_115,521,60.27886161630295
poi_500_115,poi_500_115,522,59.931821008132246
poi_500_115,poi_500_115,523,59.05165896293635
poi_500_115,poi_500_115,524,58.84498950550835
poi_500_115,poi_500_115,525,59.4175021677505
poi_500_115,poi_500_115,526,59.50821400248519
poi_500_115,poi_500_115,527,59.55005424683334
poi_500_115,poi_500_115,528,59.501061094972655
poi_500_115,poi_500_115,529,58.89110920170353
poi_500_115,poi_500_115,530,59.02331548234458
poi_500_115,poi_500_115,531,59.870593462454515
poi_500_115,poi_500_115,532,60.25884743590632
poi_500_115,poi_500_115,533,60.633596697699744
poi_500_115,poi_500_115,534,60.98990783163884
poi_500_115,poi_500_115,535,61.29283315493706
poi_500_115,poi_500_115,536,61.84029496195696
poi_500_115,poi_500_115,537,62.70086695401783
poi_500_115,poi_500_115,538,63.14708522362831
poi_500_115,poi_500_115,539,63.3381762906061
poi_500_115,poi_500_115,540,63.30621464551167
poi_500_115,poi_500_115,541,63.15566372140214
poi_500_115,poi_500_115,542,63.207667694721756
poi_500_115,poi_500_115,543,63.465848368371724
poi_500_115,poi_500_115,544,63.64528215126684
poi_500_115,poi_500_115,545,63.65782286149929
poi_500_115,poi_500_115,546,63.49079031857271
poi_500_115,poi_500_115,547,63.21649978091138
poi_500_115,poi_500_115,548,63.14048640532333
poi_500_115,poi_500_115,549,63.434838988383135
poi_500_115,poi_500_115,550,63.50041521808451
poi_500_115,poi_500_115,551,63.371911389967714
poi_500_115,poi_500_115,552,63.001273112353815
poi_500_115,poi_500_115,553,62.24141773685983
poi_500_115,poi_500_115,554,61.798268233222664
poi_500_115,poi_500_115,555,61.86144451935018
poi_500_115,poi_500_115,556,61.79438857428259
poi_500_115,poi_500_115,557,61.8220604146687
poi_500_115,poi_500_115,558,61.91785974240495
poi_500_115,poi_500_115,559,61.83620540984328
poi_500_115,poi_500_115,560,62.24456705310771
poi_500_115,poi_500_115,561,62.98385443672998
poi_500_115,poi_500_115,562,63.36614028170406
poi_500_115,poi_500_115,563,63.51937447220399
poi_500_115,poi_500_115,564,63.46521401880719
poi_500_115,poi_500_115,565,63.15566372140214
poi_500_115,poi_500_115,566,63.207667694721756
poi_500_115,poi_500_115,567,63.465848368371724
poi_500_115,poi_500_115,568,63.64528215126684
poi_500_115,poi_500_115,569,63.65782286149929
poi_500_115,poi_500_115,570,63.49079031857271
poi_500_115,poi_500_115,571,63.21649978091138
poi_500_115,poi_500_115,572,63.14048640532333
poi_500_115,poi_500_115,573,63.27363760782245
poi_500_115,poi_500_115,574,63.31711253559285
poi_500_115,poi_500_115,575,63.151481829795046
poi_500_115,poi_500_115,576,62.71712491034987
poi_500_115,poi_500_115,577,61.83318229447398
poi_500_115,poi_500_115,578,61.24437389130824
poi_500_115,poi_500_115,579,60.91036094535549
poi_500_115,poi_500_115,580,60.58358571508863
poi_500_115,poi_500_115,581,60.27886161630295
poi_500_115,poi_500_115,582,59.931821008132246
poi_500_115,poi_500_115,583,59.05165896293635
poi_500_115,poi_500_115,584,58.84498950550835
poi_500_115,poi_500_115,585,58.99887183545793
poi_500_115,poi_500_115,586,59.03310304700116
poi_500_115,poi_500_115,587,58.99825843980207
poi_500_115,poi_500_115,588,58.836986475220236
poi_500_115,poi_500_115,589,57.95421015832656
poi_500_115,poi_500_115,590,57.905956904396554
poi_500_115,poi_500_115,591,58.252458818965216
poi_500_115,poi_500_115,592,58.41127426659256
poi_500_115,poi_500_115,593,58.46409849934409
poi_500_115,poi_500_115,594,58.35835149961912
poi_500_115,poi_500_115,595,57.95421015832656
poi_500_115,poi_500_115,596,57.905956904396554
poi_500_115,poi_500_115,597,58.74528881996406
poi_500_115,poi_500_115,598,58.95511797407127
poi_500_115,poi_500_115,599,59.08318892285959
poi_500_165,poi_500_165,0,40.0
poi_500_165,poi_500_165,1,40.0
poi_500_165,poi_500_165,2,40.0
poi_500_165,poi_500_165,3,40.0
poi_500_165,poi_500_165,4,40.0
poi_500_165,poi_500_165,5,40.0
poi_500_165,poi_500_165,6,40.0
poi_500_165,poi_500_165,7,40.0
poi_500_165,poi_500_165,8,40.0
poi_500_165,poi_500_165,9,40.0
poi_500_165,poi_500_165,10,50.88646293782105
poi_500_165,poi_500_165,11,51.42819954842316
poi_500_165,poi_500_165,12,52.004628822045575
poi_500_165,poi_500_165,13,52.61697266302846
poi_500_165,poi_500_165,14,53.26536652952428
poi_500_165,poi_500_165,15,53.94796654357191
poi_500_165,poi_500_165,16,55.19893637876778
poi_500_165,poi_500_165,17,55.89527153649772
poi_500_165,poi_500_165,18,56.595986159389994
poi_500_165,poi_500_165,19,57.27147061645567
poi_500_165,poi_500_165,20,57.87801135746449
poi_500_165,poi_500_165,21,58.36035150326459
poi_500_165,poi_500_165,22,59.33404490866958
poi_500_165,poi_500_165,23,59.49445598567009
poi_500_165,poi_500_165,24,59.50120306128959
poi_500_165,poi_500_165,25,59.41043389220564
poi_500_165,poi_500_165,26,59.2919627188984
poi_500_165,poi_500_165,27,59.19969272643063
poi_500_165,poi_500_165,28,59.35702866420823
poi_500_165,poi_500_165,29,59.387206487799524
poi_500_165,poi_500_165,30,59.466229922644274
poi_500_165,poi_500_165,31,59.58816988504462
poi_500_165,poi_500_165,32,59.73457075879903
poi_500_165,poi_500_165,33,59.86338119547148
poi_500_165,poi_500_165,34,60.42812902834021
poi_500_165,poi_500_165,35,60.430180003945736
poi_500_165,poi_500_165,36,59.860305794861446
poi_500_165,poi_500_165,37,59.729604235233964
poi_500_165,poi_500_165,38,59.579774317015996
poi_500_165,poi_500_165,39,59.46003395378516
poi_500_165,poi_500_165,40,59.965791378406166
poi_500_165,poi_500_165,41,60.02496084943463
poi_500_165,poi_500_165,42,60.13960004983585
poi_500_165,poi_500_165,43,60.164090902781936
poi_500_165,poi_500_165,44,60.381251573208196
poi_500_165,poi_500_165,45,60.59622299655662
poi_500_165,poi_500_165,46,61.188794332255235
poi_500_165,poi_500_165,47,61.320785310690944
poi_500_165,poi_500_165,48,61.02702424746348
poi_500_165,poi_500_165,49,61.10824933487497
poi_500_165,poi_500_165,50,61.18014483905273
poi_500_165,poi_500_165,51,61.24840599068344
poi_500_165,poi_500_165,52,61.41319757418334
poi_500_165,poi_500_165,53,61.41554475190077
poi_500_165,poi_500_165,54,61.366839785685954
poi_500_165,poi_500_165,55,61.17803782492714
poi_500_165,poi_500_165,56,61.10331772723089
poi_500_165,poi_500_165,57,61.02123921309438
poi_500_165,poi_500_165,58,61.03418398764304
poi_500_165,poi_500_165,59,60.85459334861558
poi_500_165,poi_500_165,60,60.14558075253875
poi_500_165,poi_500_165,61,59.82518154006709
poi_500_165,poi_500_165,62,59.46827325818091
poi_500_165,poi_500_165,63,59.11238602983764
poi_500_165,poi_500_165,64,58.989809037974574
poi_500_165,poi_500_165,65,58.702414142834094
poi_500_165,poi_500_165,66,57.678309400386
poi_500_165,poi_500_165,67,57.469988490326344
poi_500_165,poi_500_165,68,57.293612656699715
poi_500_165,poi_500_165,69,57.15239928402588
poi_500_165,poi_500_165,70,57.97403178345007
poi_500_165,poi_500_165,71,57.982180866327624
poi_500_165,poi_500_165,72,57.1614254898362
poi_500_165,poi_500_165,73,57.304272881220555
poi_500_165,poi_500_165,74,57.476076533205394
poi_500_165,poi_500_165,75,57.68654028576211
poi_500_165,poi_500_165,76,58.70934786842422
poi_500_165,poi_500_165,77,59.01041143287983
poi_500_165,poi_500_165,78,59.32454441485332
poi_500_165,poi_500_165,79,59.487168783064604
poi_500_165,poi_500_165,80,59.83951973498329
poi_500_165,poi_500_165,81,60.15764851014269
poi_500_165,poi_500_165,82,60.551255149804426
poi_500_165,poi_500_165,83,60.70335201191749
poi_500_165,poi_500_165,84,60.76706037233546
poi_500_165,poi_500_165,85,60.651024401434476
poi_500_165,poi_500_165,86,60.64907622567898
poi_500_165,poi_500_165,87,60.62547598204254
poi_500_165,poi_500_165,88,60.99440525123859
poi_500_165,poi_500_165,89,60.89977293233232
poi_500_165,poi_500_165,90,60.72767393787149
poi_500_165,poi_500_165,91,60.37236101749572
poi_500_165,poi_500_165,92,60.152783513803634
poi_500_165,poi_500_165,93,59.9706973561397
poi_500_165,poi_500_165,94,60.36508757846086
poi_500_165,poi_500_165,95,60.37112874673898
poi_500_165,poi_500_165,96,59.97957770192487
poi_500_165,poi_500_165,97,60.164090902781936
poi_500_165,poi_500_165,98,60.381251573208196
poi_500_165,poi_500_165,99,60.59622299655662
poi_500_165,poi_500_165,100,61.188794332255235
poi_500_165,poi_500_165,101,61.320785310690944
poi_500_165,poi_500_165,102,61.02702424746348
poi_500_165,poi_500_165,103,61.10824933487497
poi_500_165,poi_500_165,104,61.18014483905273
poi_500_165,poi_500_165,105,61.24840599068344
poi_500_165,poi_500_165,106,61.668920908242356
poi_500_165,poi_500_165,107,61.707059218272406
poi_500_165,poi_500_165,108,61.70509789430197
poi_500_165,poi_500_165,109,61.58538420121349
poi_500_165,poi_500_165,110,61.584457651195265
poi_500_165,poi_500_165,111,61.593327786438216
poi_500_165,poi_500_165,112,61.70299974924869
poi_500_165,poi_500_165,113,61.66957664866704
poi_500_165,poi_500_165,114,61.24675989735407
poi_500_165,poi_500_165,115,61.17803782492714
poi_500_165,poi_500_165,116,61.10331772723089
poi_500_165,poi_500_165,117,61.02123921309438
poi_500_165,poi_500_165,118,61.3124952293279
poi_500_165,poi_500_165,119,61.18480860140315
poi_500_165,poi_500_165,120,60.58824611703063
poi_500_165,poi_500_165,121,60.37236101749572
poi_500_165,poi_500_165,122,60.152783513803634
poi_500_165,poi_500_165,123,59.9706973561397
poi_500_165,poi_500_165,124,60.016139467163434
poi_500_165,poi_500_165,125,59.969634784901515
poi_500_165,poi_500_165,126,59.466229922644274
poi_500_165,poi_500_165,127,59.58816988504462
poi_500_165,poi_500_165,128,59.73457075879903
poi_500_165,poi_500_165,129,59.86338119547148
poi_500_165,poi_500_165,130,60.084413992724386
poi_500_165,poi_500_165,131,60.03436305783873
poi_500_165,poi_500_165,132,59.33175874612949
poi_500_165,poi_500_165,133,59.08839496338909
poi_500_165,poi_500_165,134,58.7894168959873
poi_500_165,poi_500_165,135,58.48166499197835
poi_500_165,poi_500_165,136,58.92593996693055
poi_500_165,poi_500_165,137,58.77632703514861
poi_500_165,poi_500_165,138,58.65831392001671
poi_500_165,poi_500_165,139,58.37237951365344
poi_500_165,poi_500_165,140,58.37136620908227
poi_500_165,poi_500_165,141,58.43363764235244
poi_500_165,poi_500_165,142,58.77645788634163
poi_500_165,poi_500_165,143,58.940408408442636
poi_500_165,poi_500_165,144,58.498143343872826
poi_500_165,poi_500_165,145,58.806108840613106
poi_500_165,poi_500_165,146,59.09919771892787
poi_500_165,poi_500_165,147,59.339139208802365
poi_500_165,poi_500_165,148,59.657106105833925
poi_500_165,poi_500_165,149,59.659043888629995
poi_500_165,poi_500_165,150,59.516981428868014
poi_500_165,poi_500_165,151,59.08839496338909
poi_500_165,poi_500_165,152,58.7894168959873
poi_500_165,poi_500_165,153,58.48166499197835
poi_500_165,poi_500_165,154,58.43183879858913
poi_500_165,poi_500_165,155,58.184062286073384
poi_500_165,poi_500_165,156,57.94674627770229
poi_500_165,poi_500_165,157,57.469988490326344
poi_500_165,poi_500_165,158,57.293612656699715
poi_500_165,poi_500_165,159,57.15239928402588
poi_500_165,poi_500_165,160,57.349757073506915
poi_500_165,poi_500_165,161,57.26069333983364
poi_500_165,poi_500_165,162,56.119416251533664
poi_500_165,poi_500_165,163,56.11281514039738
poi_500_165,poi_500_165,164,56.10883712000746
poi_500_165,poi_500_165,165,56.11614995408904
poi_500_165,poi_500_165,166,56.50962830867997
poi_500_165,poi_500_165,167,56.519987178213256
poi_500_165,poi_500_165,168,56.498830513518435
poi_500_165,poi_500_165,169,56.11281514039738
poi_500_165,poi_500_165,170,56.10883712000746
poi_500_165,poi_500_165,171,56.11614995408904
poi_500_165,poi_500_165,172,57.25626550442029
poi_500_165,poi_500_165,173,57.36336473888696
poi_500_165,poi_500_165,174,57.462638583416876
poi_500_165,poi_500_165,175,57.304272881220555
poi_500_165,poi_500_165,176,57.476076533205394
poi_500_165,poi_500_165,177,57.68654028576211
poi_500_165,poi_500_165,178,58.188403795707515
poi_500_165,poi_500_165,179,58.45131646234823
poi_500_165,poi_500_165,180,58.72156776763675
poi_500_165,poi_500_165,181,58.806108840613106
poi_500_165,poi_500_165,182,59.09919771892787
poi_500_165,poi_500_165,183,59.339139208802365
poi_500_165,poi_500_165,184,59.657106105833925
poi_500_165,poi_500_165,185,59.659043888629995
poi_500_165,poi_500_165,186,59.516981428868014
poi_500_165,poi_500_165,187,59.08839496338909
poi_500_165,poi_500_165,188,58.7894168959873
poi_500_165,poi_500_165,189,58.48166499197835
poi_500_165,poi_500_165,190,58.43183879858913
poi_500_165,poi_500_165,191,58.184062286073384
poi_500_165,poi_500_165,192,57.94674627770229
poi_500_165,poi_500_165,193,57.469988490326344
poi_500_165,poi_500_165,194,57.293612656699715
poi_500_165,poi_500_165,195,57.15239928402588
poi_500_165,poi_500_165,196,57.97403178345007
poi_500_165,poi_500_165,197,57.982180866327624
poi_500_165,poi_500_165,198,57.1614254898362
poi_500_165,poi_500_165,199,57.304272881220555
poi_500_165,poi_500_165,200,57.476076533205394
poi_500_165,poi_500_165,201,57.68654028576211
poi_500_165,poi_500_165,202,58.70934786842422
poi_500_165,poi_500_165,203,59.01041143287983
poi_500_165,poi_500_165,204,59.32454441485332
poi_500_165,poi_500_165,205,59.487168783064604
poi_500_165,poi_500_165,206,59.83951973498329
poi_500_165,poi_500_165,207,60.15764851014269
poi_500_165,poi_500_165,208,60.551255149804426
poi_500_165,poi_500_165,209,60.70335201191749
poi_500_165,poi_500_165,210,60.76706037233546
poi_500_165,poi_500_165,211,60.651024401434476
poi_500_165,poi_500_165,212,60.649076225678975
poi_500_165,poi_500_165,213,60.62547598204254
poi_500_165,poi_500_165,214,60.69419712899163
poi_500_165,poi_500_165,215,60.54622184158912
poi_500_165,poi_500_165,216,60.299707108280735
poi_500_165,poi_500_165,217,59.82518154006709
poi_500_165,poi_500_165,218,59.46827325818091
poi_500_165,poi_500_165,219,59.11238602983764
poi_500_165,poi_500_165,220,58.989809037974574
poi_500_165,poi_500_165,221,58.702414142834094
poi_500_165,poi_500_165,222,57.678309400386
poi_500_165,poi_500_165,223,57.469988490326344
poi_500_165,poi_500_165,224,57.293612656699715
poi_500_165,poi_500_165,225,57.15239928402588
poi_500_165,poi_500_165,226,57.97403178345007
poi_500_165,poi_500_165,227,57.982180866327624
poi_500_165,poi_500_165,228,57.1614254898362
poi_500_165,poi_500_165,229,57.304272881220555
poi_500_165,poi_500_165,230,57.476076533205394
poi_500_165,poi_500_165,231,57.68654028576211
poi_500_165,poi_500_165,232,58.188403795707515
poi_500_165,poi_500_165,233,58.45131646234823
poi_500_165,poi_500_165,234,58.72156776763675
poi_500_165,poi_500_165,235,58.806108840613106
poi_500_165,poi_500_165,236,59.09919771892787
poi_500_165,poi_500_165,237,59.339139208802365
poi_500_165,poi_500_165,238,60.03485572457212
poi_500_165,poi_500_165,239,60.08887575940601
poi_500_165,poi_500_165,240,60.0247005091635
poi_500_165,poi_500_165,241,59.729604235233964
poi_500_165,poi_500_165,242,59.579774317015996
poi_500_165,poi_500_165,243,59.46003395378516
poi_500_165,poi_500_165,244,59.58171075974336
poi_500_165,poi_500_165,245,59.58842519283778
poi_500_165,poi_500_165,246,59.645920617713955
poi_500_165,poi_500_165,247,59.58816988504462
poi_500_165,poi_500_165,248,59.73457075879903
poi_500_165,poi_500_165,249,59.86338119547148
poi_500_165,poi_500_165,250,60.42812902834021
poi_500_165,poi_500_165,251,60.430180003945736
poi_500_165,poi_500_165,252,59.860305794861446
poi_500_165,poi_500_165,253,59.729604235233964
poi_500_165,poi_500_165,254,59.579774317015996
poi_500_165,poi_500_165,255,59.46003395378516
poi_500_165,poi_500_165,256,59.58171075974336
poi_500_165,poi_500_165,257,59.58842519283778
poi_500_165,poi_500_165,258,59.645920617713955
poi_500_165,poi_500_165,259,59.58816988504462
poi_500_165,poi_500_165,260,59.73457075879903
poi_500_165,poi_500_165,261,59.86338119547148
poi_500_165,poi_500_165,262,60.084413992724386
poi_500_165,poi_500_165,263,60.03436305783873
poi_500_165,poi_500_165,264,59.33175874612949
poi_500_165,poi_500_165,265,59.08839496338909
poi_500_165,poi_500_165,266,58.7894168959873
poi_500_165,poi_500_165,267,58.48166499197835
poi_500_165,poi_500_165,268,58.92593996693055
poi_500_165,poi_500_165,269,58.77632703514861
poi_500_165,poi_500_165,270,58.65831392001671
poi_500_165,poi_500_165,271,58.37237951365344
poi_500_165,poi_500_165,272,58.37136620908227
poi_500_165,poi_500_165,273,58.43363764235244
poi_500_165,poi_500_165,274,58.77645788634163
poi_500_165,poi_500_165,275,58.940408408442636
poi_500_165,poi_500_165,276,58.498143343872826
poi_500_165,poi_500_165,277,58.806108840613106
poi_500_165,poi_500_165,278,59.09919771892787
poi_500_165,poi_500_165,279,59.339139208802365
poi_500_165,poi_500_165,280,60.03485572457212
poi_500_165,poi_500_165,281,60.08887575940601
poi_500_165,poi_500_165,282,60.0247005091635
poi_500_165,poi_500_165,283,59.729604235233964
poi_500_165,poi_500_165,284,59.579774317015996
poi_500_165,poi_500_165,285,59.46003395378516
poi_500_165,poi_500_165,286,59.965791378406166
poi_500_165,poi_500_165,287,60.02496084943463
poi_500_165,poi_500_165,288,60.13960004983585
poi_500_165,poi_500_165,289,60.164090902781936
poi_500_165,poi_500_165,290,60.381251573208196
poi_500_165,poi_500_165,291,60.59622299655662
poi_500_165,poi_500_165,292,60.90217072878968
poi_500_165,poi_500_165,293,61.001132962812974
poi_500_165,poi_500_165,294,60.628911550046155
poi_500_165,poi_500_165,295,60.651024401434476
poi_500_165,poi_500_165,296,60.649076225678975
poi_500_165,poi_500_165,297,60.62547598204254
poi_500_165,poi_500_165,298,60.99440525123859
poi_500_165,poi_500_165,299,60.89977293233232
poi_500_165,poi_500_165,300,60.72767393787149
poi_500_165,poi_500_165,301,60.37236101749572
poi_500_165,poi_500_165,302,60.152783513803634
poi_500_165,poi_500_165,303,59.9706973561397
poi_500_165,poi_500_165,304,60.016139467163434
poi_500_165,poi_500_165,305,59.969634784901515
poi_500_165,poi_500_165,306,59.466229922644274
poi_500_165,poi_500_165,307,59.58816988504462
poi_500_165,poi_500_165,308,59.73457075879903
poi_500_165,poi_500_165,309,59.86338119547148
poi_500_165,poi_500_165,310,60.084413992724386
poi_500_165,poi_500_165,311,60.03436305783873
poi_500_165,poi_500_165,312,59.33175874612949
poi_500_165,poi_500_165,313,59.08839496338909
poi_500_165,poi_500_165,314,58.7894168959873
poi_500_165,poi_500_165,315,58.48166499197835
poi_500_165,poi_500_165,316,58.92593996693055
poi_500_165,poi_500_165,317,58.77632703514861
poi_500_165,poi_500_165,318,58.65831392001671
poi_500_165,poi_500_165,319,58.37237951365344
poi_500_165,poi_500_165,320,58.37136620908227
poi_500_165,poi_500_165,321,58.43363764235244
poi_500_165,poi_500_165,322,59.234784807217025
poi_500_165,poi_500_165,323,59.4432665815406
poi_500_165,poi_500_165,324,59.1307399217061
poi_500_165,poi_500_165,325,59.487168783064604
poi_500_165,poi_500_165,326,59.83951973498329
poi_500_165,poi_500_165,327,60.15764851014269
poi_500_165,poi_500_165,328,60.551255149804426
poi_500_165,poi_500_165,329,60.70335201191749
poi_500_165,poi_500_165,330,60.76706037233546
poi_500_165,poi_500_165,331,60.651024401434476
poi_500_165,poi_500_165,332,60.649076225678975
poi_500_165,poi_500_165,333,60.62547598204254
poi_500_165,poi_500_165,334,60.69419712899163
poi_500_165,poi_500_165,335,60.54622184158912
poi_500_165,poi_500_165,336,60.299707108280735
poi_500_165,poi_500_165,337,59.82518154006709
poi_500_165,poi_500_165,338,59.46827325818091
poi_500_165,poi_500_165,339,59.11238602983764
poi_500_165,poi_500_165,340,58.989809037974574
poi_500_165,poi_500_165,341,58.702414142834094
poi_500_165,poi_500_165,342,57.678309400386
poi_500_165,poi_500_165,343,57.469988490326344
poi_500_165,poi_500_165,344,57.293612656699715
poi_500_165,poi_500_165,345,57.15239928402588
poi_500_165,poi_500_165,346,57.349757073506915
poi_500_165,poi_500_165,347,57.26069333983364
poi_500_165,poi_500_165,348,56.119416251533664
poi_500_165,poi_500_165,349,56.11281514039738
poi_500_165,poi_500_165,350,56.10883712000746
poi_500_165,poi_500_165,351,56.11614995408904
poi_500_165,poi_500_165,352,56.50962830867997
poi_500_165,poi_500_165,353,56.519987178213256
poi_500_165,poi_500_165,354,56.498830513518435
poi_500_165,poi_500_165,355,56.11281514039738
poi_500_165,poi_500_165,356,56.10883712000746
poi_500_165,poi_500_165,357,56.11614995408904
poi_500_165,poi_500_165,358,57.25626550442029
poi_500_165,poi_500_165,359,57.36336473888696
poi_500_165,poi_500_165,360,57.462638583416876
poi_500_165,poi_500_165,361,57.304272881220555
poi_500_165,poi_500_165,362,57.476076533205394
poi_500_165,poi_500_165,363,57.68654028576211
poi_500_165,poi_500_165,364,58.70934786842422
poi_500_165,poi_500_165,365,59.01041143287983
poi_500_165,poi_500_165,366,59.32454441485332
poi_500_165,poi_500_165,367,59.487168783064604
poi_500_165,poi_500_165,368,59.83951973498329
poi_500_165,poi_500_165,369,60.15764851014269
poi_500_165,poi_500_165,370,60.551255149804426
poi_500_165,poi_500_165,371,60.70335201191749
poi_500_165,poi_500_165,372,60.76706037233546
poi_500_165,poi_500_165,373,60.651024401434476
poi_500_165,poi_500_165,374,60.649076225678975
poi_500_165,poi_500_165,375,60.62547598204254
poi_500_165,poi_500_165,376,60.69419712899163
poi_500_165,poi_500_165,377,60.54622184158912
poi_500_165,poi_500_165,378,60.299707108280735
poi_500_165,poi_500_165,379,59.82518154006709
poi_500_165,poi_500_165,380,59.46827325818091
poi_500_165,poi_500_165,381,59.11238602983764
poi_500_165,poi_500_165,382,59.42723375767074
poi_500_165,poi_500_165,383,59.23193767681611
poi_500_165,poi_500_165,384,58.43152447999639
poi_500_165,poi_500_165,385,58.37237951365344
poi_500_165,poi_500_165,386,58.37136620908227
poi_500_165,poi_500_165,387,58.43363764235244
poi_500_165,poi_500_165,388,59.234784807217025
poi_500_165,poi_500_165,389,59.4432665815406
poi_500_165,poi_500_165,390,59.1307399217061
poi_500_165,poi_500_165,391,59.487168783064604
poi_500_165,poi_500_165,392,59.83951973498329
poi_500_165,poi_500_165,393,60.15764851014269
poi_500_165,poi_500_165,394,60.86115845096293
poi_500_165,poi_500_165,395,61.04482104353035
poi_500_165,poi_500_165,396,61.153246312215764
poi_500_165,poi_500_165,397,61.10824933487497
poi_500_165,poi_500_165,398,61.18014483905273
poi_500_165,poi_500_165,399,61.24840599068344
poi_500_165,poi_500_165,400,61.668920908242356
poi_500_165,poi_500_165,401,61.707059218272406
poi_500_165,poi_500_165,402,61.70509789430197
poi_500_165,poi_500_165,403,61.58538420121349
poi_500_165,poi_500_165,404,61.584457651195265
poi_500_165,poi_500_165,405,61.593327786438216
poi_500_165,poi_500_165,406,61.70299974924869
poi_500_165,poi_500_165,407,61.66957664866704
poi_500_165,poi_500_165,408,61.24675989735407
poi_500_165,poi_500_165,409,61.17803782492714
poi_500_165,poi_500_165,410,61.10331772723089
poi_500_165,poi_500_165,411,61.02123921309438
poi_500_165,poi_500_165,412,61.3124952293279
poi_500_165,poi_500_165,413,61.18480860140315
poi_500_165,poi_500_165,414,60.58824611703063
poi_500_165,poi_500_165,415,60.37236101749572
poi_500_165,poi_500_165,416,60.152783513803634
poi_500_165,poi_500_165,417,59.9706973561397
poi_500_165,poi_500_165,418,60.36508757846086
poi_500_165,poi_500_165,419,60.37112874673898
poi_500_165,poi_500_165,420,59.97957770192487
poi_500_165,poi_500_165,421,60.164090902781936
poi_500_165,poi_500_165,422,60.381251573208196
poi_500_165,poi_500_165,423,60.59622299655662
poi_500_165,poi_500_165,424,61.188794332255235
poi_500_165,poi_500_165,425,61.320785310690944
poi_500_165,poi_500_165,426,61.02702424746348
poi_500_165,poi_500_165,427,61.10824933487497
poi_500_165,poi_500_165,428,61.18014483905273
poi_500_165,poi_500_165,429,61.24840599068344
poi_500_165,poi_500_165,430,61.668920908242356
poi_500_165,poi_500_165,431,61.707059218272406
poi_500_165,poi_500_165,432,61.70509789430197
poi_500_165,poi_500_165,433,61.58538420121349
poi_500_165,poi_500_165,434,61.584457651195265
poi_500_165,poi_500_165,435,61.593327786438216
poi_500_165,poi_500_165,436,61.70299974924869
poi_500_165,poi_500_165,437,61.66957664866704
poi_500_165,poi_500_165,438,61.24675989735407
poi_500_165,poi_500_165,439,61.17803782492714
poi_500_165,poi_500_165,440,61.10331772723089
poi_500_165,poi_500_165,441,61.02123921309438
poi_500_165,poi_500_165,442,61.3124952293279
poi_500_165,poi_500_165,443,61.18480860140315
poi_500_165,poi_500_165,444,60.58824611703063
poi_500_165,poi_500_165,445,60.37236101749572
poi_500_165,poi_500_165,446,60.152783513803634
poi_500_165,poi_500_165,447,59.9706973561397
poi_500_165,poi_500_165,448,60.36508757846086
poi_500_165,poi_500_165,449,60.37112874673898
poi_500_165,poi_500_165,450,59.97957770192487
poi_500_165,poi_500_165,451,60.164090902781936
poi_500_165,poi_500_165,452,60.381251573208196
poi_500_165,poi_500_165,453,60.59622299655662
poi_500_165,poi_500_165,454,61.188794332255235
poi_500_165,poi_500_165,455,61.320785310690944
poi_500_165,poi_500_165,456,61.02702424746348
poi_500_165,poi_500_165,457,61.10824933487497
poi_500_165,poi_500_165,458,61.18014483905273
poi_500_165,poi_500_165,459,61.24840599068344
poi_500_165,poi_500_165,460,61.41319757418334
poi_500_165,poi_500_165,461,61.41554475190077
poi_500_165,poi_500_165,462,61.366839785685954
poi_500_165,poi_500_165,463,61.17803782492714
poi_500_165,poi_500_165,464,61.10331772723089
poi_500_165,poi_500_165,465,61.02123921309438
poi_500_165,poi_500_165,466,61.3124952293279
poi_500_165,poi_500_165,467,61.18480860140315
poi_500_165,poi_500_165,468,60.58824611703063
poi_500_165,poi_500_165,469,60.37236101749572
poi_500_165,poi_500_165,470,60.152783513803634
poi_500_165,poi_500_165,471,59.9706973561397
poi_500_165,poi_500_165,472,60.016139467163434
poi_500_165,poi_500_165,473,59.969634784901515
poi_500_165,poi_500_165,474,59.466229922644274
poi_500_165,poi_500_165,475,59.58816988504462
poi_500_165,poi_500_165,476,59.73457075879903
poi_500_165,poi_500_165,477,59.86338119547148
poi_500_165,poi_500_165,478,60.42812902834021
poi_500_165,poi_500_165,479,60.430180003945736
poi_500_165,poi_500_165,480,59.860305794861446
poi_500_165,poi_500_165,481,59.729604235233964
poi_500_165,poi_500_165,482,59.579774317015996
poi_500_165,poi_500_165,483,59.46003395378516
poi_500_165,poi_500_165,484,59.58171075974336
poi_500_165,poi_500_165,485,59.58842519283778
poi_500_165,poi_500_165,486,59.645920617713955
poi_500_165,poi_500_165,487,59.58816988504462
poi_500_165,poi_500_165,488,59.73457075879903
poi_500_165,poi_500_165,489,59.86338119547148
poi_500_165,poi_500_165,490,60.084413992724386
poi_500_165,poi_500_165,491,60.03436305783873
poi_500_165,poi_500_165,492,59.33175874612949
poi_500_165,poi_500_165,493,59.08839496338909
poi_500_165,poi_500_165,494,58.7894168959873
poi_500_165,poi_500_165,495,58.48166499197835
poi_500_165,poi_500_165,496,58.92593996693055
poi_500_165,poi_500_165,497,58.77632703514861
poi_500_165,poi_500_165,498,58.65831392001671
poi_500_165,poi_500_165,499,58.37237951365344
poi_500_165,poi_500_165,500,58.37136620908227
poi_500_165,poi_500_165,501,58.43363764235244
poi_500_165,poi_500_165,502,59.234784807217025
poi_500_165,poi_500_165,503,59.4432665815406
poi_500_165,poi_500_165,504,59.1307399217061
poi_500_165,poi_500_165,505,59.487168783064604
poi_500_165,poi_500_165,506,59.83951973498329
poi_500_165,poi_500_165,507,60.15764851014269
poi_500_165,poi_500_165,508,60.551255149804426
poi_500_165,poi_500_165,509,60.70335201191749
poi_500_165,poi_500_165,510,60.76706037233546
poi_500_165,poi_500_165,511,60.651024401434476
poi_500_165,poi_500_165,512,60.649076225678975
poi_500_165,poi_500_165,513,60.62547598204254
poi_500_165,poi_500_165,514,60.69419712899163
poi_500_165,poi_500_165,515,60.54622184158912
poi_500_165,poi_500_165,516,60.299707108280735
poi_500_165,poi_500_165,517,59.82518154006709
poi_500_165,poi_500_165,518,59.46827325818091
poi_500_165,poi_500_165,519,59.11238602983764
poi_500_165,poi_500_165,520,58.989809037974574
poi_500_165,poi_500_165,521,58.702414142834094
poi_500_165,poi_500_165,522,57.678309400386
poi_500_165,poi_500_165,523,57.469988490326344
poi_500_165,poi_500_165,524,57.293612656699715
poi_500_165,poi_500_165,525,57.15239928402588
poi_500_165,poi_500_165,526,57.97403178345007
poi_500_165,poi_500_165,527,57.982180866327624
poi_500_165,poi_500_165,528,57.1614254898362
poi_500_165,poi_500_165,529,57.304272881220555
poi_500_165,poi_500_165,530,57.476076533205394
poi_500_165,poi_500_165,531,57.68654028576211
poi_500_165,poi_500_165,532,58.70934786842422
poi_500_165,poi_500_165,533,59.01041143287983
poi_500_165,poi_500_165,534,59.32454441485332
poi_500_165,poi_500_165,535,59.487168783064604
poi_500_165,poi_500_165,536,59.83951973498329
poi_500_165,poi_500_165,537,60.15764851014269
poi_500_165,poi_500_165,538,60.86115845096293
poi_500_165,poi_500_165,539,61.04482104353035
poi_500_165,poi_500_165,540,61.153246312215764
poi_500_165,poi_500_165,541,61.10824933487497
poi_500_165,poi_500_165,542,61.18014483905273
poi_500_165,poi_500_165,543,61.24840599068344
poi_500_165,poi_500_165,544,61.41319757418334
poi_500_165,poi_500_165,545,61.41554475190077
poi_500_165,poi_500_165,546,61.366839785685954
poi_500_165,poi_500_165,547,61.17803782492714
poi_500_165,poi_500_165,548,61.10331772723089
poi_500_165,poi_500_165,549,61.02123921309438
poi_500_165,poi_500_165,550,61.3124952293279
poi_500_165,poi_500_165,551,61.18480860140315
poi_500_165,poi_500_165,552,60.58824611703063
poi_500_165,poi_500_165,553,60.37236101749572
poi_500_165,poi_500_165,554,60.152783513803634
poi_500_165,poi_500_165,555,59.9706973561397
poi_500_165,poi_500_165,556,60.36508757846086
poi_500_165,poi_500_165,557,60.37112874673898
poi_500_165,poi_500_165,558,59.97957770192487
poi_500_165,poi_500_165,559,60.164090902781936
poi_500_165,poi_500_165,560,60.381251573208196
poi_500_165,poi_500_165,561,60.59622299655662
poi_500_165,poi_500_165,562,61.188794332255235
poi_500_165,poi_500_165,563,61.320785310690944
poi_500_165,poi_500_165,564,61.02702424746348
poi_500_165,poi_500_165,565,61.10824933487497
poi_500_165,poi_500_165,566,61.18014483905273
poi_500_165,poi_500_165,567,61.24840599068344
poi_500_165,poi_500_165,568,61.41319757418334
poi_500_165,poi_500_165,569,61.41554475190077
poi_500_165,poi_500_165,570,61.366839785685954
poi_500_165,poi_500_165,571,61.17803782492714
poi_500_165,poi_500_165,572,61.10331772723089
poi_500_165,poi_500_165,573,61.02123921309438
poi_500_165,poi_500_165,574,61.03418398764304
poi_500_165,poi_500_165,575,60.85459334861558
poi_500_165,poi_500_165,576,60.14558075253875
poi_500_165,poi_500_165,577,59.82518154006709
poi_500_165,poi_500_165,578,59.46827325818091
poi_500_165,poi_500_165,579,59.11238602983764
poi_500_165,poi_500_165,580,58.989809037974574
poi_500_165,poi_500_165,581,58.702414142834094
poi_500_165,poi_500_165,582,57.678309400386
poi_500_165,poi_500_165,583,57.469988490326344
poi_500_165,poi_500_165,584,57.293612656699715
poi_500_165,poi_500_165,585,57.15239928402588
poi_500_165,poi_500_165,586,57.349757073506915
poi_500_165,poi_500_165,587,57.26069333983364
poi_500_165,poi_500_165,588,56.119416251533664
poi_500_165,poi_500_165,589,56.11281514039738
poi_500_165,poi_500_165,590,56.10883712000746
poi_500_165,poi_500_165,591,56.11614995408904
poi_500_165,poi_500_165,592,56.50962830867997
poi_500_165,poi_500_165,593,56.519987178213256
poi_500_165,poi_500_165,594,56.498830513518435
poi_500_165,poi_500_165,595,56.11281514039738
poi_500_165,poi_500_165,596,56.10883712000746
poi_500_165,poi_500_165,597,56.11614995408904
poi_500_165,poi_500_165,598,57.25626550442029
poi_500_165,poi_500_165,599,57.36336473888696
poi_500_215,poi_500_215,0,40.0
poi_500_215,poi_500_215,1,40.0
poi_500_215,poi_500_215,2,40.0
poi_500_215,poi_500_215,3,40.0
poi_500_215,poi_500_215,4,40.0
poi_500_215,poi_500_215,5,40.0
poi_500_215,poi_500_215,6,40.0
poi_500_215,poi_500_215,7,40.0
poi_500_215,poi_500_215,8,40.0
poi_500_215,poi_500_215,9,40.0
poi_500_215,poi_500_215,10,40.0
poi_500_215,poi_500_215,11,50.89033389154647
poi_500_215,poi_500_215,12,51.384605602390636
poi_500_215,poi_500_215,13,51.89881458159812
poi_500_215,poi_500_215,14,52.42989654993892
poi_500_215,poi_500_215,15,52.97263795626641
poi_500_215,poi_500_215,16,53.51882045046759
poi_500_215,poi_500_215,17,54.67209016631075
poi_500_215,poi_500_215,18,55.16901343812051
poi_500_215,poi_500_215,19,55.62719425841088
poi_500_215,poi_500_215,20,56.022630484771184
poi_500_215,poi_500_215,21,56.33044761895494
poi_500_215,poi_500_215,22,56.530017569812614
poi_500_215,poi_500_215,23,57.64177480480328
poi_500_215,poi_500_215,24,57.72459666469746
poi_500_215,poi_500_215,25,57.749741678918014
poi_500_215,poi_500_215,26,57.74304118238476
poi_500_215,poi_500_215,27,57.72777264509141
poi_500_215,poi_500_215,28,57.71946915859358
poi_500_215,poi_500_215,29,58.000237519742306
poi_500_215,poi_500_215,30,58.04296977513182
poi_500_215,poi_500_215,31,58.09438393945142
poi_500_215,poi_500_215,32,58.141093794697056
poi_500_215,poi_500_215,33,58.163826107228864
poi_500_215,poi_500_215,34,58.14135056217613
poi_500_215,poi_500_215,35,58.13193380365267
poi_500_215,poi_500_215,36,58.15772992265664
poi_500_215,poi_500_215,37,58.13764234805541
poi_500_215,poi_500_215,38,58.09389928009271
poi_500_215,poi_500_215,39,58.04708771372581
poi_500_215,poi_500_215,40,58.01109325777617
poi_500_215,poi_500_215,41,58.76519777872186
poi_500_215,poi_500_215,42,58.64671727143842
poi_500_215,poi_500_215,43,58.76665572346177
poi_500_215,poi_500_215,44,58.8918359145028
poi_500_215,poi_500_215,45,59.00689541833631
poi_500_215,poi_500_215,46,59.09559762905892
poi_500_215,poi_500_215,47,59.20442094787254
poi_500_215,poi_500_215,48,59.34516940314168
poi_500_215,poi_500_215,49,59.448382530681684
poi_500_215,poi_500_215,50,59.522361476609966
poi_500_215,poi_500_215,51,59.569994032864784
poi_500_215,poi_500_215,52,59.58857419403361
poi_500_215,poi_500_215,53,59.7559573941863
poi_500_215,poi_500_215,54,59.564057622379664
poi_500_215,poi_500_215,55,59.51820726301488
poi_500_215,poi_500_215,56,59.445569040737325
poi_500_215,poi_500_215,57,59.34411471559112
poi_500_215,poi_500_215,58,59.20613302329671
poi_500_215,poi_500_215,59,58.60708501353046
poi_500_215,poi_500_215,60,58.44322826962099
poi_500_215,poi_500_215,61,58.231801545048974
poi_500_215,poi_500_215,62,57.9868279327334
poi_500_215,poi_500_215,63,57.72271851982906
poi_500_215,poi_500_215,64,57.449932973382445
poi_500_215,poi_500_215,65,56.520530311759636
poi_500_215,poi_500_215,66,56.349693156523905
poi_500_215,poi_500_215,67,56.18439083781422
poi_500_215,poi_500_215,68,56.02807058097814
poi_500_215,poi_500_215,69,55.880670368786284
poi_500_215,poi_500_215,70,55.737851488335096
poi_500_215,poi_500_215,71,55.72407648559383
poi_500_215,poi_500_215,72,55.877458116332335
poi_500_215,poi_500_215,73,56.03251950610621
poi_500_215,poi_500_215,74,56.195002821424055
poi_500_215,poi_500_215,75,56.36709504784453
poi_500_215,poi_500_215,76,56.54622101513779
poi_500_215,poi_500_215,77,57.73302664881573
poi_500_215,poi_500_215,78,57.728888419286534
poi_500_215,poi_500_215,79,57.99716362974063
poi_500_215,poi_500_215,80,58.244472728265094
poi_500_215,poi_500_215,81,58.457903346421745
poi_500_215,poi_500_215,82,58.624334070854246
poi_500_215,poi_500_215,83,58.95517824729708
poi_500_215,poi_500_215,84,58.836596844784914
poi_500_215,poi_500_215,85,58.8804743054271
poi_500_215,poi_500_215,86,58.88098034703408
poi_500_215,poi_500_215,87,58.83862413494245
poi_500_215,poi_500_215,88,58.747361044893324
poi_500_215,poi_500_215,89,59.2796026632668
poi_500_215,poi_500_215,90,58.997063433098646
poi_500_215,poi_500_215,91,58.88463128805286
poi_500_215,poi_500_215,92,58.76242840901638
poi_500_215,poi_500_215,93,58.64694550143309
poi_500_215,poi_500_215,94,58.54956443960185
poi_500_215,poi_500_215,95,58.542918587833384
poi_500_215,poi_500_215,96,58.64671727143842
poi_500_215,poi_500_215,97,58.76665572346177
poi_500_215,poi_500_215,98,58.8918359145028
poi_500_215,poi_500_215,99,59.00689541833631
poi_500_215,poi_500_215,100,59.09559762905892
poi_500_215,poi_500_215,101,59.20442094787254
poi_500_215,poi_500_215,102,59.34516940314168
poi_500_215,poi_500_215,103,59.448382530681684
poi_500_215,poi_500_215,104,59.522361476609966
poi_500_215,poi_500_215,105,59.569994032864784
poi_500_215,poi_500_215,106,59.58857419403361
poi_500_215,poi_500_215,107,60.12559511601958
poi_500_215,poi_500_215,108,59.99797505067342
poi_500_215,poi_500_215,109,60.0127974383642
poi_500_215,poi_500_215,110,60.01364645911803
poi_500_215,poi_500_215,111,60.000890358880326
poi_500_215,poi_500_215,112,59.96999591638154
poi_500_215,poi_500_215,113,59.57995164468101
poi_500_215,poi_500_215,114,59.564057622379664
poi_500_215,poi_500_215,115,59.51820726301488
poi_500_215,poi_500_215,116,59.445569040737325
poi_500_215,poi_500_215,117,59.34411471559112
poi_500_215,poi_500_215,118,59.20613302329671
poi_500_215,poi_500_215,119,59.08272406738672
poi_500_215,poi_500_215,120,58.997063433098646
poi_500_215,poi_500_215,121,58.88463128805286
poi_500_215,poi_500_215,122,58.76242840901638
poi_500_215,poi_500_215,123,58.64694550143309
poi_500_215,poi_500_215,124,58.54956443960185
poi_500_215,poi_500_215,125,58.000237519742306
poi_500_215,poi_500_215,126,58.04296977513182
poi_500_215,poi_500_215,127,58.09438393945142
poi_500_215,poi_500_215,128,58.141093794697056
poi_500_215,poi_500_215,129,58.163826107228864
poi_500_215,poi_500_215,130,58.14135056217613
poi_500_215,poi_500_215,131,57.53149654272178
poi_500_215,poi_500_215,132,57.47609398067726
poi_500_215,poi_500_215,133,57.35054826797836
poi_500_215,poi_500_215,134,57.17463422966483
poi_500_215,poi_500_215,135,56.96756740840492
poi_500_215,poi_500_215,136,56.743054363398045
poi_500_215,poi_500_215,137,57.561272334648834
poi_500_215,poi_500_215,138,57.214217077539615
poi_500_215,poi_500_215,139,57.18775306335915
poi_500_215,poi_500_215,140,57.19070461413673
poi_500_215,poi_500_215,141,57.22382717107027
poi_500_215,poi_500_215,142,57.28324116648794
poi_500_215,poi_500_215,143,56.73764875975866
poi_500_215,poi_500_215,144,56.96997209794017
poi_500_215,poi_500_215,145,57.18160744702858
poi_500_215,poi_500_215,146,57.35995593603793
poi_500_215,poi_500_215,147,57.48761135548244
poi_500_215,poi_500_215,148,57.54600999322682
poi_500_215,poi_500_215,149,57.81023128189889
poi_500_215,poi_500_215,150,57.47609398067726
poi_500_215,poi_500_215,151,57.35054826797836
poi_500_215,poi_500_215,152,57.17463422966483
poi_500_215,poi_500_215,153,56.96756740840492
poi_500_215,poi_500_215,154,56.743054363398045
poi_500_215,poi_500_215,155,56.86945829026306
poi_500_215,poi_500_215,156,56.349693156523905
poi_500_215,poi_500_215,157,56.18439083781422
poi_500_215,poi_500_215,158,56.02807058097814
poi_500_215,poi_500_215,159,55.880670368786284
poi_500_215,poi_500_215,160,55.737851488335096
poi_500_215,poi_500_215,161,54.61822363191671
poi_500_215,poi_500_215,162,54.65369995017798
poi_500_215,poi_500_215,163,54.670802979231524
poi_500_215,poi_500_215,164,54.674501378086774
poi_500_215,poi_500_215,165,54.6663595749566
poi_500_215,poi_500_215,166,54.643211369958564
poi_500_215,poi_500_215,167,55.147631518090705
poi_500_215,poi_500_215,168,54.65369995017798
poi_500_215,poi_500_215,169,54.670802979231524
poi_500_215,poi_500_215,170,54.674501378086774
poi_500_215,poi_500_215,171,54.6663595749566
poi_500_215,poi_500_215,172,54.643211369958564
poi_500_215,poi_500_215,173,56.13997148023519
poi_500_215,poi_500_215,174,55.877458116332335
poi_500_215,poi_500_215,175,56.03251950610621
poi_500_215,poi_500_215,176,56.195002821424055
poi_500_215,poi_500_215,177,56.36709504784453
poi_500_215,poi_500_215,178,56.54622101513779
poi_500_215,poi_500_215,179,57.07019625602697
poi_500_215,poi_500_215,180,56.96997209794017
poi_500_215,poi_500_215,181,57.18160744702858
poi_500_215,poi_500_215,182,57.35995593603793
poi_500_215,poi_500_215,183,57.48761135548244
poi_500_215,poi_500_215,184,57.54600999322682
poi_500_215,poi_500_215,185,57.81023128189889
poi_500_215,poi_500_215,186,57.47609398067726
poi_500_215,poi_500_215,187,57.35054826797836
poi_500_215,poi_500_215,188,57.17463422966483
poi_500_215,poi_500_215,189,56.96756740840492
poi_500_215,poi_500_215,190,56.743054363398045
poi_500_215,poi_500_215,191,56.86945829026306
poi_500_215,poi_500_215,192,56.349693156523905
poi_500_215,poi_500_215,193,56.18439083781422
poi_500_215,poi_500_215,194,56.02807058097814
poi_500_215,poi_500_215,195,55.880670368786284
poi_500_215,poi_500_215,196,55.737851488335096
poi_500_215,poi_500_215,197,55.72407648559383
poi_500_215,poi_500_215,198,55.877458116332335
poi_500_215,poi_500_215,199,56.03251950610621
poi_500_215,poi_500_215,200,56.195002821424055
poi_500_215,poi_500_215,201,56.36709504784453
poi_500_215,poi_500_215,202,56.54622101513779
poi_500_215,poi_500_215,203,57.73302664881573
poi_500_215,poi_500_215,204,57.728888419286534
poi_500_215,poi_500_215,205,57.99716362974063
poi_500_215,poi_500_215,206,58.244472728265094
poi_500_215,poi_500_215,207,58.457903346421745
poi_500_215,poi_500_215,208,58.624334070854246
poi_500_215,poi_500_215,209,58.95517824729708
poi_500_215,poi_500_215,210,58.836596844784914
poi_500_215,poi_500_215,211,58.8804743054271
poi_500_215,poi_500_215,212,58.88098034703408
poi_500_215,poi_500_215,213,58.83862413494245
poi_500_215,poi_500_215,214,58.747361044893324
poi_500_215,poi_500_215,215,58.82618505922713
poi_500_215,poi_500_215,216,58.44322826962099
poi_500_215,poi_500_215,217,58.231801545048974
poi_500_215,poi_500_215,218,57.9868279327334
poi_500_215,poi_500_215,219,57.72271851982906
poi_500_215,poi_500_215,220,57.449932973382445
poi_500_215,poi_500_215,221,56.520530311759636
poi_500_215,poi_500_215,222,56.349693156523905
poi_500_215,poi_500_215,223,56.18439083781422
poi_500_215,poi_500_215,224,56.02807058097814
poi_500_215,poi_500_215,225,55.880670368786284
poi_500_215,poi_500_215,226,55.737851488335096
poi_500_215,poi_500_215,227,55.72407648559383
poi_500_215,poi_500_215,228,55.877458116332335
poi_500_215,poi_500_215,229,56.03251950610621
poi_500_215,poi_500_215,230,56.195002821424055
poi_500_215,poi_500_215,231,56.36709504784453
poi_500_215,poi_500_215,232,56.54622101513779
poi_500_215,poi_500_215,233,57.07019625602697
poi_500_215,poi_500_215,234,56.96997209794017
poi_500_215,poi_500_215,235,57.18160744702858
poi_500_215,poi_500_215,236,57.35995593603793
poi_500_215,poi_500_215,237,57.48761135548244
poi_500_215,poi_500_215,238,57.54600999322682
poi_500_215,poi_500_215,239,58.37566716914017
poi_500_215,poi_500_215,240,58.15772992265664
poi_500_215,poi_500_215,241,58.13764234805541
poi_500_215,poi_500_215,242,58.09389928009271
poi_500_215,poi_500_215,243,58.04708771372581
poi_500_215,poi_500_215,244,58.01109325777617
poi_500_215,poi_500_215,245,58.25126229241946
poi_500_215,poi_500_215,246,58.04296977513182
poi_500_215,poi_500_215,247,58.09438393945142
poi_500_215,poi_500_215,248,58.141093794697056
poi_500_215,poi_500_215,249,58.163826107228864
poi_500_215,poi_500_215,250,58.14135056217613
poi_500_215,poi_500_215,251,58.13193380365267
poi_500_215,poi_500_215,252,58.15772992265664
poi_500_215,poi_500_215,253,58.13764234805541
poi_500_215,poi_500_215,254,58.09389928009271
poi_500_215,poi_500_215,255,58.04708771372581
poi_500_215,poi_500_215,256,58.01109325777617
poi_500_215,poi_500_215,257,58.25126229241946
poi_500_215,poi_500_215,258,58.04296977513182
poi_500_215,poi_500_215,259,58.09438393945142
poi_500_215,poi_500_215,260,58.141093794697056
poi_500_215,poi_500_215,261,58.163826107228864
poi_500_215,poi_500_215,262,58.14135056217613
poi_500_215,poi_500_215,263,57.53149654272178
poi_500_215,poi_500_215,264,57.47609398067726
poi_500_215,poi_500_215,265,57.35054826797836
poi_500_215,poi_500_215,266,57.17463422966483
poi_500_215,poi_500_215,267,56.96756740840492
poi_500_215,poi_500_215,268,56.743054363398045
poi_500_215,poi_500_215,269,57.561272334648834
poi_500_215,poi_500_215,270,57.214217077539615
poi_500_215,poi_500_215,271,57.18775306335915
poi_500_215,poi_500_215,272,57.19070461413673
poi_500_215,poi_500_215,273,57.22382717107027
poi_500_215,poi_500_215,274,57.28324116648794
poi_500_215,poi_500_215,275,56.73764875975866
poi_500_215,poi_500_215,276,56.96997209794017
poi_500_215,poi_500_215,277,57.18160744702858
poi_500_215,poi_500_215,278,57.35995593603793
poi_500_215,poi_500_215,279,57.48761135548244
poi_500_215,poi_500_215,280,57.54600999322682
poi_500_215,poi_500_215,281,58.37566716914017
poi_500_215,poi_500_215,282,58.15772992265664
poi_500_215,poi_500_215,283,58.13764234805541
poi_500_215,poi_500_215,284,58.09389928009271
poi_500_215,poi_500_215,285,58.04708771372581
poi_500_215,poi_500_215,286,58.01109325777617
poi_500_215,poi_500_215,287,58.76519777872186
poi_500_215,poi_500_215,288,58.64671727143842
poi_500_215,poi_500_215,289,58.76665572346177
poi_500_215,poi_500_215,290,58.8918359145028
poi_500_215,poi_500_215,291,59.00689541833631
poi_500_215,poi_500_215,292,59.09559762905892
poi_500_215,poi_500_215,293,58.74264968900012
poi_500_215,poi_500_215,294,58.836596844784914
poi_500_215,poi_500_215,295,58.8804743054271
poi_500_215,poi_500_215,296,58.88098034703408
poi_500_215,poi_500_215,297,58.83862413494245
poi_500_215,poi_500_215,298,58.747361044893324
poi_500_215,poi_500_215,299,59.2796026632668
poi_500_215,poi_500_215,300,58.997063433098646
poi_500_215,poi_500_215,301,58.88463128805286
poi_500_215,poi_500_215,302,58.76242840901638
poi_500_215,poi_500_215,303,58.64694550143309
poi_500_215,poi_500_215,304,58.54956443960185
poi_500_215,poi_500_215,305,58.000237519742306
poi_500_215,poi_500_215,306,58.04296977513182
poi_500_215,poi_500_215,307,58.09438393945142
poi_500_215,poi_500_215,308,58.141093794697056
poi_500_215,poi_500_215,309,58.163826107228864
poi_500_215,poi_500_215,310,58.14135056217613
poi_500_215,poi_500_215,311,57.53149654272178
poi_500_215,poi_500_215,312,57.47609398067726
poi_500_215,poi_500_215,313,57.35054826797836
poi_500_215,poi_500_215,314,57.17463422966483
poi_500_215,poi_500_215,315,56.96756740840492
poi_500_215,poi_500_215,316,56.743054363398045
poi_500_215,poi_500_215,317,57.561272334648834
poi_500_215,poi_500_215,318,57.214217077539615
poi_500_215,poi_500_215,319,57.18775306335915
poi_500_215,poi_500_215,320,57.19070461413673
poi_500_215,poi_500_215,321,57.22382717107027
poi_500_215,poi_500_215,322,57.28324116648794
poi_500_215,poi_500_215,323,57.44912553770789
poi_500_215,poi_500_215,324,57.728888419286534
poi_500_215,poi_500_215,325,57.99716362974063
poi_500_215,poi_500_215,326,58.244472728265094
poi_500_215,poi_500_215,327,58.457903346421745
poi_500_215,poi_500_215,328,58.624334070854246
poi_500_215,poi_500_215,329,58.95517824729708
poi_500_215,poi_500_215,330,58.836596844784914
poi_500_215,poi_500_215,331,58.8804743054271
poi_500_215,poi_500_215,332,58.88098034703408
poi_500_215,poi_500_215,333,58.83862413494245
poi_500_215,poi_500_215,334,58.747361044893324
poi_500_215,poi_500_215,335,58.82618505922713
poi_500_215,poi_500_215,336,58.44322826962099
poi_500_215,poi_500_215,337,58.231801545048974
poi_500_215,poi_500_215,338,57.9868279327334
poi_500_215,poi_500_215,339,57.72271851982906
poi_500_215,poi_500_215,340,57.449932973382445
poi_500_215,poi_500_215,341,56.520530311759636
poi_500_215,poi_500_215,342,56.349693156523905
poi_500_215,poi_500_215,343,56.18439083781422
poi_500_215,poi_500_215,344,56.02807058097814
poi_500_215,poi_500_215,345,55.880670368786284
poi_500_215,poi_500_215,346,55.737851488335096
poi_500_215,poi_500_215,347,54.61822363191671
poi_500_215,poi_500_215,348,54.65369995017798
poi_500_215,poi_500_215,349,54.670802979231524
poi_500_215,poi_500_215,350,54.674501378086774
poi_500_215,poi_500_215,351,54.6663595749566
poi_500_215,poi_500_215,352,54.643211369958564
poi_500_215,poi_500_215,353,55.147631518090705
poi_500_215,poi_500_215,354,54.65369995017798
poi_500_215,poi_500_215,355,54.670802979231524
poi_500_215,poi_500_215,356,54.674501378086774
poi_500_215,poi_500_215,357,54.6663595749566
poi_500_215,poi_500_215,358,54.643211369958564
poi_500_215,poi_500_215,359,56.13997148023519
poi_500_215,poi_500_215,360,55.877458116332335
poi_500_215,poi_500_215,361,56.03251950610621
poi_500_215,poi_500_215,362,56.195002821424055
poi_500_215,poi_500_215,363,56.36709504784453
poi_500_215,poi_500_215,364,56.54622101513779
poi_500_215,poi_500_215,365,57.73302664881573
poi_500_215,poi_500_215,366,57.728888419286534
poi_500_215,poi_500_215,367,57.99716362974063
poi_500_215,poi_500_215,368,58.244472728265094
poi_500_215,poi_500_215,369,58.457903346421745
poi_500_215,poi_500_215,370,58.624334070854246
poi_500_215,poi_500_215,371,58.95517824729708
poi_500_215,poi_500_215,372,58.836596844784914
poi_500_215,poi_500_215,373,58.8804743054271
poi_500_215,poi_500_215,374,58.88098034703408
poi_500_215,poi_500_215,375,58.83862413494245
poi_500_215,poi_500_215,376,58.747361044893324
poi_500_215,poi_500_215,377,58.82618505922713
poi_500_215,poi_500_215,378,58.44322826962099
poi_500_215,poi_500_215,379,58.231801545048974
poi_500_215,poi_500_215,380,57.9868279327334
poi_500_215,poi_500_215,381,57.72271851982906
poi_500_215,poi_500_215,382,57.449932973382445
poi_500_215,poi_500_215,383,57.26551977946286
poi_500_215,poi_500_215,384,57.214217077539615
poi_500_215,poi_500_215,385,57.18775306335915
poi_500_215,poi_500_215,386,57.19070461413673
poi_500_215,poi_500_215,387,57.22382717107027
poi_500_215,poi_500_215,388,57.28324116648794
poi_500_215,poi_500_215,389,57.44912553770789
poi_500_215,poi_500_215,390,57.728888419286534
poi_500_215,poi_500_215,391,57.99716362974063
poi_500_215,poi_500_215,392,58.244472728265094
poi_500_215,poi_500_215,393,58.457903346421745
poi_500_215,poi_500_215,394,58.624334070854246
poi_500_215,poi_500_215,395,59.39597745224283
poi_500_215,poi_500_215,396,59.34516940314168
poi_500_215,poi_500_215,397,59.448382530681684
poi_500_215,poi_500_215,398,59.522361476609966
poi_500_215,poi_500_215,399,59.569994032864784
poi_500_215,poi_500_215,400,59.58857419403361
poi_500_215,poi_500_215,401,60.12559511601958
poi_500_215,poi_500_215,402,59.99797505067342
poi_500_215,poi_500_215,403,60.0127974383642
poi_500_215,poi_500_215,404,60.01364645911803
poi_500_215,poi_500_215,405,60.000890358880326
poi_500_215,poi_500_215,406,59.96999591638154
poi_500_215,poi_500_215,407,59.57995164468101
poi_500_215,poi_500_215,408,59.564057622379664
poi_500_215,poi_500_215,409,59.51820726301488
poi_500_215,poi_500_215,410,59.445569040737325
poi_500_215,poi_500_215,411,59.34411471559112
poi_500_215,poi_500_215,412,59.20613302329671
poi_500_215,poi_500_215,413,59.08272406738672
poi_500_215,poi_500_215,414,58.997063433098646
poi_500_215,poi_500_215,415,58.88463128805286
poi_500_215,poi_500_215,416,58.76242840901638
poi_500_215,poi_500_215,417,58.64694550143309
poi_500_215,poi_500_215,418,58.54956443960185
poi_500_215,poi_500_215,419,58.542918587833384
poi_500_215,poi_500_215,420,58.64671727143842
poi_500_215,poi_500_215,421,58.76665572346177
poi_500_215,poi_500_215,422,58.8918359145028
poi_500_215,poi_500_215,423,59.00689541833631
poi_500_215,poi_500_215,424,59.09559762905892
poi_500_215,poi_500_215,425,59.20442094787254
poi_500_215,poi_500_215,426,59.34516940314168
poi_500_215,poi_500_215,427,59.448382530681684
poi_500_215,poi_500_215,428,59.522361476609966
poi_500_215,poi_500_215,429,59.569994032864784
poi_500_215,poi_500_215,430,59.58857419403361
poi_500_215,poi_500_215,431,60.12559511601958
poi_500_215,poi_500_215,432,59.99797505067342
poi_500_215,poi_500_215,433,60.0127974383642
poi_500_215,poi_500_215,434,60.01364645911803
poi_500_215,poi_500_215,435,60.000890358880326
poi_500_215,poi_500_215,436,59.96999591638154
poi_500_215,poi_500_215,437,59.57995164468101
poi_500_215,poi_500_215,438,59.564057622379664
poi_500_215,poi_500_215,439,59.51820726301488
poi_500_215,poi_500_215,440,59.445569040737325
poi_500_215,poi_500_215,441,59.34411471559112
poi_500_215,poi_500_215,442,59.20613302329671
poi_500_215,poi_500_215,443,59.08272406738672
poi_500_215,poi_500_215,444,58.997063433098646
poi_500_215,poi_500_215,445,58.88463128805286
poi_500_215,poi_500_215,446,58.76242840901638
poi_500_215,poi_500_215,447,58.64694550143309
poi_500_215,poi_500_215,448,58.54956443960185
poi_500_215,poi_500_215,449,58.542918587833384
poi_500_215,poi_500_215,450,58.64671727143842
poi_500_215,poi_500_215,451,58.76665572346177
poi_500_215,poi_500_215,452,58.8918359145028
poi_500_215,poi_500_215,453,59.00689541833631
poi_500_215,poi_500_215,454,59.09559762905892
poi_500_215,poi_500_215,455,59.20442094787254
poi_500_215,poi_500_215,456,59.34516940314168
poi_500_215,poi_500_215,457,59.448382530681684
poi_500_215,poi_500_215,458,59.522361476609966
poi_500_215,poi_500_215,459,59.569994032864784
poi_500_215,poi_500_215,460,59.58857419403361
poi_500_215,poi_500_215,461,59.7559573941863
poi_500_215,poi_500_215,462,59.564057622379664
poi_500_215,poi_500_215,463,59.51820726301488
poi_500_215,poi_500_215,464,59.445569040737325
poi_500_215,poi_500_215,465,59.34411471559112
poi_500_215,poi_500_215,466,59.20613302329671
poi_500_215,poi_500_215,467,59.08272406738672
poi_500_215,poi_500_215,468,58.997063433098646
poi_500_215,poi_500_215,469,58.88463128805286
poi_500_215,poi_500_215,470,58.76242840901638
poi_500_215,poi_500_215,471,58.64694550143309
poi_500_215,poi_500_215,472,58.54956443960185
poi_500_215,poi_500_215,473,58.000237519742306
poi_500_215,poi_500_215,474,58.04296977513182
poi_500_215,poi_500_215,475,58.09438393945142
poi_500_215,poi_500_215,476,58.141093794697056
poi_500_215,poi_500_215,477,58.163826107228864
poi_500_215,poi_500_215,478,58.14135056217613
poi_500_215,poi_500_215,479,58.13193380365267
poi_500_215,poi_500_215,480,58.15772992265664
poi_500_215,poi_500_215,481,58.13764234805541
poi_500_215,poi_500_215,482,58.09389928009271
poi_500_215,poi_500_215,483,58.04708771372581
poi_500_215,poi_500_215,484,58.01109325777617
poi_500_215,poi_500_215,485,58.25126229241946
poi_500_215,poi_500_215,486,58.04296977513182
poi_500_215,poi_500_215,487,58.09438393945142
poi_500_215,poi_500_215,488,58.141093794697056
poi_500_215,poi_500_215,489,58.163826107228864
poi_500_215,poi_500_215,490,58.14135056217613
poi_500_215,poi_500_215,491,57.53149654272178
poi_500_215,poi_500_215,492,57.47609398067726
poi_500_215,poi_500_215,493,57.35054826797836
poi_500_215,poi_500_215,494,57.17463422966483
poi_500_215,poi_500_215,495,56.96756740840492
poi_500_215,poi_500_215,496,56.743054363398045
poi_500_215,poi_500_215,497,57.561272334648834
poi_500_215,poi_500_215,498,57.214217077539615
poi_500_215,poi_500_215,499,57.18775306335915
poi_500_215,poi_500_215,500,57.19070461413673
poi_500_215,poi_500_215,501,57.22382717107027
poi_500_215,poi_500_215,502,57.28324116648794
poi_500_215,poi_500_215,503,57.44912553770789
poi_500_215,poi_500_215,504,57.728888419286534
poi_500_215,poi_500_215,505,57.99716362974063
poi_500_215,poi_500_215,506,58.244472728265094
poi_500_215,poi_500_215,507,58.457903346421745
poi_500_215,poi_500_215,508,58.624334070854246
poi_500_215,poi_500_215,509,58.95517824729708
poi_500_215,poi_500_215,510,58.836596844784914
poi_500_215,poi_500_215,511,58.8804743054271
poi_500_215,poi_500_215,512,58.88098034703408
poi_500_215,poi_500_215,513,58.83862413494245
poi_500_215,poi_500_215,514,58.747361044893324
poi_500_215,poi_500_215,515,58.82618505922713
poi_500_215,poi_500_215,516,58.44322826962099
poi_500_215,poi_500_215,517,58.231801545048974
poi_500_215,poi_500_215,518,57.9868279327334
poi_500_215,poi_500_215,519,57.72271851982906
poi_500_215,poi_500_215,520,57.449932973382445
poi_500_215,poi_500_215,521,56.520530311759636
poi_500_215,poi_500_215,522,56.349693156523905
poi_500_215,poi_500_215,523,56.18439083781422
poi_500_215,poi_500_215,524,56.02807058097814
poi_500_215,poi_500_215,525,55.880670368786284
poi_500_215,poi_500_215,526,55.737851488335096
poi_500_215,poi_500_215,527,55.72407648559383
poi_500_215,poi_500_215,528,55.877458116332335
poi_500_215,poi_500_215,529,56.03251950610621
poi_500_215,poi_500_215,530,56.195002821424055
poi_500_215,poi_500_215,531,56.36709504784453
poi_500_215,poi_500_215,532,56.54622101513779
poi_500_215,poi_500_215,533,57.73302664881573
poi_500_215,poi_500_215,534,57.728888419286534
poi_500_215,poi_500_215,535,57.99716362974063
poi_500_215,poi_500_215,536,58.244472728265094
poi_500_215,poi_500_215,537,58.457903346421745
poi_500_215,poi_500_215,538,58.624334070854246
poi_500_215,poi_500_215,539,59.39597745224283
poi_500_215,poi_500_215,540,59.34516940314168
poi_500_215,poi_500_215,541,59.448382530681684
poi_500_215,poi_500_215,542,59.522361476609966
poi_500_215,poi_500_215,543,59.569994032864784
poi_500_215,poi_500_215,544,59.58857419403361
poi_500_215,poi_500_215,545,59.7559573941863
poi_500_215,poi_500_215,546,59.564057622379664
poi_500_215,poi_500_215,547,59.51820726301488
poi_500_215,poi_500_215,548,59.445569040737325
poi_500_215,poi_500_215,549,59.34411471559112
poi_500_215,poi_500_215,550,59.20613302329671
poi_500_215,poi_500_215,551,59.08272406738672
poi_500_215,poi_500_215,552,58.997063433098646
poi_500_215,poi_500_215,553,58.88463128805286
poi_500_215,poi_500_215,554,58.76242840901638
poi_500_215,poi_500_215,555,58.64694550143309
poi_500_215,poi_500_215,556,58.54956443960185
poi_500_215,poi_500_215,557,58.542918587833384
poi_500_215,poi_500_215,558,58.64671727143842
poi_500_215,poi_500_215,559,58.76665572346177
poi_500_215,poi_500_215,560,58.8918359145028
poi_500_215,poi_500_215,561,59.00689541833631
poi_500_215,poi_500_215,562,59.09559762905892
poi_500_215,poi_500_215,563,59.20442094787254
poi_500_215,poi_500_215,564,59.34516940314168
poi_500_215,poi_500_215,565,59.448382530681684
poi_500_215,poi_500_215,566,59.522361476609966
poi_500_215,poi_500_215,567,59.569994032864784
poi_500_215,poi_500_215,568,59.58857419403361
poi_500_215,poi_500_215,569,59.7559573941863
poi_500_215,poi_500_215,570,59.564057622379664
poi_500_215,poi_500_215,571,59.51820726301488
poi_500_215,poi_500_215,572,59.445569040737325
poi_500_215,poi_500_215,573,59.34411471559112
poi_500_215,poi_500_215,574,59.20613302329671
poi_500_215,poi_500_215,575,58.60708501353046
poi_500_215,poi_500_215,576,58.44322826962099
poi_500_215,poi_500_215,577,58.231801545048974
poi_500_215,poi_500_215,578,57.9868279327334
poi_500_215,poi_500_215,579,57.72271851982906
poi_500_215,poi_500_215,580,57.449932973382445
poi_500_215,poi_500_215,581,56.520530311759636
poi_500_215,poi_500_215,582,56.349693156523905
poi_500_215,poi_500_215,583,56.18439083781422
poi_500_215,poi_500_215,584,56.02807058097814
poi_500_215,poi_500_215,585,55.880670368786284
poi_500_215,poi_500_215,586,55.737851488335096
poi_500_215,poi_500_215,587,54.61822363191671
poi_500_215,poi_500_215,588,54.65369995017798
poi_500_215,poi_500_215,589,54.670802979231524
poi_500_215,poi_500_215,590,54.674501378086774
poi_500_215,poi_500_215,591,54.6663595749566
poi_500_215,poi_500_215,592,54.643211369958564
poi_500_215,poi_500_215,593,55.147631518090705
poi_500_215,poi_500_215,594,54.65369995017798
poi_500_215,poi_500_215,595,54.670802979231524
poi_500_215,poi_500_215,596,54.674501378086774
poi_500_215,poi_500_215,597,54.6663595749566
poi_500_215,poi_500_215,598,54.643211369958564
poi_500_215,poi_500_215,599,56.13997148023519
poi_500_25,poi_500_25,0,40.0
poi_500_25,poi_500_25,1,40.0
poi_500_25,poi_500_25,2,40.0
poi_500_25,poi_500_25,3,40.0
poi_500_25,poi_500_25,4,40.0
poi_500_25,poi_500_25,5,40.0
poi_500_25,poi_500_25,6,40.0
poi_500_25,poi_500_25,7,40.0
poi_500_25,poi_500_25,8,40.0
poi_500_25,poi_500_25,9,51.023501642226314
poi_500_25,poi_500_25,10,51.637837028812044
poi_500_25,poi_500_25,11,52.31008217740616
poi_500_25,poi_500_25,12,53.05013169807664
poi_500_25,poi_500_25,13,53.87074790444223
poi_500_25,poi_500_25,14,54.78879988855773
poi_500_25,poi_500_25,15,56.25455727514391
poi_500_25,poi_500_25,16,57.38508988429043
poi_500_25,poi_500_25,17,58.71470100282753
poi_500_25,poi_500_25,18,60.318027817177196
poi_500_25,poi_500_25,19,62.32053446946309
poi_500_25,poi_500_25,20,64.95361389554728
poi_500_25,poi_500_25,21,68.76082504786314
poi_500_25,poi_500_25,22,74.20407176423014
poi_500_25,poi_500_25,23,74.96184606094397
poi_500_25,poi_500_25,24,69.47859203809594
poi_500_25,poi_500_25,25,66.00788757110834
poi_500_25,poi_500_25,26,64.38095322205957
poi_500_25,poi_500_25,27,64.7649474595435
poi_500_25,poi_500_25,28,67.85576688243405
poi_500_25,poi_500_25,29,70.70330721691528
poi_500_25,poi_500_25,30,66.4930183171282
poi_500_25,poi_500_25,31,64.91673580437987
poi_500_25,poi_500_25,32,65.93483876856682
poi_500_25,poi_500_25,33,69.05743127110749
poi_500_25,poi_500_25,34,74.26807401195487
poi_500_25,poi_500_25,35,75.00388382790142
poi_500_25,poi_500_25,36,69.59815339960032
poi_500_25,poi_500_25,37,66.10896339478926
poi_500_25,poi_500_25,38,64.50080390881942
poi_500_25,poi_500_25,39,64.97899148666374
poi_500_25,poi_500_25,40,67.96575722767275
poi_500_25,poi_500_25,41,70.76486751418442
poi_500_25,poi_500_25,42,66.67063266800501
poi_500_25,poi_500_25,43,65.20577028294974
poi_500_25,poi_500_25,44,66.17073083746325
poi_500_25,poi_500_25,45,69.20633070169504
poi_500_25,poi_500_25,46,74.32826532009705
poi_500_25,poi_500_25,47,75.07447963571883
poi_500_25,poi_500_25,48,69.94994724992524
poi_500_25,poi_500_25,49,67.27115714544736
poi_500_25,poi_500_25,50,67.14744319968574
poi_500_25,poi_500_25,51,69.47096209538573
poi_500_25,poi_500_25,52,74.37440470500273
poi_500_25,poi_500_25,53,75.09426039005388
poi_500_25,poi_500_25,54,69.97058246137902
poi_500_25,poi_500_25,55,67.3350791236361
poi_500_25,poi_500_25,56,67.1093834524115
poi_500_25,poi_500_25,57,69.40255689061546
poi_500_25,poi_500_25,58,74.333925113856
poi_500_25,poi_500_25,59,75.03772030721105
poi_500_25,poi_500_25,60,69.66128577851315
poi_500_25,poi_500_25,61,66.15240274857905
poi_500_25,poi_500_25,62,64.43053928490181
poi_500_25,poi_500_25,63,64.65627738705665
poi_500_25,poi_500_25,64,67.71184951897636
poi_500_25,poi_500_25,65,70.56444857617595
poi_500_25,poi_500_25,66,65.81990599913424
poi_500_25,poi_500_25,67,62.67095719890162
poi_500_25,poi_500_25,68,61.91938012931431
poi_500_25,poi_500_25,69,63.53320621926131
poi_500_25,poi_500_25,70,67.40071658273882
poi_500_25,poi_500_25,71,70.4689964779361
poi_500_25,poi_500_25,72,65.66540203261864
poi_500_25,poi_500_25,73,62.57352097234383
poi_500_25,poi_500_25,74,62.04386921771983
poi_500_25,poi_500_25,75,63.791705819675244
poi_500_25,poi_500_25,76,67.59693274472806
poi_500_25,poi_500_25,77,70.62896550090527
poi_500_25,poi_500_25,78,66.40346685157427
poi_500_25,poi_500_25,79,64.91257339251746
poi_500_25,poi_500_25,80,65.98465051604522
poi_500_25,poi_500_25,81,69.08504088361225
poi_500_25,poi_500_25,82,74.292799446206
poi_500_25,poi_500_25,83,75.04460232889458
poi_500_25,poi_500_25,84,69.84766101151544
poi_500_25,poi_500_25,85,67.15787193505348
poi_500_25,poi_500_25,86,66.9601015696831
poi_500_25,poi_500_25,87,69.37487134630504
poi_500_25,poi_500_25,88,74.33114080173267
poi_500_25,poi_500_25,89,75.04032615055861
poi_500_25,poi_500_25,90,69.68810170628794
poi_500_25,poi_500_25,91,66.3716363101705
poi_500_25,poi_500_25,92,64.76044627020309
poi_500_25,poi_500_25,93,65.17118590151856
poi_500_25,poi_500_25,94,68.04744404420974
poi_500_25,poi_500_25,95,70.80138619358084
poi_500_25,poi_500_25,96,66.75066421942861
poi_500_25,poi_500_25,97,65.1556246862907
poi_500_25,poi_500_25,98,66.17073083746325
poi_500_25,poi_500_25,99,69.20633070169504
poi_500_25,poi_500_25,100,74.32826532009705
poi_500_25,poi_500_25,101,75.07447963571883
poi_500_25,poi_500_25,102,69.94994724992524
poi_500_25,poi_500_25,103,67.27115714544736
poi_500_25,poi_500_25,104,67.14744319968574
poi_500_25,poi_500_25,105,69.51344107398008
poi_500_25,poi_500_25,106,74.39047024798924
poi_500_25,poi_500_25,107,75.11033678567547
poi_500_25,poi_500_25,108,70.03296316830911
poi_500_25,poi_500_25,109,67.47356896169175
poi_500_25,poi_500_25,110,67.29052509331308
poi_500_25,poi_500_25,111,69.54025988226456
poi_500_25,poi_500_25,112,74.39321679389533
poi_500_25,poi_500_25,113,75.10777262546489
poi_500_25,poi_500_25,114,70.00820011807029
poi_500_25,poi_500_25,115,67.30443633466385
poi_500_25,poi_500_25,116,67.1093834524115
poi_500_25,poi_500_25,117,69.44570690839441
poi_500_25,poi_500_25,118,74.35014081959784
poi_500_25,poi_500_25,119,75.05400697258351
poi_500_25,poi_500_25,120,69.72823583166004
poi_500_25,poi_500_25,121,66.3333490499756
poi_500_25,poi_500_25,122,64.76044627020309
poi_500_25,poi_500_25,123,65.05475020565684
poi_500_25,poi_500_25,124,67.9778018483875
poi_500_25,poi_500_25,125,70.75788980731753
poi_500_25,poi_500_25,126,66.61674477125305
poi_500_25,poi_500_25,127,64.91673580437987
poi_500_25,poi_500_25,128,65.93483876856682
poi_500_25,poi_500_25,129,69.01022376419142
poi_500_25,poi_500_25,130,74.2515483820628
poi_500_25,poi_500_25,131,74.98740774559666
poi_500_25,poi_500_25,132,69.5291514283941
poi_500_25,poi_500_25,133,65.91820871686957
poi_500_25,poi_500_25,134,64.14972855938132
poi_500_25,poi_500_25,135,64.5731687268307
poi_500_25,poi_500_25,136,67.69904313758897
poi_500_25,poi_500_25,137,70.5717438393202
poi_500_25,poi_500_25,138,65.8845659370637
poi_500_25,poi_500_25,139,63.145335266295035
poi_500_25,poi_500_25,140,62.49113004851506
poi_500_25,poi_500_25,141,63.89101281011959
poi_500_25,poi_500_25,142,67.61004333522712
poi_500_25,poi_500_25,143,70.62176580723796
poi_500_25,poi_500_25,144,66.3461371690117
poi_500_25,poi_500_25,145,64.60261491601707
poi_500_25,poi_500_25,146,65.73813303309825
poi_500_25,poi_500_25,147,68.93184912883113
poi_500_25,poi_500_25,148,74.2321111195932
poi_500_25,poi_500_25,149,74.97351517226693
poi_500_25,poi_500_25,150,69.48712556144015
poi_500_25,poi_500_25,151,65.96031791113299
poi_500_25,poi_500_25,152,64.14972855938132
poi_500_25,poi_500_25,153,64.43927614619201
poi_500_25,poi_500_25,154,67.62353302368403
poi_500_25,poi_500_25,155,70.52587308021992
poi_500_25,poi_500_25,156,65.72052549974367
poi_500_25,poi_500_25,157,62.75942361118429
poi_500_25,poi_500_25,158,61.91938012931431
poi_500_25,poi_500_25,159,63.362366311811584
poi_500_25,poi_500_25,160,67.31978687968075
poi_500_25,poi_500_25,161,70.42202158796611
poi_500_25,poi_500_25,162,65.49269994266838
poi_500_25,poi_500_25,163,62.130440829285675
poi_500_25,poi_500_25,164,61.40531961620981
poi_500_25,poi_500_25,165,63.06744155433186
poi_500_25,poi_500_25,166,67.22303298358648
poi_500_25,poi_500_25,167,70.38215411403871
poi_500_25,poi_500_25,168,65.38544584352047
poi_500_25,poi_500_25,169,62.23049804539436
poi_500_25,poi_500_25,170,61.40531961620981
poi_500_25,poi_500_25,171,63.25003704083251
poi_500_25,poi_500_25,172,67.3057686472453
poi_500_25,poi_500_25,173,70.42955985481254
poi_500_25,poi_500_25,174,65.56237932143827
poi_500_25,poi_500_25,175,62.66397384699003
poi_500_25,poi_500_25,176,62.04386921771983
poi_500_25,poi_500_25,177,63.630922972817814
poi_500_25,poi_500_25,178,67.51961013137935
poi_500_25,poi_500_25,179,70.58369830050877
poi_500_25,poi_500_25,180,66.25821319888018
poi_500_25,poi_500_25,181,64.65952573353782
poi_500_25,poi_500_25,182,65.73813303309825
poi_500_25,poi_500_25,183,68.93184912883113
poi_500_25,poi_500_25,184,74.2321111195932
poi_500_25,poi_500_25,185,74.97351517226693
poi_500_25,poi_500_25,186,69.48712556144015
poi_500_25,poi_500_25,187,65.96031791113299
poi_500_25,poi_500_25,188,64.14972855938132
poi_500_25,poi_500_25,189,64.43927614619201
poi_500_25,poi_500_25,190,67.62353302368403
poi_500_25,poi_500_25,191,70.52587308021992
poi_500_25,poi_500_25,192,65.72052549974367
poi_500_25,poi_500_25,193,62.75942361118429
poi_500_25,poi_500_25,194,61.91938012931431
poi_500_25,poi_500_25,195,63.53320621926131
poi_500_25,poi_500_25,196,67.40071658273882
poi_500_25,poi_500_25,197,70.4689964779361
poi_500_25,poi_500_25,198,65.66540203261864
poi_500_25,poi_500_25,199,62.57352097234383
poi_500_25,poi_500_25,200,62.04386921771983
poi_500_25,poi_500_25,201,63.791705819675244
poi_500_25,poi_500_25,202,67.59693274472806
poi_500_25,poi_500_25,203,70.62896550090527
poi_500_25,poi_500_25,204,66.40346685157427
poi_500_25,poi_500_25,205,64.91257339251746
poi_500_25,poi_500_25,206,65.98465051604522
poi_500_25,poi_500_25,207,69.08504088361225
poi_500_25,poi_500_25,208,74.292799446206
poi_500_25,poi_500_25,209,75.04460232889458
poi_500_25,poi_500_25,210,69.84766101151544
poi_500_25,poi_500_25,211,67.15787193505348
poi_500_25,poi_500_25,212,66.9601015696831
poi_500_25,poi_500_25,213,69.33100816430111
poi_500_25,poi_500_25,214,74.31485386475171
poi_500_25,poi_500_25,215,75.02398800247163
poi_500_25,poi_500_25,216,69.62052522422943
poi_500_25,poi_500_25,217,66.1923114618474
poi_500_25,poi_500_25,218,64.43053928490181
poi_500_25,poi_500_25,219,64.65627738705665
poi_500_25,poi_500_25,220,67.71184951897636
poi_500_25,poi_500_25,221,70.56444857617595
poi_500_25,poi_500_25,222,65.81990599913424
poi_500_25,poi_500_25,223,62.67095719890162
poi_500_25,poi_500_25,224,61.91938012931431
poi_500_25,poi_500_25,225,63.53320621926131
poi_500_25,poi_500_25,226,67.40071658273882
poi_500_25,poi_500_25,227,70.4689964779361
poi_500_25,poi_500_25,228,65.66540203261864
poi_500_25,poi_500_25,229,62.57352097234383
poi_500_25,poi_500_25,230,62.04386921771983
poi_500_25,poi_500_25,231,63.630922972817814
poi_500_25,poi_500_25,232,67.51961013137935
poi_500_25,poi_500_25,233,70.58369830050877
poi_500_25,poi_500_25,234,66.25821319888018
poi_500_25,poi_500_25,235,64.65952573353782
poi_500_25,poi_500_25,236,65.73813303309825
poi_500_25,poi_500_25,237,68.97991155663567
poi_500_25,poi_500_25,238,74.24871073578656
poi_500_25,poi_500_25,239,74.9900439436953
poi_500_25,poi_500_25,240,69.5567931398968
poi_500_25,poi_500_25,241,66.14927143321755
poi_500_25,poi_500_25,242,64.50080390881942
poi_500_25,poi_500_25,243,64.85721273547492
poi_500_25,poi_500_25,244,67.8947818657002
poi_500_25,poi_500_25,245,70.72100197506334
poi_500_25,poi_500_25,246,66.53418294331367
poi_500_25,poi_500_25,247,64.96969976989112
poi_500_25,poi_500_25,248,65.93483876856682
poi_500_25,poi_500_25,249,69.05743127110749
poi_500_25,poi_500_25,250,74.26807401195487
poi_500_25,poi_500_25,251,75.00388382790142
poi_500_25,poi_500_25,252,69.59815339960032
poi_500_25,poi_500_25,253,66.10896339478926
poi_500_25,poi_500_25,254,64.50080390881942
poi_500_25,poi_500_25,255,64.85721273547492
poi_500_25,poi_500_25,256,67.8947818657002
poi_500_25,poi_500_25,257,70.72100197506334
poi_500_25,poi_500_25,258,66.53418294331367
poi_500_25,poi_500_25,259,64.96969976989112
poi_500_25,poi_500_25,260,65.93483876856682
poi_500_25,poi_500_25,261,69.01022376419142
poi_500_25,poi_500_25,262,74.2515483820628
poi_500_25,poi_500_25,263,74.98740774559666
poi_500_25,poi_500_25,264,69.5291514283941
poi_500_25,poi_500_25,265,65.91820871686957
poi_500_25,poi_500_25,266,64.14972855938132
poi_500_25,poi_500_25,267,64.5731687268307
poi_500_25,poi_500_25,268,67.69904313758897
poi_500_25,poi_500_25,269,70.5717438393202
poi_500_25,poi_500_25,270,65.8845659370637
poi_500_25,poi_500_25,271,63.145335266295035
poi_500_25,poi_500_25,272,62.49113004851506
poi_500_25,poi_500_25,273,63.89101281011959
poi_500_25,poi_500_25,274,67.61004333522712
poi_500_25,poi_500_25,275,70.62176580723796
poi_500_25,poi_500_25,276,66.3461371690117
poi_500_25,poi_500_25,277,64.60261491601707
poi_500_25,poi_500_25,278,65.73813303309825
poi_500_25,poi_500_25,279,68.97991155663567
poi_500_25,poi_500_25,280,74.24871073578656
poi_500_25,poi_500_25,281,74.9900439436953
poi_500_25,poi_500_25,282,69.5567931398968
poi_500_25,poi_500_25,283,66.14927143321755
poi_500_25,poi_500_25,284,64.50080390881942
poi_500_25,poi_500_25,285,64.97899148666374
poi_500_25,poi_500_25,286,67.96575722767275
poi_500_25,poi_500_25,287,70.76486751418442
poi_500_25,poi_500_25,288,66.67063266800501
poi_500_25,poi_500_25,289,65.20577028294974
poi_500_25,poi_500_25,290,66.17073083746325
poi_500_25,poi_500_25,291,69.16072267409206
poi_500_25,poi_500_25,292,74.31196757563146
poi_500_25,poi_500_25,293,75.05826970821319
poi_500_25,poi_500_25,294,69.88635380168957
poi_500_25,poi_500_25,295,67.12594825298552
poi_500_25,poi_500_25,296,66.9601015696831
poi_500_25,poi_500_25,297,69.37487134630504
poi_500_25,poi_500_25,298,74.33114080173267
poi_500_25,poi_500_25,299,75.04032615055861
poi_500_25,poi_500_25,300,69.68810170628794
poi_500_25,poi_500_25,301,66.3716363101705
poi_500_25,poi_500_25,302,64.76044627020309
poi_500_25,poi_500_25,303,65.05475020565684
poi_500_25,poi_500_25,304,67.9778018483875
poi_500_25,poi_500_25,305,70.75788980731753
poi_500_25,poi_500_25,306,66.61674477125305
poi_500_25,poi_500_25,307,64.91673580437987
poi_500_25,poi_500_25,308,65.93483876856682
poi_500_25,poi_500_25,309,69.01022376419142
poi_500_25,poi_500_25,310,74.2515483820628
poi_500_25,poi_500_25,311,74.98740774559666
poi_500_25,poi_500_25,312,69.5291514283941
poi_500_25,poi_500_25,313,65.91820871686957
poi_500_25,poi_500_25,314,64.14972855938132
poi_500_25,poi_500_25,315,64.5731687268307
poi_500_25,poi_500_25,316,67.69904313758897
poi_500_25,poi_500_25,317,70.5717438393202
poi_500_25,poi_500_25,318,65.8845659370637
poi_500_25,poi_500_25,319,63.145335266295035
poi_500_25,poi_500_25,320,62.49113004851506
poi_500_25,poi_500_25,321,64.0426105540696
poi_500_25,poi_500_25,322,67.68578632029603
poi_500_25,poi_500_25,323,70.66663999181718
poi_500_25,poi_500_25,324,66.48852689428671
poi_500_25,poi_500_25,325,64.85890379464834
poi_500_25,poi_500_25,326,65.98465051604522
poi_500_25,poi_500_25,327,69.08504088361225
poi_500_25,poi_500_25,328,74.292799446206
poi_500_25,poi_500_25,329,75.04460232889458
poi_500_25,poi_500_25,330,69.84766101151544
poi_500_25,poi_500_25,331,67.15787193505348
poi_500_25,poi_500_25,332,66.9601015696831
poi_500_25,poi_500_25,333,69.33100816430111
poi_500_25,poi_500_25,334,74.31485386475171
poi_500_25,poi_500_25,335,75.02398800247163
poi_500_25,poi_500_25,336,69.62052522422943
poi_500_25,poi_500_25,337,66.1923114618474
poi_500_25,poi_500_25,338,64.43053928490181
poi_500_25,poi_500_25,339,64.65627738705665
poi_500_25,poi_500_25,340,67.71184951897636
poi_500_25,poi_500_25,341,70.56444857617595
poi_500_25,poi_500_25,342,65.81990599913424
poi_500_25,poi_500_25,343,62.67095719890162
poi_500_25,poi_500_25,344,61.91938012931431
poi_500_25,poi_500_25,345,63.362366311811584
poi_500_25,poi_500_25,346,67.31978687968075
poi_500_25,poi_500_25,347,70.42202158796611
poi_500_25,poi_500_25,348,65.49269994266838
poi_500_25,poi_500_25,349,62.130440829285675
poi_500_25,poi_500_25,350,61.40531961620981
poi_500_25,poi_500_25,351,63.06744155433186
poi_500_25,poi_500_25,352,67.22303298358648
poi_500_25,poi_500_25,353,70.38215411403871
poi_500_25,poi_500_25,354,65.38544584352047
poi_500_25,poi_500_25,355,62.23049804539436
poi_500_25,poi_500_25,356,61.40531961620981
poi_500_25,poi_500_25,357,63.25003704083251
poi_500_25,poi_500_25,358,67.3057686472453
poi_500_25,poi_500_25,359,70.42955985481254
poi_500_25,poi_500_25,360,65.56237932143827
poi_500_25,poi_500_25,361,62.66397384699003
poi_500_25,poi_500_25,362,62.04386921771983
poi_500_25,poi_500_25,363,63.791705819675244
poi_500_25,poi_500_25,364,67.59693274472806
poi_500_25,poi_500_25,365,70.62896550090527
poi_500_25,poi_500_25,366,66.40346685157427
poi_500_25,poi_500_25,367,64.91257339251746
poi_500_25,poi_500_25,368,65.98465051604522
poi_500_25,poi_500_25,369,69.08504088361225
poi_500_25,poi_500_25,370,74.292799446206
poi_500_25,poi_500_25,371,75.04460232889458
poi_500_25,poi_500_25,372,69.84766101151544
poi_500_25,poi_500_25,373,67.15787193505348
poi_500_25,poi_500_25,374,66.9601015696831
poi_500_25,poi_500_25,375,69.33100816430111
poi_500_25,poi_500_25,376,74.31485386475171
poi_500_25,poi_500_25,377,75.02398800247163
poi_500_25,poi_500_25,378,69.62052522422943
poi_500_25,poi_500_25,379,66.1923114618474
poi_500_25,poi_500_25,380,64.43053928490181
poi_500_25,poi_500_25,381,64.78373904024065
poi_500_25,poi_500_25,382,67.78585247197908
poi_500_25,poi_500_25,383,70.60991581585338
poi_500_25,poi_500_25,384,65.98030297492981
poi_500_25,poi_500_25,385,63.064461277819234
poi_500_25,poi_500_25,386,62.49113004851506
poi_500_25,poi_500_25,387,64.0426105540696
poi_500_25,poi_500_25,388,67.68578632029603
poi_500_25,poi_500_25,389,70.66663999181718
poi_500_25,poi_500_25,390,66.48852689428671
poi_500_25,poi_500_25,391,64.85890379464834
poi_500_25,poi_500_25,392,65.98465051604522
poi_500_25,poi_500_25,393,69.13144639099828
poi_500_25,poi_500_25,394,74.30916914608203
poi_500_25,poi_500_25,395,75.06086325435544
poi_500_25,poi_500_25,396,69.91181938391081
poi_500_25,poi_500_25,397,67.30203481048098
poi_500_25,poi_500_25,398,67.14744319968574
poi_500_25,poi_500_25,399,69.51344107398008
poi_500_25,poi_500_25,400,74.39047024798924
poi_500_25,poi_500_25,401,75.11033678567547
poi_500_25,poi_500_25,402,70.03296316830911
poi_500_25,poi_500_25,403,67.47356896169175
poi_500_25,poi_500_25,404,67.29052509331308
poi_500_25,poi_500_25,405,69.54025988226456
poi_500_25,poi_500_25,406,74.39321679389533
poi_500_25,poi_500_25,407,75.10777262546489
poi_500_25,poi_500_25,408,70.00820011807029
poi_500_25,poi_500_25,409,67.30443633466385
poi_500_25,poi_500_25,410,67.1093834524115
poi_500_25,poi_500_25,411,69.44570690839441
poi_500_25,poi_500_25,412,74.35014081959784
poi_500_25,poi_500_25,413,75.05400697258351
poi_500_25,poi_500_25,414,69.72823583166004
poi_500_25,poi_500_25,415,66.3333490499756
poi_500_25,poi_500_25,416,64.76044627020309
poi_500_25,poi_500_25,417,65.17118590151856
poi_500_25,poi_500_25,418,68.04744404420974
poi_500_25,poi_500_25,419,70.80138619358084
poi_500_25,poi_500_25,420,66.75066421942861
poi_500_25,poi_500_25,421,65.1556246862907
poi_500_25,poi_500_25,422,66.17073083746325
poi_500_25,poi_500_25,423,69.20633070169504
poi_500_25,poi_500_25,424,74.32826532009705
poi_500_25,poi_500_25,425,75.07447963571883
poi_500_25,poi_500_25,426,69.94994724992524
poi_500_25,poi_500_25,427,67.27115714544736
poi_500_25,poi_500_25,428,67.14744319968574
poi_500_25,poi_500_25,429,69.51344107398008
poi_500_25,poi_500_25,430,74.39047024798924
poi_500_25,poi_500_25,431,75.11033678567547
poi_500_25,poi_500_25,432,70.03296316830911
poi_500_25,poi_500_25,433,67.47356896169175
poi_500_25,poi_500_25,434,67.29052509331308
poi_500_25,poi_500_25,435,69.54025988226456
poi_500_25,poi_500_25,436,74.39321679389533
poi_500_25,poi_500_25,437,75.10777262546489
poi_500_25,poi_500_25,438,70.00820011807029
poi_500_25,poi_500_25,439,67.30443633466385
poi_500_25,poi_500_25,440,67.1093834524115
poi_500_25,poi_500_25,441,69.44570690839441
poi_500_25,poi_500_25,442,74.35014081959784
poi_500_25,poi_500_25,443,75.05400697258351
poi_500_25,poi_500_25,444,69.72823583166004
poi_500_25,poi_500_25,445,66.3333490499756
poi_500_25,poi_500_25,446,64.76044627020309
poi_500_25,poi_500_25,447,65.17118590151856
poi_500_25,poi_500_25,448,68.04744404420974
poi_500_25,poi_500_25,449,70.80138619358084
poi_500_25,poi_500_25,450,66.75066421942861
poi_500_25,poi_500_25,451,65.1556246862907
poi_500_25,poi_500_25,452,66.17073083746325
poi_500_25,poi_500_25,453,69.20633070169504
poi_500_25,poi_500_25,454,74.32826532009705
poi_500_25,poi_500_25,455,75.07447963571883
poi_500_25,poi_500_25,456,69.94994724992524
poi_500_25,poi_500_25,457,67.27115714544736
poi_500_25,poi_500_25,458,67.14744319968574
poi_500_25,poi_500_25,459,69.47096209538573
poi_500_25,poi_500_25,460,74.37440470500273
poi_500_25,poi_500_25,461,75.09426039005388
poi_500_25,poi_500_25,462,69.97058246137902
poi_500_25,poi_500_25,463,67.3350791236361
poi_500_25,poi_500_25,464,67.1093834524115
poi_500_25,poi_500_25,465,69.44570690839441
poi_500_25,poi_500_25,466,74.35014081959784
poi_500_25,poi_500_25,467,75.05400697258351
poi_500_25,poi_500_25,468,69.72823583166004
poi_500_25,poi_500_25,469,66.3333490499756
poi_500_25,poi_500_25,470,64.76044627020309
poi_500_25,poi_500_25,471,65.05475020565684
poi_500_25,poi_500_25,472,67.9778018483875
poi_500_25,poi_500_25,473,70.75788980731753
poi_500_25,poi_500_25,474,66.61674477125305
poi_500_25,poi_500_25,475,64.91673580437987
poi_500_25,poi_500_25,476,65.93483876856682
poi_500_25,poi_500_25,477,69.05743127110749
poi_500_25,poi_500_25,478,74.26807401195487
poi_500_25,poi_500_25,479,75.00388382790142
poi_500_25,poi_500_25,480,69.59815339960032
poi_500_25,poi_500_25,481,66.10896339478926
poi_500_25,poi_500_25,482,64.50080390881942
poi_500_25,poi_500_25,483,64.85721273547492
poi_500_25,poi_500_25,484,67.8947818657002
poi_500_25,poi_500_25,485,70.72100197506334
poi_500_25,poi_500_25,486,66.53418294331367
poi_500_25,poi_500_25,487,64.96969976989112
poi_500_25,poi_500_25,488,65.93483876856682
poi_500_25,poi_500_25,489,69.01022376419142
poi_500_25,poi_500_25,490,74.2515483820628
poi_500_25,poi_500_25,491,74.98740774559666
poi_500_25,poi_500_25,492,69.5291514283941
poi_500_25,poi_500_25,493,65.91820871686957
poi_500_25,poi_500_25,494,64.14972855938132
poi_500_25,poi_500_25,495,64.5731687268307
poi_500_25,poi_500_25,496,67.69904313758897
poi_500_25,poi_500_25,497,70.5717438393202
poi_500_25,poi_500_25,498,65.8845659370637
poi_500_25,poi_500_25,499,63.145335266295035
poi_500_25,poi_500_25,500,62.49113004851506
poi_500_25,poi_500_25,501,64.0426105540696
poi_500_25,poi_500_25,502,67.68578632029603
poi_500_25,poi_500_25,503,70.66663999181718
poi_500_25,poi_500_25,504,66.48852689428671
poi_500_25,poi_500_25,505,64.85890379464834
poi_500_25,poi_500_25,506,65.98465051604522
poi_500_25,poi_500_25,507,69.08504088361225
poi_500_25,poi_500_25,508,74.292799446206
poi_500_25,poi_500_25,509,75.04460232889458
poi_500_25,poi_500_25,510,69.84766101151544
poi_500_25,poi_500_25,511,67.15787193505348
poi_500_25,poi_500_25,512,66.9601015696831
poi_500_25,poi_500_25,513,69.33100816430111
poi_500_25,poi_500_25,514,74.31485386475171
poi_500_25,poi_500_25,515,75.02398800247163
poi_500_25,poi_500_25,516,69.62052522422943
poi_500_25,poi_500_25,517,66.1923114618474
poi_500_25,poi_500_25,518,64.43053928490181
poi_500_25,poi_500_25,519,64.65627738705665
poi_500_25,poi_500_25,520,67.71184951897636
poi_500_25,poi_500_25,521,70.56444857617595
poi_500_25,poi_500_25,522,65.81990599913424
poi_500_25,poi_500_25,523,62.67095719890162
poi_500_25,poi_500_25,524,61.91938012931431
poi_500_25,poi_500_25,525,63.53320621926131
poi_500_25,poi_500_25,526,67.40071658273882
poi_500_25,poi_500_25,527,70.4689964779361
poi_500_25,poi_500_25,528,65.66540203261864
poi_500_25,poi_500_25,529,62.57352097234383
poi_500_25,poi_500_25,530,62.04386921771983
poi_500_25,poi_500_25,531,63.791705819675244
poi_500_25,poi_500_25,532,67.59693274472806
poi_500_25,poi_500_25,533,70.62896550090527
poi_500_25,poi_500_25,534,66.40346685157427
poi_500_25,poi_500_25,535,64.91257339251746
poi_500_25,poi_500_25,536,65.98465051604522
poi_500_25,poi_500_25,537,69.13144639099828
poi_500_25,poi_500_25,538,74.30916914608203
poi_500_25,poi_500_25,539,75.06086325435544
poi_500_25,poi_500_25,540,69.91181938391081
poi_500_25,poi_500_25,541,67.30203481048098
poi_500_25,poi_500_25,542,67.14744319968574
poi_500_25,poi_500_25,543,69.47096209538573
poi_500_25,poi_500_25,544,74.37440470500273
poi_500_25,poi_500_25,545,75.09426039005388
poi_500_25,poi_500_25,546,69.97058246137902
poi_500_25,poi_500_25,547,67.3350791236361
poi_500_25,poi_500_25,548,67.1093834524115
poi_500_25,poi_500_25,549,69.44570690839441
poi_500_25,poi_500_25,550,74.35014081959784
poi_500_25,poi_500_25,551,75.05400697258351
poi_500_25,poi_500_25,552,69.72823583166004
poi_500_25,poi_500_25,553,66.3333490499756
poi_500_25,poi_500_25,554,64.76044627020309
poi_500_25,poi_500_25,555,65.17118590151856
poi_500_25,poi_500_25,556,68.04744404420974
poi_500_25,poi_500_25,557,70.80138619358084
poi_500_25,poi_500_25,558,66.75066421942861
poi_500_25,poi_500_25,559,65.1556246862907
poi_500_25,poi_500_25,560,66.17073083746325
poi_500_25,poi_500_25,561,69.20633070169504
poi_500_25,poi_500_25,562,74.32826532009705
poi_500_25,poi_500_25,563,75.07447963571883
poi_500_25,poi_500_25,564,69.94994724992524
poi_500_25,poi_500_25,565,67.27115714544736
poi_500_25,poi_500_25,566,67.14744319968574
poi_500_25,poi_500_25,567,69.47096209538573
poi_500_25,poi_500_25,568,74.37440470500273
poi_500_25,poi_500_25,569,75.09426039005388
poi_500_25,poi_500_25,570,69.97058246137902
poi_500_25,poi_500_25,571,67.3350791236361
poi_500_25,poi_500_25,572,67.1093834524115
poi_500_25,poi_500_25,573,69.40255689061546
poi_500_25,poi_500_25,574,74.333925113856
poi_500_25,poi_500_25,575,75.03772030721105
poi_500_25,poi_500_25,576,69.66128577851315
poi_500_25,poi_500_25,577,66.15240274857905
poi_500_25,poi_500_25,578,64.43053928490181
poi_500_25,poi_500_25,579,64.65627738705665
poi_500_25,poi_500_25,580,67.71184951897636
poi_500_25,poi_500_25,581,70.56444857617595
poi_500_25,poi_500_25,582,65.81990599913424
poi_500_25,poi_500_25,583,62.67095719890162
poi_500_25,poi_500_25,584,61.91938012931431
poi_500_25,poi_500_25,585,63.362366311811584
poi_500_25,poi_500_25,586,67.31978687968075
poi_500_25,poi_500_25,587,70.42202158796611
poi_500_25,poi_500_25,588,65.49269994266838
poi_500_25,poi_500_25,589,62.130440829285675
poi_500_25,poi_500_25,590,61.40531961620981
poi_500_25,poi_500_25,591,63.06744155433186
poi_500_25,poi_500_25,592,67.22303298358648
poi_500_25,poi_500_25,593,70.38215411403871
poi_500_25,poi_500_25,594,65.38544584352047
poi_500_25,poi_500_25,595,62.23049804539436
poi_500_25,poi_500_25,596,61.40531961620981
poi_500_25,poi_500_25,597,63.25003704083251
poi_500_25,poi_500_25,598,67.3057686472453
poi_500_25,poi_500_25,599,70.42955985481254
poi_500_35,poi_500_35,0,40.0
poi_500_35,poi_500_35,1,40.0
poi_500_35,poi_500_35,2,40.0
poi_500_35,poi_500_35,3,40.0
poi_500_35,poi_500_35,4,40.0
poi_500_35,poi_500_35,5,40.0
poi_500_35,poi_500_35,6,40.0
poi_500_35,poi_500_35,7,40.0
poi_500_35,poi_500_35,8,40.0
poi_500_35,poi_500_35,9,51.00961997978875
poi_500_35,poi_500_35,10,51.62148682544888
poi_500_35,poi_500_35,11,52.29059660521901
poi_500_35,poi_500_35,12,53.026583044022885
poi_500_35,poi_500_35,13,53.84180664976907
poi_500_35,poi_500_35,14,54.752491903961726
poi_500_35,poi_500_35,15,56.21119703900156
poi_500_35,poi_500_35,16,57.32691782946888
poi_500_35,poi_500_35,17,58.63314471881465
poi_500_35,poi_500_35,18,60.196576903485166
poi_500_35,poi_500_35,19,62.12327889045202
poi_500_35,poi_500_35,20,64.58779965070576
poi_500_35,poi_500_35,21,67.9363630060847
poi_500_35,poi_500_35,22,71.743773236464
poi_500_35,poi_500_35,23,72.16319663417524
poi_500_35,poi_500_35,24,68.55847669909159
poi_500_35,poi_500_35,25,65.64333613120637
poi_500_35,poi_500_35,26,64.15881015069937
poi_500_35,poi_500_35,27,64.38418592625584
poi_500_35,poi_500_35,28,66.41296213627467
poi_500_35,poi_500_35,29,67.81381938645134
poi_500_35,poi_500_35,30,65.6512532025499
poi_500_35,poi_500_35,31,64.63425830925758
poi_500_35,poi_500_35,32,65.60741748946467
poi_500_35,poi_500_35,33,68.28477605763634
poi_500_35,poi_500_35,34,71.85435578291757
poi_500_35,poi_500_35,35,72.24215969670551
poi_500_35,poi_500_35,36,68.70475878167964
poi_500_35,poi_500_35,37,65.75223827986085
poi_500_35,poi_500_35,38,64.2840487966447
poi_500_35,poi_500_35,39,64.61636894584092
poi_500_35,poi_500_35,40,66.56492437727933
poi_500_35,poi_500_35,41,67.93225279251162
poi_500_35,poi_500_35,42,65.86486309299663
poi_500_35,poi_500_35,43,64.94020098331349
poi_500_35,poi_500_35,44,65.85908891277404
poi_500_35,poi_500_35,45,68.46013558201035
poi_500_35,poi_500_35,46,71.95722257938843
poi_500_35,poi_500_35,47,72.37187441722041
poi_500_35,poi_500_35,48,69.12077766844098
poi_500_35,poi_500_35,49,66.94851156526207
poi_500_35,poi_500_35,50,66.85106543665725
poi_500_35,poi_500_35,51,68.76052822035314
poi_500_35,poi_500_35,52,72.03404684448711
poi_500_35,poi_500_35,53,72.40756561092844
poi_500_35,poi_500_35,54,69.14471747821278
poi_500_35,poi_500_35,55,67.01669430097093
poi_500_35,poi_500_35,56,66.81094710914877
poi_500_35,poi_500_35,57,68.68122547500258
poi_500_35,poi_500_35,58,71.96579891198627
poi_500_35,poi_500_35,59,72.30462562181684
poi_500_35,poi_500_35,60,68.78089634856401
poi_500_35,poi_500_35,61,65.79864383282093
poi_500_35,poi_500_35,62,64.21132589779685
poi_500_35,poi_500_35,63,64.26867413454721
poi_500_35,poi_500_35,64,66.21591246522843
poi_500_35,poi_500_35,65,67.54720293676208
poi_500_35,poi_500_35,66,64.85193901804014
poi_500_35,poi_500_35,67,62.341068016263954
poi_500_35,poi_500_35,68,61.69010607602772
poi_500_35,poi_500_35,69,63.07118754180089
poi_500_35,poi_500_35,70,65.78137478498199
poi_500_35,poi_500_35,71,67.35765956911244
poi_500_35,poi_500_35,72,64.6613095572824
poi_500_35,poi_500_35,73,62.23751163819262
poi_500_35,poi_500_35,74,61.81921695754156
poi_500_35,poi_500_35,75,63.3530855754349
poi_500_35,poi_500_35,76,66.05809402267184
poi_500_35,poi_500_35,77,67.67145990403353
poi_500_35,poi_500_35,78,65.54487298143842
poi_500_35,poi_500_35,79,64.63064144353457
poi_500_35,poi_500_35,80,65.66026907042485
poi_500_35,poi_500_35,81,68.31644357635679
poi_500_35,poi_500_35,82,71.89609270915886
poi_500_35,poi_500_35,83,72.31629188866451
poi_500_35,poi_500_35,84,68.99728242706382
poi_500_35,poi_500_35,85,66.82739928010572
poi_500_35,poi_500_35,86,66.65198459606748
poi_500_35,poi_500_35,87,68.64882093340694
poi_500_35,poi_500_35,88,71.96103709611978
poi_500_35,poi_500_35,89,72.30947047666052
poi_500_35,poi_500_35,90,68.81341379093425
poi_500_35,poi_500_35,91,66.03455023428617
poi_500_35,poi_500_35,92,64.55472892322243
poi_500_35,poi_500_35,93,64.82373889648366
poi_500_35,poi_500_35,94,66.67677526447015
poi_500_35,poi_500_35,95,68.00181225451507
poi_500_35,poi_500_35,96,65.96069945073015
poi_500_35,poi_500_35,97,64.88699931497248
poi_500_35,poi_500_35,98,65.85908891277404
poi_500_35,poi_500_35,99,68.46013558201035
poi_500_35,poi_500_35,100,71.95722257938843
poi_500_35,poi_500_35,101,72.37187441722041
poi_500_35,poi_500_35,102,69.12077766844098
poi_500_35,poi_500_35,103,66.94851156526207
poi_500_35,poi_500_35,104,66.85106543665725
poi_500_35,poi_500_35,105,68.81033911329102
poi_500_35,poi_500_35,106,72.0614364543666
poi_500_35,poi_500_35,107,72.43721931682941
poi_500_35,poi_500_35,108,69.2196194308068
poi_500_35,poi_500_35,109,67.1645093759281
poi_500_35,poi_500_35,110,67.00302872581366
poi_500_35,poi_500_35,111,68.84156487743266
poi_500_35,poi_500_35,112,72.06608950845593
poi_500_35,poi_500_35,113,72.43251497510637
poi_500_35,poi_500_35,114,69.19001543619478
poi_500_35,poi_500_35,115,66.98378923496438
poi_500_35,poi_500_35,116,66.81094710914877
poi_500_35,poi_500_35,117,68.73194893673855
poi_500_35,poi_500_35,118,71.99362095356021
poi_500_35,poi_500_35,119,72.334988119489
poi_500_35,poi_500_35,120,68.86228241792344
poi_500_35,poi_500_35,121,65.99325536785173
poi_500_35,poi_500_35,122,64.55472892322243
poi_500_35,poi_500_35,123,64.69791233660933
poi_500_35,poi_500_35,124,66.58139833791051
poi_500_35,poi_500_35,125,67.91896586716805
poi_500_35,poi_500_35,126,65.80051136627125
poi_500_35,poi_500_35,127,64.63425830925758
poi_500_35,poi_500_35,128,65.60741748946467
poi_500_35,poi_500_35,129,68.22851570507083
poi_500_35,poi_500_35,130,71.82562410795896
poi_500_35,poi_500_35,131,72.21113888097551
poi_500_35,poi_500_35,132,68.62033715172312
poi_500_35,poi_500_35,133,65.54625376880894
poi_500_35,poi_500_35,134,63.917604027771226
poi_500_35,poi_500_35,135,64.17857115416443
poi_500_35,poi_500_35,136,66.19798912155198
poi_500_35,poi_500_35,137,67.56167536753993
poi_500_35,poi_500_35,138,64.93185562581068
poi_500_35,poi_500_35,139,62.847783234559714
poi_500_35,poi_500_35,140,62.28587834696814
poi_500_35,poi_500_35,141,63.46181642157306
poi_500_35,poi_500_35,142,66.07660286462006
poi_500_35,poi_500_35,143,67.65734932144922
poi_500_35,poi_500_35,144,65.47556127700598
poi_500_35,poi_500_35,145,64.30121702597903
poi_500_35,poi_500_35,146,65.39644306141913
poi_500_35,poi_500_35,147,68.13506011105315
poi_500_35,poi_500_35,148,71.79175009831124
poi_500_35,poi_500_35,149,72.18488083153545
poi_500_35,poi_500_35,150,68.56865206908739
poi_500_35,poi_500_35,151,65.59200188246643
poi_500_35,poi_500_35,152,63.917604027771226
poi_500_35,poi_500_35,153,64.03224953474631
poi_500_35,poi_500_35,154,66.09135837551094
poi_500_35,poi_500_35,155,67.46989870054566
poi_500_35,poi_500_35,156,64.72782690655256
poi_500_35,poi_500_35,157,62.436219360222935
poi_500_35,poi_500_35,158,61.69010607602772
poi_500_35,poi_500_35,159,62.88142749637225
poi_500_35,poi_500_35,160,65.66386185618433
poi_500_35,poi_500_35,161,67.26141943273048
poi_500_35,poi_500_35,162,64.44383278703435
poi_500_35,poi_500_35,163,61.76032346097442
poi_500_35,poi_500_35,164,61.15039535066785
poi_500_35,poi_500_35,165,62.55258486782122
poi_500_35,poi_500_35,166,65.52214655980636
poi_500_35,poi_500_35,167,67.17880684095518
poi_500_35,poi_500_35,168,64.30729816052403
poi_500_35,poi_500_35,169,61.86891963201574
poi_500_35,poi_500_35,170,61.15039535066785
poi_500_35,poi_500_35,171,62.75692539140848
poi_500_35,poi_500_35,172,65.64350335687364
poi_500_35,poi_500_35,173,67.27687449188839
poi_500_35,poi_500_35,174,64.53154431258301
poi_500_35,poi_500_35,175,62.33493354308629
poi_500_35,poi_500_35,176,61.81921695754156
poi_500_35,poi_500_35,177,63.17549880941522
poi_500_35,poi_500_35,178,65.94792791886982
poi_500_35,poi_500_35,179,67.58199792607398
poi_500_35,poi_500_35,180,65.36825743887769
poi_500_35,poi_500_35,181,64.36204750066109
poi_500_35,poi_500_35,182,65.39644306141913
poi_500_35,poi_500_35,183,68.13506011105315
poi_500_35,poi_500_35,184,71.79175009831124
poi_500_35,poi_500_35,185,72.18488083153545
poi_500_35,poi_500_35,186,68.56865206908739
poi_500_35,poi_500_35,187,65.59200188246643
poi_500_35,poi_500_35,188,63.917604027771226
poi_500_35,poi_500_35,189,64.03224953474631
poi_500_35,poi_500_35,190,66.09135837551094
poi_500_35,poi_500_35,191,67.46989870054566
poi_500_35,poi_500_35,192,64.72782690655256
poi_500_35,poi_500_35,193,62.436219360222935
poi_500_35,poi_500_35,194,61.69010607602772
poi_500_35,poi_500_35,195,63.07118754180089
poi_500_35,poi_500_35,196,65.78137478498199
poi_500_35,poi_500_35,197,67.35765956911244
poi_500_35,poi_500_35,198,64.6613095572824
poi_500_35,poi_500_35,199,62.23751163819262
poi_500_35,poi_500_35,200,61.81921695754156
poi_500_35,poi_500_35,201,63.3530855754349
poi_500_35,poi_500_35,202,66.05809402267184
poi_500_35,poi_500_35,203,67.67145990403353
poi_500_35,poi_500_35,204,65.54487298143842
poi_500_35,poi_500_35,205,64.63064144353457
poi_500_35,poi_500_35,206,65.66026907042485
poi_500_35,poi_500_35,207,68.31644357635679
poi_500_35,poi_500_35,208,71.89609270915886
poi_500_35,poi_500_35,209,72.31629188866451
poi_500_35,poi_500_35,210,68.99728242706382
poi_500_35,poi_500_35,211,66.82739928010572
poi_500_35,poi_500_35,212,66.65198459606748
poi_500_35,poi_500_35,213,68.59711136726571
poi_500_35,poi_500_35,214,71.9330048511406
poi_500_35,poi_500_35,215,72.27892842368732
poi_500_35,poi_500_35,216,68.73109797675475
poi_500_35,poi_500_35,217,65.84182187120206
poi_500_35,poi_500_35,218,64.21132589779685
poi_500_35,poi_500_35,219,64.26867413454721
poi_500_35,poi_500_35,220,66.21591246522843
poi_500_35,poi_500_35,221,67.54720293676208
poi_500_35,poi_500_35,222,64.85193901804014
poi_500_35,poi_500_35,223,62.341068016263954
poi_500_35,poi_500_35,224,61.69010607602772
poi_500_35,poi_500_35,225,63.07118754180089
poi_500_35,poi_500_35,226,65.78137478498199
poi_500_35,poi_500_35,227,67.35765956911244
poi_500_35,poi_500_35,228,64.6613095572824
poi_500_35,poi_500_35,229,62.23751163819262
poi_500_35,poi_500_35,230,61.81921695754156
poi_500_35,poi_500_35,231,63.17549880941522
poi_500_35,poi_500_35,232,65.94792791886982
poi_500_35,poi_500_35,233,67.58199792607398
poi_500_35,poi_500_35,234,65.36825743887769
poi_500_35,poi_500_35,235,64.36204750066109
poi_500_35,poi_500_35,236,65.39644306141913
poi_500_35,poi_500_35,237,68.19253618437381
poi_500_35,poi_500_35,238,71.82070600188685
poi_500_35,poi_500_35,239,72.21608909726262
poi_500_35,poi_500_35,240,68.65407452179144
poi_500_35,poi_500_35,241,65.79587783843012
poi_500_35,poi_500_35,242,64.2840487966447
poi_500_35,poi_500_35,243,64.48429407716083
poi_500_35,poi_500_35,244,66.46703089594212
poi_500_35,poi_500_35,245,67.84805574985988
poi_500_35,poi_500_35,246,65.70103256390848
poi_500_35,poi_500_35,247,64.69062735079407
poi_500_35,poi_500_35,248,65.60741748946467
poi_500_35,poi_500_35,249,68.28477605763634
poi_500_35,poi_500_35,250,71.85435578291757
poi_500_35,poi_500_35,251,72.24215969670551
poi_500_35,poi_500_35,252,68.70475878167964
poi_500_35,poi_500_35,253,65.75223827986085
poi_500_35,poi_500_35,254,64.2840487966447
poi_500_35,poi_500_35,255,64.48429407716083
poi_500_35,poi_500_35,256,66.46703089594212
poi_500_35,poi_500_35,257,67.84805574985988
poi_500_35,poi_500_35,258,65.70103256390848
poi_500_35,poi_500_35,259,64.69062735079407
poi_500_35,poi_500_35,260,65.60741748946467
poi_500_35,poi_500_35,261,68.22851570507083
poi_500_35,poi_500_35,262,71.82562410795896
poi_500_35,poi_500_35,263,72.21113888097551
poi_500_35,poi_500_35,264,68.62033715172312
poi_500_35,poi_500_35,265,65.54625376880894
poi_500_35,poi_500_35,266,63.917604027771226
poi_500_35,poi_500_35,267,64.17857115416443
poi_500_35,poi_500_35,268,66.19798912155198
poi_500_35,poi_500_35,269,67.56167536753993
poi_500_35,poi_500_35,270,64.93185562581068
poi_500_35,poi_500_35,271,62.847783234559714
poi_500_35,poi_500_35,272,62.28587834696814
poi_500_35,poi_500_35,273,63.46181642157306
poi_500_35,poi_500_35,274,66.07660286462006
poi_500_35,poi_500_35,275,67.65734932144922
poi_500_35,poi_500_35,276,65.47556127700598
poi_500_35,poi_500_35,277,64.30121702597903
poi_500_35,poi_500_35,278,65.39644306141913
poi_500_35,poi_500_35,279,68.19253618437381
poi_500_35,poi_500_35,280,71.82070600188685
poi_500_35,poi_500_35,281,72.21608909726262
poi_500_35,poi_500_35,282,68.65407452179144
poi_500_35,poi_500_35,283,65.79587783843012
poi_500_35,poi_500_35,284,64.2840487966447
poi_500_35,poi_500_35,285,64.61636894584092
poi_500_35,poi_500_35,286,66.56492437727933
poi_500_35,poi_500_35,287,67.93225279251162
poi_500_35,poi_500_35,288,65.86486309299663
poi_500_35,poi_500_35,289,64.94020098331349
poi_500_35,poi_500_35,290,65.85908891277404
poi_500_35,poi_500_35,291,68.40611556492041
poi_500_35,poi_500_35,292,71.92916562243548
poi_500_35,poi_500_35,293,72.34176959993663
poi_500_35,poi_500_35,294,69.04413616060607
poi_500_35,poi_500_35,295,66.7930224552618
poi_500_35,poi_500_35,296,66.65198459606748
poi_500_35,poi_500_35,297,68.64882093340694
poi_500_35,poi_500_35,298,71.96103709611978
poi_500_35,poi_500_35,299,72.30947047666052
poi_500_35,poi_500_35,300,68.81341379093425
poi_500_35,poi_500_35,301,66.03455023428617
poi_500_35,poi_500_35,302,64.55472892322243
poi_500_35,poi_500_35,303,64.69791233660933
poi_500_35,poi_500_35,304,66.58139833791051
poi_500_35,poi_500_35,305,67.91896586716805
poi_500_35,poi_500_35,306,65.80051136627125
poi_500_35,poi_500_35,307,64.63425830925758
poi_500_35,poi_500_35,308,65.60741748946467
poi_500_35,poi_500_35,309,68.22851570507083
poi_500_35,poi_500_35,310,71.82562410795896
poi_500_35,poi_500_35,311,72.21113888097551
poi_500_35,poi_500_35,312,68.62033715172312
poi_500_35,poi_500_35,313,65.54625376880894
poi_500_35,poi_500_35,314,63.917604027771226
poi_500_35,poi_500_35,315,64.17857115416443
poi_500_35,poi_500_35,316,66.19798912155198
poi_500_35,poi_500_35,317,67.56167536753993
poi_500_35,poi_500_35,318,64.93185562581068
poi_500_35,poi_500_35,319,62.847783234559714
poi_500_35,poi_500_35,320,62.28587834696814
poi_500_35,poi_500_35,321,63.62828731114273
poi_500_35,poi_500_35,322,66.18359207983875
poi_500_35,poi_500_35,323,67.74528796902193
poi_500_35,poi_500_35,324,65.64795094944274
poi_500_35,poi_500_35,325,64.57348323434312
poi_500_35,poi_500_35,326,65.66026907042485
poi_500_35,poi_500_35,327,68.31644357635679
poi_500_35,poi_500_35,328,71.89609270915886
poi_500_35,poi_500_35,329,72.31629188866451
poi_500_35,poi_500_35,330,68.99728242706382
poi_500_35,poi_500_35,331,66.82739928010572
poi_500_35,poi_500_35,332,66.65198459606748
poi_500_35,poi_500_35,333,68.59711136726571
poi_500_35,poi_500_35,334,71.9330048511406
poi_500_35,poi_500_35,335,72.27892842368732
poi_500_35,poi_500_35,336,68.73109797675475
poi_500_35,poi_500_35,337,65.84182187120206
poi_500_35,poi_500_35,338,64.21132589779685
poi_500_35,poi_500_35,339,64.26867413454721
poi_500_35,poi_500_35,340,66.21591246522843
poi_500_35,poi_500_35,341,67.54720293676208
poi_500_35,poi_500_35,342,64.85193901804014
poi_500_35,poi_500_35,343,62.341068016263954
poi_500_35,poi_500_35,344,61.69010607602772
poi_500_35,poi_500_35,345,62.88142749637225
poi_500_35,poi_500_35,346,65.66386185618433
poi_500_35,poi_500_35,347,67.26141943273048
poi_500_35,poi_500_35,348,64.44383278703435
poi_500_35,poi_500_35,349,61.76032346097442
poi_500_35,poi_500_35,350,61.15039535066785
poi_500_35,poi_500_35,351,62.55258486782122
poi_500_35,poi_500_35,352,65.52214655980636
poi_500_35,poi_500_35,353,67.17880684095518
poi_500_35,poi_500_35,354,64.30729816052403
poi_500_35,poi_500_35,355,61.86891963201574
poi_500_35,poi_500_35,356,61.15039535066785
poi_500_35,poi_500_35,357,62.75692539140848
poi_500_35,poi_500_35,358,65.64350335687364
poi_500_35,poi_500_35,359,67.27687449188839
poi_500_35,poi_500_35,360,64.53154431258301
poi_500_35,poi_500_35,361,62.33493354308629
poi_500_35,poi_500_35,362,61.81921695754156
poi_500_35,poi_500_35,363,63.3530855754349
poi_500_35,poi_500_35,364,66.05809402267184
poi_500_35,poi_500_35,365,67.67145990403353
poi_500_35,poi_500_35,366,65.54487298143842
poi_500_35,poi_500_35,367,64.63064144353457
poi_500_35,poi_500_35,368,65.66026907042485
poi_500_35,poi_500_35,369,68.31644357635679
poi_500_35,poi_500_35,370,71.89609270915886
poi_500_35,poi_500_35,371,72.31629188866451
poi_500_35,poi_500_35,372,68.99728242706382
poi_500_35,poi_500_35,373,66.82739928010572
poi_500_35,poi_500_35,374,66.65198459606748
poi_500_35,poi_500_35,375,68.59711136726571
poi_500_35,poi_500_35,376,71.9330048511406
poi_500_35,poi_500_35,377,72.27892842368732
poi_500_35,poi_500_35,378,68.73109797675475
poi_500_35,poi_500_35,379,65.84182187120206
poi_500_35,poi_500_35,380,64.21132589779685
poi_500_35,poi_500_35,381,64.40736556734561
poi_500_35,poi_500_35,382,66.31956420360127
poi_500_35,poi_500_35,383,67.63737712915656
poi_500_35,poi_500_35,384,65.05034885746467
poi_500_35,poi_500_35,385,62.76132117242235
poi_500_35,poi_500_35,386,62.28587834696814
poi_500_35,poi_500_35,387,63.62828731114273
poi_500_35,poi_500_35,388,66.18359207983875
poi_500_35,poi_500_35,389,67.74528796902193
poi_500_35,poi_500_35,390,65.64795094944274
poi_500_35,poi_500_35,391,64.57348323434312
poi_500_35,poi_500_35,392,65.66026907042485
poi_500_35,poi_500_35,393,68.37158345497559
poi_500_35,poi_500_35,394,71.92436344785794
poi_500_35,poi_500_35,395,72.34657321761159
poi_500_35,poi_500_35,396,69.07474788533354
poi_500_35,poi_500_35,397,66.98168398474769
poi_500_35,poi_500_35,398,66.85106543665725
poi_500_35,poi_500_35,399,68.81033911329102
poi_500_35,poi_500_35,400,72.0614364543666
poi_500_35,poi_500_35,401,72.43721931682941
poi_500_35,poi_500_35,402,69.2196194308068
poi_500_35,poi_500_35,403,67.1645093759281
poi_500_35,poi_500_35,404,67.00302872581366
poi_500_35,poi_500_35,405,68.84156487743266
poi_500_35,poi_500_35,406,72.06608950845593
poi_500_35,poi_500_35,407,72.43251497510637
poi_500_35,poi_500_35,408,69.19001543619478
poi_500_35,poi_500_35,409,66.98378923496438
poi_500_35,poi_500_35,410,66.81094710914877
poi_500_35,poi_500_35,411,68.73194893673855
poi_500_35,poi_500_35,412,71.99362095356021
poi_500_35,poi_500_35,413,72.334988119489
poi_500_35,poi_500_35,414,68.86228241792344
poi_500_35,poi_500_35,415,65.99325536785173
poi_500_35,poi_500_35,416,64.55472892322243
poi_500_35,poi_500_35,417,64.82373889648366
poi_500_35,poi_500_35,418,66.67677526447015
poi_500_35,poi_500_35,419,68.00181225451507
poi_500_35,poi_500_35,420,65.96069945073015
poi_500_35,poi_500_35,421,64.88699931497248
poi_500_35,poi_500_35,422,65.85908891277404
poi_500_35,poi_500_35,423,68.46013558201035
poi_500_35,poi_500_35,424,71.95722257938843
poi_500_35,poi_500_35,425,72.37187441722041
poi_500_35,poi_500_35,426,69.12077766844098
poi_500_35,poi_500_35,427,66.94851156526207
poi_500_35,poi_500_35,428,66.85106543665725
poi_500_35,poi_500_35,429,68.81033911329102
poi_500_35,poi_500_35,430,72.0614364543666
poi_500_35,poi_500_35,431,72.43721931682941
poi_500_35,poi_500_35,432,69.2196194308068
poi_500_35,poi_500_35,433,67.1645093759281
poi_500_35,poi_500_35,434,67.00302872581366
poi_500_35,poi_500_35,435,68.84156487743266
poi_500_35,poi_500_35,436,72.06608950845593
poi_500_35,poi_500_35,437,72.43251497510637
poi_500_35,poi_500_35,438,69.19001543619478
poi_500_35,poi_500_35,439,66.98378923496438
poi_500_35,poi_500_35,440,66.81094710914877
poi_500_35,poi_500_35,441,68.73194893673855
poi_500_35,poi_500_35,442,71.99362095356021
poi_500_35,poi_500_35,443,72.334988119489
poi_500_35,poi_500_35,444,68.86228241792344
poi_500_35,poi_500_35,445,65.99325536785173
poi_500_35,poi_500_35,446,64.55472892322243
poi_500_35,poi_500_35,447,64.82373889648366
poi_500_35,poi_500_35,448,66.67677526447015
poi_500_35,poi_500_35,449,68.00181225451507
poi_500_35,poi_500_35,450,65.96069945073015
poi_500_35,poi_500_35,451,64.88699931497248
poi_500_35,poi_500_35,452,65.85908891277404
poi_500_35,poi_500_35,453,68.46013558201035
poi_500_35,poi_500_35,454,71.95722257938843
poi_500_35,poi_500_35,455,72.37187441722041
poi_500_35,poi_500_35,456,69.12077766844098
poi_500_35,poi_500_35,457,66.94851156526207
poi_500_35,poi_500_35,458,66.85106543665725
poi_500_35,poi_500_35,459,68.76052822035314
poi_500_35,poi_500_35,460,72.03404684448711
poi_500_35,poi_500_35,461,72.40756561092844
poi_500_35,poi_500_35,462,69.14471747821278
poi_500_35,poi_500_35,463,67.01669430097093
poi_500_35,poi_500_35,464,66.81094710914877
poi_500_35,poi_500_35,465,68.73194893673855
poi_500_35,poi_500_35,466,71.99362095356021
poi_500_35,poi_500_35,467,72.334988119489
poi_500_35,poi_500_35,468,68.86228241792344
poi_500_35,poi_500_35,469,65.99325536785173
poi_500_35,poi_500_35,470,64.55472892322243
poi_500_35,poi_500_35,471,64.69791233660933
poi_500_35,poi_500_35,472,66.58139833791051
poi_500_35,poi_500_35,473,67.91896586716805
poi_500_35,poi_500_35,474,65.80051136627125
poi_500_35,poi_500_35,475,64.63425830925758
poi_500_35,poi_500_35,476,65.60741748946467
poi_500_35,poi_500_35,477,68.28477605763634
poi_500_35,poi_500_35,478,71.85435578291757
poi_500_35,poi_500_35,479,72.24215969670551
poi_500_35,poi_500_35,480,68.70475878167964
poi_500_35,poi_500_35,481,65.75223827986085
poi_500_35,poi_500_35,482,64.2840487966447
poi_500_35,poi_500_35,483,64.48429407716083
poi_500_35,poi_500_35,484,66.46703089594212
poi_500_35,poi_500_35,485,67.84805574985988
poi_500_35,poi_500_35,486,65.70103256390848
poi_500_35,poi_500_35,487,64.69062735079407
poi_500_35,poi_500_35,488,65.60741748946467
poi_500_35,poi_500_35,489,68.22851570507083
poi_500_35,poi_500_35,490,71.82562410795896
poi_500_35,poi_500_35,491,72.21113888097551
poi_500_35,poi_500_35,492,68.62033715172312
poi_500_35,poi_500_35,493,65.54625376880894
poi_500_35,poi_500_35,494,63.917604027771226
poi_500_35,poi_500_35,495,64.17857115416443
poi_500_35,poi_500_35,496,66.19798912155198
poi_500_35,poi_500_35,497,67.56167536753993
poi_500_35,poi_500_35,498,64.93185562581068
poi_500_35,poi_500_35,499,62.847783234559714
poi_500_35,poi_500_35,500,62.28587834696814
poi_500_35,poi_500_35,501,63.62828731114273
poi_500_35,poi_500_35,502,66.18359207983875
poi_500_35,poi_500_35,503,67.74528796902193
poi_500_35,poi_500_35,504,65.64795094944274
poi_500_35,poi_500_35,505,64.57348323434312
poi_500_35,poi_500_35,506,65.66026907042485
poi_500_35,poi_500_35,507,68.31644357635679
poi_500_35,poi_500_35,508,71.89609270915886
poi_500_35,poi_500_35,509,72.31629188866451
poi_500_35,poi_500_35,510,68.99728242706382
poi_500_35,poi_500_35,511,66.82739928010572
poi_500_35,poi_500_35,512,66.65198459606748
poi_500_35,poi_500_35,513,68.59711136726571
poi_500_35,poi_500_35,514,71.9330048511406
poi_500_35,poi_500_35,515,72.27892842368732
poi_500_35,poi_500_35,516,68.73109797675475
poi_500_35,poi_500_35,517,65.84182187120206
poi_500_35,poi_500_35,518,64.21132589779685
poi_500_35,poi_500_35,519,64.26867413454721
poi_500_35,poi_500_35,520,66.21591246522843
poi_500_35,poi_500_35,521,67.54720293676208
poi_500_35,poi_500_35,522,64.85193901804014
poi_500_35,poi_500_35,523,62.341068016263954
poi_500_35,poi_500_35,524,61.69010607602772
poi_500_35,poi_500_35,525,63.07118754180089
poi_500_35,poi_500_35,526,65.78137478498199
poi_500_35,poi_500_35,527,67.35765956911244
poi_500_35,poi_500_35,528,64.6613095572824
poi_500_35,poi_500_35,529,62.23751163819262
poi_500_35,poi_500_35,530,61.81921695754156
poi_500_35,poi_500_35,531,63.3530855754349
poi_500_35,poi_500_35,532,66.05809402267184
poi_500_35,poi_500_35,533,67.67145990403353
poi_500_35,poi_500_35,534,65.54487298143842
poi_500_35,poi_500_35,535,64.63064144353457
poi_500_35,poi_500_35,536,65.66026907042485
poi_500_35,poi_500_35,537,68.37158345497559
poi_500_35,poi_500_35,538,71.92436344785794
poi_500_35,poi_500_35,539,72.34657321761159
poi_500_35,poi_500_35,540,69.07474788533354
poi_500_35,poi_500_35,541,66.98168398474769
poi_500_35,poi_500_35,542,66.85106543665725
poi_500_35,poi_500_35,543,68.76052822035314
poi_500_35,poi_500_35,544,72.03404684448711
poi_500_35,poi_500_35,545,72.40756561092844
poi_500_35,poi_500_35,546,69.14471747821278
poi_500_35,poi_500_35,547,67.01669430097093
poi_500_35,poi_500_35,548,66.81094710914877
poi_500_35,poi_500_35,549,68.73194893673855
poi_500_35,poi_500_35,550,71.99362095356021
poi_500_35,poi_500_35,551,72.334988119489
poi_500_35,poi_500_35,552,68.86228241792344
poi_500_35,poi_500_35,553,65.99325536785173
poi_500_35,poi_500_35,554,64.55472892322243
poi_500_35,poi_500_35,555,64.82373889648366
poi_500_35,poi_500_35,556,66.67677526447015
poi_500_35,poi_500_35,557,68.00181225451507
poi_500_35,poi_500_35,558,65.96069945073015
poi_500_35,poi_500_35,559,64.88699931497248
poi_500_35,poi_500_35,560,65.85908891277404
poi_500_35,poi_500_35,561,68.46013558201035
poi_500_35,poi_500_35,562,71.95722257938843
poi_500_35,poi_500_35,563,72.37187441722041
poi_500_35,poi_500_35,564,69.12077766844098
poi_500_35,poi_500_35,565,66.94851156526207
poi_500_35,poi_500_35,566,66.85106543665725
poi_500_35,poi_500_35,567,68.76052822035314
poi_500_35,poi_500_35,568,72.03404684448711
poi_500_35,poi_500_35,569,72.40756561092844
poi_500_35,poi_500_35,570,69.14471747821278
poi_500_35,poi_500_35,571,67.01669430097093
poi_500_35,poi_500_35,572,66.81094710914877
poi_500_35,poi_500_35,573,68.68122547500258
poi_500_35,poi_500_35,574,71.96579891198627
poi_500_35,poi_500_35,575,72.30462562181684
poi_500_35,poi_500_35,576,68.78089634856401
poi_500_35,poi_500_35,577,65.79864383282093
poi_500_35,poi_500_35,578,64.21132589779685
poi_500_35,poi_500_35,579,64.26867413454721
poi_500_35,poi_500_35,580,66.21591246522843
poi_500_35,poi_500_35,581,67.54720293676208
poi_500_35,poi_500_35,582,64.85193901804014
poi_500_35,poi_500_35,583,62.341068016263954
poi_500_35,poi_500_35,584,61.69010607602772
poi_500_35,poi_500_35,585,62.88142749637225
poi_500_35,poi_500_35,586,65.66386185618433
poi_500_35,poi_500_35,587,67.26141943273048
poi_500_35,poi_500_35,588,64.44383278703435
poi_500_35,poi_500_35,589,61.76032346097442
poi_500_35,poi_500_35,590,61.15039535066785
poi_500_35,poi_500_35,591,62.55258486782122
poi_500_35,poi_500_35,592,65.52214655980636
poi_500_35,poi_500_35,593,67.17880684095518
poi_500_35,poi_500_35,594,64.30729816052403
poi_500_35,poi_500_35,595,61.86891963201574
poi_500_35,poi_500_35,596,61.15039535066785
poi_500_35,poi_500_35,597,62.75692539140848
poi_500_35,poi_500_35,598,65.64350335687364
poi_500_35,poi_500_35,599,67.27687449188839
poi_500_45,poi_500_45,0,40.0
poi_500_45,poi_500_45,1,40.0
poi_500_45,poi_500_45,2,40.0
poi_500_45,poi_500_45,3,40.0
poi_500_45,poi_500_45,4,40.0
poi_500_45,poi_500_45,5,40.0
poi_500_45,poi_500_45,6,40.0
poi_500_45,poi_500_45,7,40.0
poi_500_45,poi_500_45,8,40.0
poi_500_45,poi_500_45,9,50.99021693163985
poi_500_45,poi_500_45,10,51.59864908313673
poi_500_45,poi_500_45,11,52.26340308359377
poi_500_45,poi_500_45,12,52.993756094050624
poi_500_45,poi_500_45,13,53.80152229682569
poi_500_45,poi_500_45,14,54.702055699513956
poi_500_45,poi_500_45,15,56.15116568778415
poi_500_45,poi_500_45,16,57.24672849557214
poi_500_45,poi_500_45,17,58.52147604121035
poi_500_45,poi_500_45,18,60.03214600357975
poi_500_45,poi_500_45,19,61.86170560834509
poi_500_45,poi_500_45,20,64.12359337727928
poi_500_45,poi_500_45,21,67.00532855849276
poi_500_45,poi_500_45,22,69.71429716726574
poi_500_45,poi_500_45,23,69.98436416228385
poi_500_45,poi_500_45,24,67.55028668232791
poi_500_45,poi_500_45,25,65.18654180990961
poi_500_45,poi_500_45,26,63.869276425477395
poi_500_45,poi_500_45,27,63.946906408373195
poi_500_45,poi_500_45,28,65.20470071958233
poi_500_45,poi_500_45,29,65.95935475409023
poi_500_45,poi_500_45,30,64.83797482854555
poi_500_45,poi_500_45,31,64.2828969211922
poi_500_45,poi_500_45,32,65.19286641311166
poi_500_45,poi_500_45,33,67.42080471725235
poi_500_45,poi_500_45,34,69.88613512676572
poi_500_45,poi_500_45,35,70.11231324826022
poi_500_45,poi_500_45,36,67.73224596297707
poi_500_45,poi_500_45,37,65.30596659819574
poi_500_45,poi_500_45,38,64.00182328367889
poi_500_45,poi_500_45,39,64.20151242828571
poi_500_45,poi_500_45,40,65.40318267887949
poi_500_45,poi_500_45,41,66.13849204860367
poi_500_45,poi_500_45,42,65.09253388753078
poi_500_45,poi_500_45,43,64.61091531081576
poi_500_45,poi_500_45,44,65.4657047235678
poi_500_45,poi_500_45,45,67.63060516073247
poi_500_45,poi_500_45,46,70.0436776112191
poi_500_45,poi_500_45,47,70.3164424457047
poi_500_45,poi_500_45,48,68.22701104601195
poi_500_45,poi_500_45,49,66.5420873773431
poi_500_45,poi_500_45,50,66.4735043145062
poi_500_45,poi_500_45,51,67.97273240173902
poi_500_45,poi_500_45,52,70.15728671255305
poi_500_45,poi_500_45,53,70.37124056238548
poi_500_45,poi_500_45,54,68.25469861114367
poi_500_45,poi_500_45,55,66.61595606668682
poi_500_45,poi_500_45,56,66.4306801693156
poi_500_45,poi_500_45,57,67.87973018331678
poi_500_45,poi_500_45,58,70.05457265331263
poi_500_45,poi_500_45,59,70.2111836446623
poi_500_45,poi_500_45,60,67.82510366826006
poi_500_45,poi_500_45,61,65.35625789881445
poi_500_45,poi_500_45,62,63.925876539315524
poi_500_45,poi_500_45,63,63.823867052434274
poi_500_45,poi_500_45,64,64.95138242582172
poi_500_45,poi_500_45,65,65.55997711889651
poi_500_45,poi_500_45,66,63.90672652010493
poi_500_45,poi_500_45,67,61.94159458840052
poi_500_45,poi_500_45,68,61.396116540997774
poi_500_45,poi_500_45,69,62.54454034297854
poi_500_45,poi_500_45,70,64.3804325151818
poi_500_45,poi_500_45,71,65.26490873525448
poi_500_45,poi_500_45,72,63.67413233366265
poi_500_45,poi_500_45,73,61.83042300749129
poi_500_45,poi_500_45,74,61.53117371978701
poi_500_45,poi_500_45,75,62.85434530802311
poi_500_45,poi_500_45,76,64.74827980070026
poi_500_45,poi_500_45,77,65.74644616363291
poi_500_45,poi_500_45,78,64.71358420068579
poi_500_45,poi_500_45,79,64.28019239565985
poi_500_45,poi_500_45,80,65.24972122192398
poi_500_45,poi_500_45,81,67.45726727489485
poi_500_45,poi_500_45,82,69.9489292862397
poi_500_45,poi_500_45,83,70.22743434071182
poi_500_45,poi_500_45,84,68.07585776411524
poi_500_45,poi_500_45,85,66.41047948995147
poi_500_45,poi_500_45,86,66.25859458901141
poi_500_45,poi_500_45,87,67.84123078552304
poi_500_45,poi_500_45,88,70.04726738659927
poi_500_45,poi_500_45,89,70.21892972912818
poi_500_45,poi_500_45,90,67.86507030554678
poi_500_45,poi_500_45,91,65.61453643287766
poi_500_45,poi_500_45,92,64.28738372671731
poi_500_45,poi_500_45,93,64.42736440183506
poi_500_45,poi_500_45,94,65.54781322381717
poi_500_45,poi_500_45,95,66.24261165658731
poi_500_45,poi_500_45,96,65.20623072121965
poi_500_45,poi_500_45,97,64.5536839793722
poi_500_45,poi_500_45,98,65.4657047235678
poi_500_45,poi_500_45,99,67.63060516073247
poi_500_45,poi_500_45,100,70.0436776112191
poi_500_45,poi_500_45,101,70.3164424457047
poi_500_45,poi_500_45,102,68.22701104601195
poi_500_45,poi_500_45,103,66.5420873773431
poi_500_45,poi_500_45,104,66.4735043145062
poi_500_45,poi_500_45,105,68.03209215198389
poi_500_45,poi_500_45,106,70.19917099206752
poi_500_45,poi_500_45,107,70.41822053898211
poi_500_45,poi_500_45,108,68.34572724377936
poi_500_45,poi_500_45,109,66.77624103401531
poi_500_45,poi_500_45,110,66.63743634349166
poi_500_45,poi_500_45,111,68.06894324165272
poi_500_45,poi_500_45,112,70.20622536254977
poi_500_45,poi_500_45,113,70.41082217376155
poi_500_45,poi_500_45,114,68.30996522806271
poi_500_45,poi_500_45,115,66.579975405407
poi_500_45,poi_500_45,116,66.4306801693156
poi_500_45,poi_500_45,117,67.94036587594972
poi_500_45,poi_500_45,118,70.09745440330373
poi_500_45,poi_500_45,119,70.25991748472109
poi_500_45,poi_500_45,120,67.92548847483894
poi_500_45,poi_500_45,121,65.5691757721172
poi_500_45,poi_500_45,122,64.28738372671731
poi_500_45,poi_500_45,123,64.29000766366308
poi_500_45,poi_500_45,124,65.42443209288064
poi_500_45,poi_500_45,125,66.11864340636392
poi_500_45,poi_500_45,126,65.0165453054541
poi_500_45,poi_500_45,127,64.2828969211922
poi_500_45,poi_500_45,128,65.19286641311166
poi_500_45,poi_500_45,129,67.35240223903934
poi_500_45,poi_500_45,130,69.84110411447381
poi_500_45,poi_500_45,131,70.06188479744951
poi_500_45,poi_500_45,132,67.62723793863645
poi_500_45,poi_500_45,133,65.07939259092107
poi_500_45,poi_500_45,134,63.61461972216514
poi_500_45,poi_500_45,135,63.72523019891375
poi_500_45,poi_500_45,136,64.92768100292436
poi_500_45,poi_500_45,137,65.58254347495895
poi_500_45,poi_500_45,138,64.00459271201001
poi_500_45,poi_500_45,139,62.489670383746585
poi_500_45,poi_500_45,140,62.02351865146465
poi_500_45,poi_500_45,141,62.974583679937965
poi_500_45,poi_500_45,142,64.77297796391396
poi_500_45,poi_500_45,143,65.72471768550538
poi_500_45,poi_500_45,144,64.6306006543155
poi_500_45,poi_500_45,145,63.92512975858537
poi_500_45,poi_500_45,146,64.96250096131527
poi_500_45,poi_500_45,147,67.23870526894773
poi_500_45,poi_500_45,148,69.78784675603195
poi_500_45,poi_500_45,149,70.01897530885203
poi_500_45,poi_500_45,150,67.56249260788232
poi_500_45,poi_500_45,151,65.13013697758358
poi_500_45,poi_500_45,152,63.61461972216514
poi_500_45,poi_500_45,153,63.56331627501716
poi_500_45,poi_500_45,154,64.78504812573804
poi_500_45,poi_500_45,155,65.43788412407756
poi_500_45,poi_500_45,156,63.75266049442193
poi_500_45,poi_500_45,157,62.04546778249393
poi_500_45,poi_500_45,158,61.396116540997774
poi_500_45,poi_500_45,159,62.33078016117432
poi_500_45,poi_500_45,160,64.21828339476923
poi_500_45,poi_500_45,161,65.10907353751664
poi_500_45,poi_500_45,162,63.401644454457184
poi_500_45,poi_500_45,163,61.30886585718456
poi_500_45,poi_500_45,164,60.8219794246487
poi_500_45,poi_500_45,165,61.958634398861896
poi_500_45,poi_500_45,166,64.02065679124678
poi_500_45,poi_500_45,167,64.97341217712543
poi_500_45,poi_500_45,168,63.22819286943237
poi_500_45,poi_500_45,169,61.42880736208801
poi_500_45,poi_500_45,170,60.8219794246487
poi_500_45,poi_500_45,171,62.191016315461425
poi_500_45,poi_500_45,172,64.19020949603427
poi_500_45,poi_500_45,173,65.13410167850861
poi_500_45,poi_500_45,174,63.51142934841378
poi_500_45,poi_500_45,175,61.93695672479504
poi_500_45,poi_500_45,176,61.53117371978701
poi_500_45,poi_500_45,177,62.65564465409348
poi_500_45,poi_500_45,178,64.59952738430367
poi_500_45,poi_500_45,179,65.60723133412763
poi_500_45,poi_500_45,180,64.50054613873876
poi_500_45,poi_500_45,181,63.99120609792466
poi_500_45,poi_500_45,182,64.96250096131527
poi_500_45,poi_500_45,183,67.23870526894773
poi_500_45,poi_500_45,184,69.78784675603195
poi_500_45,poi_500_45,185,70.01897530885203
poi_500_45,poi_500_45,186,67.56249260788232
poi_500_45,poi_500_45,187,65.13013697758358
poi_500_45,poi_500_45,188,63.61461972216514
poi_500_45,poi_500_45,189,63.56331627501716
poi_500_45,poi_500_45,190,64.78504812573804
poi_500_45,poi_500_45,191,65.43788412407756
poi_500_45,poi_500_45,192,63.75266049442193
poi_500_45,poi_500_45,193,62.04546778249393
poi_500_45,poi_500_45,194,61.396116540997774
poi_500_45,poi_500_45,195,62.54454034297854
poi_500_45,poi_500_45,196,64.3804325151818
poi_500_45,poi_500_45,197,65.26490873525448
poi_500_45,poi_500_45,198,63.67413233366265
poi_500_45,poi_500_45,199,61.83042300749129
poi_500_45,poi_500_45,200,61.53117371978701
poi_500_45,poi_500_45,201,62.85434530802311
poi_500_45,poi_500_45,202,64.74827980070026
poi_500_45,poi_500_45,203,65.74644616363291
poi_500_45,poi_500_45,204,64.71358420068579
poi_500_45,poi_500_45,205,64.28019239565985
poi_500_45,poi_500_45,206,65.24972122192398
poi_500_45,poi_500_45,207,67.45726727489485
poi_500_45,poi_500_45,208,69.9489292862397
poi_500_45,poi_500_45,209,70.22743434071182
poi_500_45,poi_500_45,210,68.07585776411524
poi_500_45,poi_500_45,211,66.41047948995147
poi_500_45,poi_500_45,212,66.25859458901141
poi_500_45,poi_500_45,213,67.77918501391846
poi_500_45,poi_500_45,214,70.0038847236876
poi_500_45,poi_500_45,215,70.16973114520232
poi_500_45,poi_500_45,216,67.76326259464344
poi_500_45,poi_500_45,217,65.40388538023579
poi_500_45,poi_500_45,218,63.925876539315524
poi_500_45,poi_500_45,219,63.823867052434274
poi_500_45,poi_500_45,220,64.95138242582172
poi_500_45,poi_500_45,221,65.55997711889651
poi_500_45,poi_500_45,222,63.90672652010493
poi_500_45,poi_500_45,223,61.94159458840052
poi_500_45,poi_500_45,224,61.396116540997774
poi_500_45,poi_500_45,225,62.54454034297854
poi_500_45,poi_500_45,226,64.3804325151818
poi_500_45,poi_500_45,227,65.26490873525448
poi_500_45,poi_500_45,228,63.67413233366265
poi_500_45,poi_500_45,229,61.83042300749129
poi_500_45,poi_500_45,230,61.53117371978701
poi_500_45,poi_500_45,231,62.65564465409348
poi_500_45,poi_500_45,232,64.59952738430367
poi_500_45,poi_500_45,233,65.60723133412763
poi_500_45,poi_500_45,234,64.50054613873876
poi_500_45,poi_500_45,235,63.99120609792466
poi_500_45,poi_500_45,236,64.96250096131527
poi_500_45,poi_500_45,237,67.30890756287104
poi_500_45,poi_500_45,238,69.8334304758377
poi_500_45,poi_500_45,239,70.06990155178816
poi_500_45,poi_500_45,240,67.66905864205299
poi_500_45,poi_500_45,241,65.35414574582539
poi_500_45,poi_500_45,242,64.00182328367889
poi_500_45,poi_500_45,243,64.05669996728435
poi_500_45,poi_500_45,244,65.2755614908832
poi_500_45,poi_500_45,245,66.01147140268003
poi_500_45,poi_500_45,246,64.8977024536633
poi_500_45,poi_500_45,247,64.34378458686982
poi_500_45,poi_500_45,248,65.19286641311166
poi_500_45,poi_500_45,249,67.42080471725235
poi_500_45,poi_500_45,250,69.88613512676572
poi_500_45,poi_500_45,251,70.11231324826022
poi_500_45,poi_500_45,252,67.73224596297707
poi_500_45,poi_500_45,253,65.30596659819574
poi_500_45,poi_500_45,254,64.00182328367889
poi_500_45,poi_500_45,255,64.05669996728435
poi_500_45,poi_500_45,256,65.2755614908832
poi_500_45,poi_500_45,257,66.01147140268003
poi_500_45,poi_500_45,258,64.8977024536633
poi_500_45,poi_500_45,259,64.34378458686982
poi_500_45,poi_500_45,260,65.19286641311166
poi_500_45,poi_500_45,261,67.35240223903934
poi_500_45,poi_500_45,262,69.84110411447381
poi_500_45,poi_500_45,263,70.06188479744951
poi_500_45,poi_500_45,264,67.62723793863645
poi_500_45,poi_500_45,265,65.07939259092107
poi_500_45,poi_500_45,266,63.61461972216514
poi_500_45,poi_500_45,267,63.72523019891375
poi_500_45,poi_500_45,268,64.92768100292436
poi_500_45,poi_500_45,269,65.58254347495895
poi_500_45,poi_500_45,270,64.00459271201001
poi_500_45,poi_500_45,271,62.489670383746585
poi_500_45,poi_500_45,272,62.02351865146465
poi_500_45,poi_500_45,273,62.974583679937965
poi_500_45,poi_500_45,274,64.77297796391396
poi_500_45,poi_500_45,275,65.72471768550538
poi_500_45,poi_500_45,276,64.6306006543155
poi_500_45,poi_500_45,277,63.92512975858537
poi_500_45,poi_500_45,278,64.96250096131527
poi_500_45,poi_500_45,279,67.30890756287104
poi_500_45,poi_500_45,280,69.8334304758377
poi_500_45,poi_500_45,281,70.06990155178816
poi_500_45,poi_500_45,282,67.66905864205299
poi_500_45,poi_500_45,283,65.35414574582539
poi_500_45,poi_500_45,284,64.00182328367889
poi_500_45,poi_500_45,285,64.20151242828571
poi_500_45,poi_500_45,286,65.40318267887949
poi_500_45,poi_500_45,287,66.13849204860367
poi_500_45,poi_500_45,288,65.09253388753078
poi_500_45,poi_500_45,289,64.61091531081576
poi_500_45,poi_500_45,290,65.4657047235678
poi_500_45,poi_500_45,291,67.5654528686079
poi_500_45,poi_500_45,292,70.00025889447696
poi_500_45,poi_500_45,293,70.26834228666259
poi_500_45,poi_500_45,294,68.13343241506459
poi_500_45,poi_500_45,295,66.37274797721818
poi_500_45,poi_500_45,296,66.25859458901141
poi_500_45,poi_500_45,297,67.84123078552304
poi_500_45,poi_500_45,298,70.04726738659927
poi_500_45,poi_500_45,299,70.21892972912818
poi_500_45,poi_500_45,300,67.86507030554678
poi_500_45,poi_500_45,301,65.61453643287766
poi_500_45,poi_500_45,302,64.28738372671731
poi_500_45,poi_500_45,303,64.29000766366308
poi_500_45,poi_500_45,304,65.42443209288064
poi_500_45,poi_500_45,305,66.11864340636392
poi_500_45,poi_500_45,306,65.0165453054541
poi_500_45,poi_500_45,307,64.2828969211922
poi_500_45,poi_500_45,308,65.19286641311166
poi_500_45,poi_500_45,309,67.35240223903934
poi_500_45,poi_500_45,310,69.84110411447381
poi_500_45,poi_500_45,311,70.06188479744951
poi_500_45,poi_500_45,312,67.62723793863645
poi_500_45,poi_500_45,313,65.07939259092107
poi_500_45,poi_500_45,314,63.61461972216514
poi_500_45,poi_500_45,315,63.72523019891375
poi_500_45,poi_500_45,316,64.92768100292436
poi_500_45,poi_500_45,317,65.58254347495895
poi_500_45,poi_500_45,318,64.00459271201001
poi_500_45,poi_500_45,319,62.489670383746585
poi_500_45,poi_500_45,320,62.02351865146465
poi_500_45,poi_500_45,321,63.159510188650216
poi_500_45,poi_500_45,322,64.91600134054563
poi_500_45,poi_500_45,323,65.86027430797753
poi_500_45,poi_500_45,324,64.83750095036248
poi_500_45,poi_500_45,325,64.21840019481101
poi_500_45,poi_500_45,326,65.24972122192398
poi_500_45,poi_500_45,327,67.45726727489485
poi_500_45,poi_500_45,328,69.9489292862397
poi_500_45,poi_500_45,329,70.22743434071182
poi_500_45,poi_500_45,330,68.07585776411524
poi_500_45,poi_500_45,331,66.41047948995147
poi_500_45,poi_500_45,332,66.25859458901141
poi_500_45,poi_500_45,333,67.77918501391846
poi_500_45,poi_500_45,334,70.0038847236876
poi_500_45,poi_500_45,335,70.16973114520232
poi_500_45,poi_500_45,336,67.76326259464344
poi_500_45,poi_500_45,337,65.40388538023579
poi_500_45,poi_500_45,338,63.925876539315524
poi_500_45,poi_500_45,339,63.823867052434274
poi_500_45,poi_500_45,340,64.95138242582172
poi_500_45,poi_500_45,341,65.55997711889651
poi_500_45,poi_500_45,342,63.90672652010493
poi_500_45,poi_500_45,343,61.94159458840052
poi_500_45,poi_500_45,344,61.396116540997774
poi_500_45,poi_500_45,345,62.33078016117432
poi_500_45,poi_500_45,346,64.21828339476923
poi_500_45,poi_500_45,347,65.10907353751664
poi_500_45,poi_500_45,348,63.401644454457184
poi_500_45,poi_500_45,349,61.30886585718456
poi_500_45,poi_500_45,350,60.8219794246487
poi_500_45,poi_500_45,351,61.958634398861896
poi_500_45,poi_500_45,352,64.02065679124678
poi_500_45,poi_500_45,353,64.97341217712543
poi_500_45,poi_500_45,354,63.22819286943237
poi_500_45,poi_500_45,355,61.42880736208801
poi_500_45,poi_500_45,356,60.8219794246487
poi_500_45,poi_500_45,357,62.191016315461425
poi_500_45,poi_500_45,358,64.19020949603427
poi_500_45,poi_500_45,359,65.13410167850861
poi_500_45,poi_500_45,360,63.51142934841378
poi_500_45,poi_500_45,361,61.93695672479504
poi_500_45,poi_500_45,362,61.53117371978701
poi_500_45,poi_500_45,363,62.85434530802311
poi_500_45,poi_500_45,364,64.74827980070026
poi_500_45,poi_500_45,365,65.74644616363291
poi_500_45,poi_500_45,366,64.71358420068579
poi_500_45,poi_500_45,367,64.28019239565985
poi_500_45,poi_500_45,368,65.24972122192398
poi_500_45,poi_500_45,369,67.45726727489485
poi_500_45,poi_500_45,370,69.9489292862397
poi_500_45,poi_500_45,371,70.22743434071182
poi_500_45,poi_500_45,372,68.07585776411524
poi_500_45,poi_500_45,373,66.41047948995147
poi_500_45,poi_500_45,374,66.25859458901141
poi_500_45,poi_500_45,375,67.77918501391846
poi_500_45,poi_500_45,376,70.0038847236876
poi_500_45,poi_500_45,377,70.16973114520232
poi_500_45,poi_500_45,378,67.76326259464344
poi_500_45,poi_500_45,379,65.40388538023579
poi_500_45,poi_500_45,380,63.925876539315524
poi_500_45,poi_500_45,381,63.9765164664486
poi_500_45,poi_500_45,382,65.08873962104116
poi_500_45,poi_500_45,383,65.70069056147331
poi_500_45,poi_500_45,384,64.15011954291363
poi_500_45,poi_500_45,385,62.396005947593466
poi_500_45,poi_500_45,386,62.02351865146465
poi_500_45,poi_500_45,387,63.159510188650216
poi_500_45,poi_500_45,388,64.91600134054563
poi_500_45,poi_500_45,389,65.86027430797753
poi_500_45,poi_500_45,390,64.83750095036248
poi_500_45,poi_500_45,391,64.21840019481101
poi_500_45,poi_500_45,392,65.24972122192398
poi_500_45,poi_500_45,393,67.52405036529991
poi_500_45,poi_500_45,394,69.9928616145798
poi_500_45,poi_500_45,395,70.2759871799079
poi_500_45,poi_500_45,396,68.17067169752116
poi_500_45,poi_500_45,397,66.5783819948647
poi_500_45,poi_500_45,398,66.4735043145062
poi_500_45,poi_500_45,399,68.03209215198389
poi_500_45,poi_500_45,400,70.19917099206752
poi_500_45,poi_500_45,401,70.41822053898211
poi_500_45,poi_500_45,402,68.34572724377936
poi_500_45,poi_500_45,403,66.77624103401531
poi_500_45,poi_500_45,404,66.63743634349166
poi_500_45,poi_500_45,405,68.06894324165272
poi_500_45,poi_500_45,406,70.20622536254977
poi_500_45,poi_500_45,407,70.41082217376155
poi_500_45,poi_500_45,408,68.30996522806271
poi_500_45,poi_500_45,409,66.579975405407
poi_500_45,poi_500_45,410,66.4306801693156
poi_500_45,poi_500_45,411,67.94036587594972
poi_500_45,poi_500_45,412,70.09745440330373
poi_500_45,poi_500_45,413,70.25991748472109
poi_500_45,poi_500_45,414,67.92548847483894
poi_500_45,poi_500_45,415,65.5691757721172
poi_500_45,poi_500_45,416,64.28738372671731
poi_500_45,poi_500_45,417,64.42736440183506
poi_500_45,poi_500_45,418,65.54781322381717
poi_500_45,poi_500_45,419,66.24261165658731
poi_500_45,poi_500_45,420,65.20623072121965
poi_500_45,poi_500_45,421,64.5536839793722
poi_500_45,poi_500_45,422,65.4657047235678
poi_500_45,poi_500_45,423,67.63060516073247
poi_500_45,poi_500_45,424,70.0436776112191
poi_500_45,poi_500_45,425,70.3164424457047
poi_500_45,poi_500_45,426,68.22701104601195
poi_500_45,poi_500_45,427,66.5420873773431
poi_500_45,poi_500_45,428,66.4735043145062
poi_500_45,poi_500_45,429,68.03209215198389
poi_500_45,poi_500_45,430,70.19917099206752
poi_500_45,poi_500_45,431,70.41822053898211
poi_500_45,poi_500_45,432,68.34572724377936
poi_500_45,poi_500_45,433,66.77624103401531
poi_500_45,poi_500_45,434,66.63743634349166
poi_500_45,poi_500_45,435,68.06894324165272
poi_500_45,poi_500_45,436,70.20622536254977
poi_500_45,poi_500_45,437,70.41082217376155
poi_500_45,poi_500_45,438,68.30996522806271
poi_500_45,poi_500_45,439,66.579975405407
poi_500_45,poi_500_45,440,66.4306801693156
poi_500_45,poi_500_45,441,67.94036587594972
poi_500_45,poi_500_45,442,70.09745440330373
poi_500_45,poi_500_45,443,70.25991748472109
poi_500_45,poi_500_45,444,67.92548847483894
poi_500_45,poi_500_45,445,65.5691757721172
poi_500_45,poi_500_45,446,64.28738372671731
poi_500_45,poi_500_45,447,64.42736440183506
poi_500_45,poi_500_45,448,65.54781322381717
poi_500_45,poi_500_45,449,66.24261165658731
poi_500_45,poi_500_45,450,65.20623072121965
poi_500_45,poi_500_45,451,64.5536839793722
poi_500_45,poi_500_45,452,65.4657047235678
poi_500_45,poi_500_45,453,67.63060516073247
poi_500_45,poi_500_45,454,70.0436776112191
poi_500_45,poi_500_45,455,70.3164424457047
poi_500_45,poi_500_45,456,68.22701104601195
poi_500_45,poi_500_45,457,66.5420873773431
poi_500_45,poi_500_45,458,66.4735043145062
poi_500_45,poi_500_45,459,67.97273240173902
poi_500_45,poi_500_45,460,70.15728671255305
poi_500_45,poi_500_45,461,70.37124056238548
poi_500_45,poi_500_45,462,68.25469861114367
poi_500_45,poi_500_45,463,66.61595606668682
poi_500_45,poi_500_45,464,66.4306801693156
poi_500_45,poi_500_45,465,67.94036587594972
poi_500_45,poi_500_45,466,70.09745440330373
poi_500_45,poi_500_45,467,70.25991748472109
poi_500_45,poi_500_45,468,67.92548847483894
poi_500_45,poi_500_45,469,65.5691757721172
poi_500_45,poi_500_45,470,64.28738372671731
poi_500_45,poi_500_45,471,64.29000766366308
poi_500_45,poi_500_45,472,65.42443209288064
poi_500_45,poi_500_45,473,66.11864340636392
poi_500_45,poi_500_45,474,65.0165453054541
poi_500_45,poi_500_45,475,64.2828969211922
poi_500_45,poi_500_45,476,65.19286641311166
poi_500_45,poi_500_45,477,67.42080471725235
poi_500_45,poi_500_45,478,69.88613512676572
poi_500_45,poi_500_45,479,70.11231324826022
poi_500_45,poi_500_45,480,67.73224596297707
poi_500_45,poi_500_45,481,65.30596659819574
poi_500_45,poi_500_45,482,64.00182328367889
poi_500_45,poi_500_45,483,64.05669996728435
poi_500_45,poi_500_45,484,65.2755614908832
poi_500_45,poi_500_45,485,66.01147140268003
poi_500_45,poi_500_45,486,64.8977024536633
poi_500_45,poi_500_45,487,64.34378458686982
poi_500_45,poi_500_45,488,65.19286641311166
poi_500_45,poi_500_45,489,67.35240223903934
poi_500_45,poi_500_45,490,69.84110411447381
poi_500_45,poi_500_45,491,70.06188479744951
poi_500_45,poi_500_45,492,67.62723793863645
poi_500_45,poi_500_45,493,65.07939259092107
poi_500_45,poi_500_45,494,63.61461972216514
poi_500_45,poi_500_45,495,63.72523019891375
poi_500_45,poi_500_45,496,64.92768100292436
poi_500_45,poi_500_45,497,65.58254347495895
poi_500_45,poi_500_45,498,64.00459271201001
poi_500_45,poi_500_45,499,62.489670383746585
poi_500_45,poi_500_45,500,62.02351865146465
poi_500_45,poi_500_45,501,63.159510188650216
poi_500_45,poi_500_45,502,64.91600134054563
poi_500_45,poi_500_45,503,65.86027430797753
poi_500_45,poi_500_45,504,64.83750095036248
poi_500_45,poi_500_45,505,64.21840019481101
poi_500_45,poi_500_45,506,65.24972122192398
poi_500_45,poi_500_45,507,67.45726727489485
poi_500_45,poi_500_45,508,69.9489292862397
poi_500_45,poi_500_45,509,70.22743434071182
poi_500_45,poi_500_45,510,68.07585776411524
poi_500_45,poi_500_45,511,66.41047948995147
poi_500_45,poi_500_45,512,66.25859458901141
poi_500_45,poi_500_45,513,67.77918501391846
poi_500_45,poi_500_45,514,70.0038847236876
poi_500_45,poi_500_45,515,70.16973114520232
poi_500_45,poi_500_45,516,67.76326259464344
poi_500_45,poi_500_45,517,65.40388538023579
poi_500_45,poi_500_45,518,63.925876539315524
poi_500_45,poi_500_45,519,63.823867052434274
poi_500_45,poi_500_45,520,64.95138242582172
poi_500_45,poi_500_45,521,65.55997711889651
poi_500_45,poi_500_45,522,63.90672652010493
poi_500_45,poi_500_45,523,61.94159458840052
poi_500_45,poi_500_45,524,61.396116540997774
poi_500_45,poi_500_45,525,62.54454034297854
poi_500_45,poi_500_45,526,64.3804325151818
poi_500_45,poi_500_45,527,65.26490873525448
poi_500_45,poi_500_45,528,63.67413233366265
poi_500_45,poi_500_45,529,61.83042300749129
poi_500_45,poi_500_45,530,61.53117371978701
poi_500_45,poi_500_45,531,62.85434530802311
poi_500_45,poi_500_45,532,64.74827980070026
poi_500_45,poi_500_45,533,65.74644616363291
poi_500_45,poi_500_45,534,64.71358420068579
poi_500_45,poi_500_45,535,64.28019239565985
poi_500_45,poi_500_45,536,65.24972122192398
poi_500_45,poi_500_45,537,67.52405036529991
poi_500_45,poi_500_45,538,69.9928616145798
poi_500_45,poi_500_45,539,70.2759871799079
poi_500_45,poi_500_45,540,68.17067169752116
poi_500_45,poi_500_45,541,66.5783819948647
poi_500_45,poi_500_45,542,66.4735043145062
poi_500_45,poi_500_45,543,67.97273240173902
poi_500_45,poi_500_45,544,70.15728671255305
poi_500_45,poi_500_45,545,70.37124056238548
poi_500_45,poi_500_45,546,68.25469861114367
poi_500_45,poi_500_45,547,66.61595606668682
poi_500_45,poi_500_45,548,66.4306801693156
poi_500_45,poi_500_45,549,67.94036587594972
poi_500_45,poi_500_45,550,70.09745440330373
poi_500_45,poi_500_45,551,70.25991748472109
poi_500_45,poi_500_45,552,67.92548847483894
poi_500_45,poi_500_45,553,65.5691757721172
poi_500_45,poi_500_45,554,64.28738372671731
poi_500_45,poi_500_45,555,64.42736440183506
poi_500_45,poi_500_45,556,65.54781322381717
poi_500_45,poi_500_45,557,66.24261165658731
poi_500_45,poi_500_45,558,65.20623072121965
poi_500_45,poi_500_45,559,64.5536839793722
poi_500_45,poi_500_45,560,65.4657047235678
poi_500_45,poi_500_45,561,67.63060516073247
poi_500_45,poi_500_45,562,70.0436776112191
poi_500_45,poi_500_45,563,70.3164424457047
poi_500_45,poi_500_45,564,68.22701104601195
poi_500_45,poi_500_45,565,66.5420873773431
poi_500_45,poi_500_45,566,66.4735043145062
poi_500_45,poi_500_45,567,67.97273240173902
poi_500_45,poi_500_45,568,70.15728671255305
poi_500_45,poi_500_45,569,70.37124056238548
poi_500_45,poi_500_45,570,68.25469861114367
poi_500_45,poi_500_45,571,66.61595606668682
poi_500_45,poi_500_45,572,66.4306801693156
poi_500_45,poi_500_45,573,67.87973018331678
poi_500_45,poi_500_45,574,70.05457265331263
poi_500_45,poi_500_45,575,70.2111836446623
poi_500_45,poi_500_45,576,67.82510366826006
poi_500_45,poi_500_45,577,65.35625789881445
poi_500_45,poi_500_45,578,63.925876539315524
poi_500_45,poi_500_45,579,63.823867052434274
poi_500_45,poi_500_45,580,64.95138242582172
poi_500_45,poi_500_45,581,65.55997711889651
poi_500_45,poi_500_45,582,63.90672652010493
poi_500_45,poi_500_45,583,61.94159458840052
poi_500_45,poi_500_45,584,61.396116540997774
poi_500_45,poi_500_45,585,62.33078016117432
poi_500_45,poi_500_45,586,64.21828339476923
poi_500_45,poi_500_45,587,65.10907353751664
poi_500_45,poi_500_45,588,63.401644454457184
poi_500_45,poi_500_45,589,61.30886585718456
poi_500_45,poi_500_45,590,60.8219794246487
poi_500_45,poi_500_45,591,61.958634398861896
poi_500_45,poi_500_45,592,64.02065679124678
poi_500_45,poi_500_45,593,64.97341217712543
poi_500_45,poi_500_45,594,63.22819286943237
poi_500_45,poi_500_45,595,61.42880736208801
poi_500_45,poi_500_45,596,60.8219794246487
poi_500_45,poi_500_45,597,62.191016315461425
poi_500_45,poi_500_45,598,64.19020949603427
poi_500_45,poi_500_45,599,65.13410167850861
poi_500_55,poi_500_55,0,40.0
poi_500_55,poi_500_55,1,40.0
poi_500_55,poi_500_55,2,40.0
poi_500_55,poi_500_55,3,40.0
poi_500_55,poi_500_55,4,40.0
poi_500_55,poi_500_55,5,40.0
poi_500_55,poi_500_55,6,40.0
poi_500_55,poi_500_55,7,40.0
poi_500_55,poi_500_55,8,40.0
poi_500_55,poi_500_55,9,50.96537913988527
poi_500_55,poi_500_55,10,51.56944110283251
poi_500_55,poi_500_55,11,52.22866424747589
poi_500_55,poi_500_55,12,52.95188272339282
poi_500_55,poi_500_55,13,53.75023657991104
poi_500_55,poi_500_55,14,54.63801540226172
poi_500_55,poi_500_55,15,56.07527373633964
poi_500_55,poi_500_55,16,57.14591849788341
poi_500_55,poi_500_55,17,58.382293051471265
poi_500_55,poi_500_55,18,59.83006589889663
poi_500_55,poi_500_55,19,61.54820625558273
poi_500_55,poi_500_55,20,63.59422429908876
poi_500_55,poi_500_55,21,66.05843198305205
poi_500_55,poi_500_55,22,68.04391534815092
poi_500_55,poi_500_55,23,68.2431314357223
poi_500_55,poi_500_55,24,66.55181247772127
poi_500_55,poi_500_55,25,64.67269413685604
poi_500_55,poi_500_55,26,63.5289796699184
poi_500_55,poi_500_55,27,63.49358968365003
poi_500_55,poi_500_55,28,64.24108449640075
poi_500_55,poi_500_55,29,64.67828932338855
poi_500_55,poi_500_55,30,64.11443921506368
poi_500_55,poi_500_55,31,63.88862126582041
poi_500_55,poi_500_55,32,64.72145911386426
poi_500_55,poi_500_55,33,66.5518725854245
poi_500_55,poi_500_55,34,68.28829926316726
poi_500_55,poi_500_55,35,68.42974180833717
poi_500_55,poi_500_55,36,66.77687333652365
poi_500_55,poi_500_55,37,64.80494060704714
poi_500_55,poi_500_55,38,63.67053344795578
poi_500_55,poi_500_55,39,63.7732740102543
poi_500_55,poi_500_55,40,64.48574295798727
poi_500_55,poi_500_55,41,64.91539629449478
poi_500_55,poi_500_55,42,64.41097234231174
poi_500_55,poi_500_55,43,64.24279318623809
poi_500_55,poi_500_55,44,65.01999546384691
poi_500_55,poi_500_55,45,66.80195472098183
poi_500_55,poi_500_55,46,68.50847176385011
poi_500_55,poi_500_55,47,68.71720447446872
poi_500_55,poi_500_55,48,67.35695771969603
poi_500_55,poi_500_55,49,66.08161927124476
poi_500_55,poi_500_55,50,66.04069206059295
poi_500_55,poi_500_55,51,67.18612716070227
poi_500_55,poi_500_55,52,68.6605908019743
poi_500_55,poi_500_55,53,68.79204352759572
poi_500_55,poi_500_55,54,67.38820455146704
poi_500_55,poi_500_55,55,66.16236612494588
poi_500_55,poi_500_55,56,65.9946673029598
poi_500_55,poi_500_55,57,67.07775860239002
poi_500_55,poi_500_55,58,68.51991589979009
poi_500_55,poi_500_55,59,68.56983704687102
poi_500_55,poi_500_55,60,66.88893404302696
poi_500_55,poi_500_55,61,64.8598026903731
poi_500_55,poi_500_55,62,63.59079106969538
poi_500_55,poi_500_55,63,63.363491570231986
poi_500_55,poi_500_55,64,63.9362005120355
poi_500_55,poi_500_55,65,64.15999056350321
poi_500_55,poi_500_55,66,63.06586445827858
poi_500_55,poi_500_55,67,61.50780230850625
poi_500_55,poi_500_55,68,61.057337373034805
poi_500_55,poi_500_55,69,62.007246145496744
poi_500_55,poi_500_55,70,63.234372217897985
poi_500_55,poi_500_55,71,63.76171496695405
poi_500_55,poi_500_55,72,62.79052819779403
poi_500_55,poi_500_55,73,61.38821146253396
poi_500_55,poi_500_55,74,61.19921521343692
poi_500_55,poi_500_55,75,62.3463394838278
poi_500_55,poi_500_55,76,63.6922291251743
poi_500_55,poi_500_55,77,64.40192566454017
poi_500_55,poi_500_55,78,63.97329585185056
poi_500_55,poi_500_55,79,63.88730523931336
poi_500_55,poi_500_55,80,64.78305224790584
poi_500_55,poi_500_55,81,66.59315388992107
poi_500_55,poi_500_55,82,68.37400923695013
poi_500_55,poi_500_55,83,68.5890221364619
poi_500_55,poi_500_55,84,67.17320600500268
poi_500_55,poi_500_55,85,65.93724201573947
poi_500_55,poi_500_55,86,65.80640520355163
poi_500_55,poi_500_55,87,67.03217153954023
poi_500_55,poi_500_55,88,68.50967445621032
poi_500_55,poi_500_55,89,68.58095811433111
poi_500_55,poi_500_55,90,66.93765197072993
poi_500_55,poi_500_55,91,65.14528080939253
poi_500_55,poi_500_55,92,63.97428674402054
poi_500_55,poi_500_55,93,64.01941753525396
poi_500_55,poi_500_55,94,64.66221962795026
poi_500_55,poi_500_55,95,65.05187394605925
poi_500_55,poi_500_55,96,64.54288209161156
poi_500_55,poi_500_55,97,64.18072499505155
poi_500_55,poi_500_55,98,65.01999546384691
poi_500_55,poi_500_55,99,66.80195472098183
poi_500_55,poi_500_55,100,68.50847176385011
poi_500_55,poi_500_55,101,68.71720447446872
poi_500_55,poi_500_55,102,67.35695771969603
poi_500_55,poi_500_55,103,66.08161927124476
poi_500_55,poi_500_55,104,66.04069206059295
poi_500_55,poi_500_55,105,67.25673562273315
poi_500_55,poi_500_55,106,68.71916482703656
poi_500_55,poi_500_55,107,68.85889195474176
poi_500_55,poi_500_55,108,67.49795626370711
poi_500_55,poi_500_55,109,66.33777426145487
poi_500_55,poi_500_55,110,66.21926759119681
poi_500_55,poi_500_55,111,67.30003679886752
poi_500_55,poi_500_55,112,68.72892452182664
poi_500_55,poi_500_55,113,68.84846113132733
poi_500_55,poi_500_55,114,67.45516426209423
poi_500_55,poi_500_55,115,66.12257372042221
poi_500_55,poi_500_55,116,65.9946673029598
poi_500_55,poi_500_55,117,67.15013632306231
poi_500_55,poi_500_55,118,68.58040492559716
poi_500_55,poi_500_55,119,68.64016651470924
poi_500_55,poi_500_55,120,67.01186923903143
poi_500_55,poi_500_55,121,65.09492658720416
poi_500_55,poi_500_55,122,63.97428674402054
poi_500_55,poi_500_55,123,63.86925928420933
poi_500_55,poi_500_55,124,64.51156406184923
poi_500_55,poi_500_55,125,64.88948784034831
poi_500_55,poi_500_55,126,64.3234147777091
poi_500_55,poi_500_55,127,63.88862126582041
poi_500_55,poi_500_55,128,64.72145911386426
poi_500_55,poi_500_55,129,66.46870208699886
poi_500_55,poi_500_55,130,68.22357030099745
poi_500_55,poi_500_55,131,68.35589097795301
poi_500_55,poi_500_55,132,66.64699967989385
poi_500_55,poi_500_55,133,64.55310141059275
poi_500_55,poi_500_55,134,63.25789401328688
poi_500_55,poi_500_55,135,63.255502646297785
poi_500_55,poi_500_55,136,63.9067091740434
poi_500_55,poi_500_55,137,64.19062111862375
poi_500_55,poi_500_55,138,63.18243594276567
poi_500_55,poi_500_55,139,62.10346636453157
poi_500_55,poi_500_55,140,61.7222321427213
poi_500_55,poi_500_55,141,62.47909467012525
poi_500_55,poi_500_55,142,63.7232081690525
poi_500_55,poi_500_55,143,64.37275465094186
poi_500_55,poi_500_55,144,63.87635003527859
poi_500_55,poi_500_55,145,63.501542721683464
poi_500_55,poi_500_55,146,64.46715235210328
poi_500_55,poi_500_55,147,66.33037445767184
poi_500_55,poi_500_55,148,68.14672900539557
poi_500_55,poi_500_55,149,68.29264802567303
poi_500_55,poi_500_55,150,66.56621681993198
poi_500_55,poi_500_55,151,64.61010279019895
poi_500_55,poi_500_55,152,63.25789401328688
poi_500_55,poi_500_55,153,63.07586163146724
poi_500_55,poi_500_55,154,63.72682693168417
poi_500_55,poi_500_55,155,63.99179027428542
poi_500_55,poi_500_55,156,62.87935890381324
poi_500_55,poi_500_55,157,61.62197112973204
poi_500_55,poi_500_55,158,61.057337373034805
poi_500_55,poi_500_55,159,61.76609928467848
poi_500_55,poi_500_55,160,63.02362906732505
poi_500_55,poi_500_55,161,63.54171411332389
poi_500_55,poi_500_55,162,62.45770549159658
poi_500_55,poi_500_55,163,60.81458270383793
poi_500_55,poi_500_55,164,60.441379913452444
poi_500_55,poi_500_55,165,61.344213665489434
poi_500_55,poi_500_55,166,62.763805331587015
poi_500_55,poi_500_55,167,63.34719551094373
poi_500_55,poi_500_55,168,62.24246024240422
poi_500_55,poi_500_55,169,60.94820901430904
poi_500_55,poi_500_55,170,60.441379913452444
poi_500_55,poi_500_55,171,61.60922554087079
poi_500_55,poi_500_55,172,62.98721263149954
poi_500_55,poi_500_55,173,63.577012011849746
poi_500_55,poi_500_55,174,62.59153175122604
poi_500_55,poi_500_55,175,61.505525143054875
poi_500_55,poi_500_55,176,61.19921521343692
poi_500_55,poi_500_55,177,62.123777332220904
poi_500_55,poi_500_55,178,63.50303903052236
poi_500_55,poi_500_55,179,64.2127460512951
poi_500_55,poi_500_55,180,63.722166616782076
poi_500_55,poi_500_55,181,63.57403053357629
poi_500_55,poi_500_55,182,64.46715235210328
poi_500_55,poi_500_55,183,66.33037445767184
poi_500_55,poi_500_55,184,68.14672900539557
poi_500_55,poi_500_55,185,68.29264802567303
poi_500_55,poi_500_55,186,66.56621681993198
poi_500_55,poi_500_55,187,64.61010279019895
poi_500_55,poi_500_55,188,63.25789401328688
poi_500_55,poi_500_55,189,63.07586163146724
poi_500_55,poi_500_55,190,63.72682693168417
poi_500_55,poi_500_55,191,63.99179027428542
poi_500_55,poi_500_55,192,62.87935890381324
poi_500_55,poi_500_55,193,61.62197112973204
poi_500_55,poi_500_55,194,61.057337373034805
poi_500_55,poi_500_55,195,62.007246145496744
poi_500_55,poi_500_55,196,63.234372217897985
poi_500_55,poi_500_55,197,63.76171496695405
poi_500_55,poi_500_55,198,62.79052819779403
poi_500_55,poi_500_55,199,61.38821146253396
poi_500_55,poi_500_55,200,61.19921521343692
poi_500_55,poi_500_55,201,62.3463394838278
poi_500_55,poi_500_55,202,63.6922291251743
poi_500_55,poi_500_55,203,64.40192566454017
poi_500_55,poi_500_55,204,63.97329585185056
poi_500_55,poi_500_55,205,63.88730523931336
poi_500_55,poi_500_55,206,64.78305224790584
poi_500_55,poi_500_55,207,66.59315388992107
poi_500_55,poi_500_55,208,68.37400923695013
poi_500_55,poi_500_55,209,68.5890221364619
poi_500_55,poi_500_55,210,67.17320600500268
poi_500_55,poi_500_55,211,65.93724201573947
poi_500_55,poi_500_55,212,65.80640520355163
poi_500_55,poi_500_55,213,66.95778375911951
poi_500_55,poi_500_55,214,68.44818515839286
poi_500_55,poi_500_55,215,68.50965529428834
poi_500_55,poi_500_55,216,66.81256705529984
poi_500_55,poi_500_55,217,64.91294112960462
poi_500_55,poi_500_55,218,63.59079106969538
poi_500_55,poi_500_55,219,63.363491570231986
poi_500_55,poi_500_55,220,63.9362005120355
poi_500_55,poi_500_55,221,64.15999056350321
poi_500_55,poi_500_55,222,63.06586445827858
poi_500_55,poi_500_55,223,61.50780230850625
poi_500_55,poi_500_55,224,61.057337373034805
poi_500_55,poi_500_55,225,62.007246145496744
poi_500_55,poi_500_55,226,63.234372217897985
poi_500_55,poi_500_55,227,63.76171496695405
poi_500_55,poi_500_55,228,62.79052819779403
poi_500_55,poi_500_55,229,61.38821146253396
poi_500_55,poi_500_55,230,61.19921521343692
poi_500_55,poi_500_55,231,62.123777332220904
poi_500_55,poi_500_55,232,63.50303903052236
poi_500_55,poi_500_55,233,64.2127460512951
poi_500_55,poi_500_55,234,63.722166616782076
poi_500_55,poi_500_55,235,63.57403053357629
poi_500_55,poi_500_55,236,64.46715235210328
poi_500_55,poi_500_55,237,66.41621024018617
poi_500_55,poi_500_55,238,68.21260471287935
poi_500_55,poi_500_55,239,68.36757286570163
poi_500_55,poi_500_55,240,66.69849209383618
poi_500_55,poi_500_55,241,64.85875040554716
poi_500_55,poi_500_55,242,63.67053344795578
poi_500_55,poi_500_55,243,63.6141972143022
poi_500_55,poi_500_55,244,64.32872508645819
poi_500_55,poi_500_55,245,64.74772480296315
poi_500_55,poi_500_55,246,64.1845573208845
poi_500_55,poi_500_55,247,63.954974892096104
poi_500_55,poi_500_55,248,64.72145911386426
poi_500_55,poi_500_55,249,66.5518725854245
poi_500_55,poi_500_55,250,68.28829926316726
poi_500_55,poi_500_55,251,68.42974180833717
poi_500_55,poi_500_55,252,66.77687333652365
poi_500_55,poi_500_55,253,64.80494060704714
poi_500_55,poi_500_55,254,63.67053344795578
poi_500_55,poi_500_55,255,63.6141972143022
poi_500_55,poi_500_55,256,64.32872508645819
poi_500_55,poi_500_55,257,64.74772480296315
poi_500_55,poi_500_55,258,64.1845573208845
poi_500_55,poi_500_55,259,63.954974892096104
poi_500_55,poi_500_55,260,64.72145911386426
poi_500_55,poi_500_55,261,66.46870208699886
poi_500_55,poi_500_55,262,68.22357030099745
poi_500_55,poi_500_55,263,68.35589097795301
poi_500_55,poi_500_55,264,66.64699967989385
poi_500_55,poi_500_55,265,64.55310141059275
poi_500_55,poi_500_55,266,63.25789401328688
poi_500_55,poi_500_55,267,63.255502646297785
poi_500_55,poi_500_55,268,63.9067091740434
poi_500_55,poi_500_55,269,64.19062111862375
poi_500_55,poi_500_55,270,63.18243594276567
poi_500_55,poi_500_55,271,62.10346636453157
poi_500_55,poi_500_55,272,61.7222321427213
poi_500_55,poi_500_55,273,62.47909467012525
poi_500_55,poi_500_55,274,63.7232081690525
poi_500_55,poi_500_55,275,64.37275465094186
poi_500_55,poi_500_55,276,63.87635003527859
poi_500_55,poi_500_55,277,63.501542721683464
poi_500_55,poi_500_55,278,64.46715235210328
poi_500_55,poi_500_55,279,66.41621024018617
poi_500_55,poi_500_55,280,68.21260471287935
poi_500_55,poi_500_55,281,68.36757286570163
poi_500_55,poi_500_55,282,66.69849209383618
poi_500_55,poi_500_55,283,64.85875040554716
poi_500_55,poi_500_55,284,63.67053344795578
poi_500_55,poi_500_55,285,63.7732740102543
poi_500_55,poi_500_55,286,64.48574295798727
poi_500_55,poi_500_55,287,64.91539629449478
poi_500_55,poi_500_55,288,64.41097234231174
poi_500_55,poi_500_55,289,64.24279318623809
poi_500_55,poi_500_55,290,65.01999546384691
poi_500_55,poi_500_55,291,66.7234805014777
poi_500_55,poi_500_55,292,68.44696531426595
poi_500_55,poi_500_55,293,68.6481214440656
poi_500_55,poi_500_55,294,67.24353662297207
poi_500_55,poi_500_55,295,65.89532225503228
poi_500_55,poi_500_55,296,65.80640520355163
poi_500_55,poi_500_55,297,67.03217153954023
poi_500_55,poi_500_55,298,68.50967445621032
poi_500_55,poi_500_55,299,68.58095811433111
poi_500_55,poi_500_55,300,66.93765197072993
poi_500_55,poi_500_55,301,65.14528080939253
poi_500_55,poi_500_55,302,63.97428674402054
poi_500_55,poi_500_55,303,63.86925928420933
poi_500_55,poi_500_55,304,64.51156406184923
poi_500_55,poi_500_55,305,64.88948784034831
poi_500_55,poi_500_55,306,64.3234147777091
poi_500_55,poi_500_55,307,63.88862126582041
poi_500_55,poi_500_55,308,64.72145911386426
poi_500_55,poi_500_55,309,66.46870208699886
poi_500_55,poi_500_55,310,68.22357030099745
poi_500_55,poi_500_55,311,68.35589097795301
poi_500_55,poi_500_55,312,66.64699967989385
poi_500_55,poi_500_55,313,64.55310141059275
poi_500_55,poi_500_55,314,63.25789401328688
poi_500_55,poi_500_55,315,63.255502646297785
poi_500_55,poi_500_55,316,63.9067091740434
poi_500_55,poi_500_55,317,64.19062111862375
poi_500_55,poi_500_55,318,63.18243594276567
poi_500_55,poi_500_55,319,62.10346636453157
poi_500_55,poi_500_55,320,61.7222321427213
poi_500_55,poi_500_55,321,62.684579819432614
poi_500_55,poi_500_55,322,63.90323729545425
poi_500_55,poi_500_55,323,64.55523282835551
poi_500_55,poi_500_55,324,64.1189601608977
poi_500_55,poi_500_55,325,63.81990149870716
poi_500_55,poi_500_55,326,64.78305224790584
poi_500_55,poi_500_55,327,66.59315388992107
poi_500_55,poi_500_55,328,68.37400923695013
poi_500_55,poi_500_55,329,68.5890221364619
poi_500_55,poi_500_55,330,67.17320600500268
poi_500_55,poi_500_55,331,65.93724201573947
poi_500_55,poi_500_55,332,65.80640520355163
poi_500_55,poi_500_55,333,66.95778375911951
poi_500_55,poi_500_55,334,68.44818515839286
poi_500_55,poi_500_55,335,68.50965529428834
poi_500_55,poi_500_55,336,66.81256705529984
poi_500_55,poi_500_55,337,64.91294112960462
poi_500_55,poi_500_55,338,63.59079106969538
poi_500_55,poi_500_55,339,63.363491570231986
poi_500_55,poi_500_55,340,63.9362005120355
poi_500_55,poi_500_55,341,64.15999056350321
poi_500_55,poi_500_55,342,63.06586445827858
poi_500_55,poi_500_55,343,61.50780230850625
poi_500_55,poi_500_55,344,61.057337373034805
poi_500_55,poi_500_55,345,61.76609928467848
poi_500_55,poi_500_55,346,63.02362906732505
poi_500_55,poi_500_55,347,63.54171411332389
poi_500_55,poi_500_55,348,62.45770549159658
poi_500_55,poi_500_55,349,60.81458270383793
poi_500_55,poi_500_55,350,60.441379913452444
poi_500_55,poi_500_55,351,61.344213665489434
poi_500_55,poi_500_55,352,62.763805331587015
poi_500_55,poi_500_55,353,63.34719551094373
poi_500_55,poi_500_55,354,62.24246024240422
poi_500_55,poi_500_55,355,60.94820901430904
poi_500_55,poi_500_55,356,60.441379913452444
poi_500_55,poi_500_55,357,61.60922554087079
poi_500_55,poi_500_55,358,62.98721263149954
poi_500_55,poi_500_55,359,63.577012011849746
poi_500_55,poi_500_55,360,62.59153175122604
poi_500_55,poi_500_55,361,61.505525143054875
poi_500_55,poi_500_55,362,61.19921521343692
poi_500_55,poi_500_55,363,62.3463394838278
poi_500_55,poi_500_55,364,63.6922291251743
poi_500_55,poi_500_55,365,64.40192566454017
poi_500_55,poi_500_55,366,63.97329585185056
poi_500_55,poi_500_55,367,63.88730523931336
poi_500_55,poi_500_55,368,64.78305224790584
poi_500_55,poi_500_55,369,66.59315388992107
poi_500_55,poi_500_55,370,68.37400923695013
poi_500_55,poi_500_55,371,68.5890221364619
poi_500_55,poi_500_55,372,67.17320600500268
poi_500_55,poi_500_55,373,65.93724201573947
poi_500_55,poi_500_55,374,65.80640520355163
poi_500_55,poi_500_55,375,66.95778375911951
poi_500_55,poi_500_55,376,68.44818515839286
poi_500_55,poi_500_55,377,68.50965529428834
poi_500_55,poi_500_55,378,66.81256705529984
poi_500_55,poi_500_55,379,64.91294112960462
poi_500_55,poi_500_55,380,63.59079106969538
poi_500_55,poi_500_55,381,63.53184069783073
poi_500_55,poi_500_55,382,64.10778135756902
poi_500_55,poi_500_55,383,64.35143200887318
poi_500_55,poi_500_55,384,63.35661842856652
poi_500_55,poi_500_55,385,62.00142074937319
poi_500_55,poi_500_55,386,61.7222321427213
poi_500_55,poi_500_55,387,62.684579819432614
poi_500_55,poi_500_55,388,63.90323729545425
poi_500_55,poi_500_55,389,64.55523282835551
poi_500_55,poi_500_55,390,64.1189601608977
poi_500_55,poi_500_55,391,63.81990149870716
poi_500_55,poi_500_55,392,64.78305224790584
poi_500_55,poi_500_55,393,66.67399660289038
poi_500_55,poi_500_55,394,68.43655017895655
poi_500_55,poi_500_55,395,68.659044092633
poi_500_55,poi_500_55,396,67.28845446611385
poi_500_55,poi_500_55,397,66.1217869592311
poi_500_55,poi_500_55,398,66.04069206059295
poi_500_55,poi_500_55,399,67.25673562273315
poi_500_55,poi_500_55,400,68.71916482703656
poi_500_55,poi_500_55,401,68.85889195474176
poi_500_55,poi_500_55,402,67.49795626370711
poi_500_55,poi_500_55,403,66.33777426145487
poi_500_55,poi_500_55,404,66.21926759119681
poi_500_55,poi_500_55,405,67.30003679886752
poi_500_55,poi_500_55,406,68.72892452182664
poi_500_55,poi_500_55,407,68.84846113132733
poi_500_55,poi_500_55,408,67.45516426209423
poi_500_55,poi_500_55,409,66.12257372042221
poi_500_55,poi_500_55,410,65.9946673029598
poi_500_55,poi_500_55,411,67.15013632306231
poi_500_55,poi_500_55,412,68.58040492559716
poi_500_55,poi_500_55,413,68.64016651470924
poi_500_55,poi_500_55,414,67.01186923903143
poi_500_55,poi_500_55,415,65.09492658720416
poi_500_55,poi_500_55,416,63.97428674402054
poi_500_55,poi_500_55,417,64.01941753525396
poi_500_55,poi_500_55,418,64.66221962795026
poi_500_55,poi_500_55,419,65.05187394605925
poi_500_55,poi_500_55,420,64.54288209161156
poi_500_55,poi_500_55,421,64.18072499505155
poi_500_55,poi_500_55,422,65.01999546384691
poi_500_55,poi_500_55,423,66.80195472098183
poi_500_55,poi_500_55,424,68.50847176385011
poi_500_55,poi_500_55,425,68.71720447446872
poi_500_55,poi_500_55,426,67.35695771969603
poi_500_55,poi_500_55,427,66.08161927124476
poi_500_55,poi_500_55,428,66.04069206059295
poi_500_55,poi_500_55,429,67.25673562273315
poi_500_55,poi_500_55,430,68.71916482703656
poi_500_55,poi_500_55,431,68.85889195474176
poi_500_55,poi_500_55,432,67.49795626370711
poi_500_55,poi_500_55,433,66.33777426145487
poi_500_55,poi_500_55,434,66.21926759119681
poi_500_55,poi_500_55,435,67.30003679886752
poi_500_55,poi_500_55,436,68.72892452182664
poi_500_55,poi_500_55,437,68.84846113132733
poi_500_55,poi_500_55,438,67.45516426209423
poi_500_55,poi_500_55,439,66.12257372042221
poi_500_55,poi_500_55,440,65.9946673029598
poi_500_55,poi_500_55,441,67.15013632306231
poi_500_55,poi_500_55,442,68.58040492559716
poi_500_55,poi_500_55,443,68.64016651470924
poi_500_55,poi_500_55,444,67.01186923903143
poi_500_55,poi_500_55,445,65.09492658720416
poi_500_55,poi_500_55,446,63.97428674402054
poi_500_55,poi_500_55,447,64.01941753525396
poi_500_55,poi_500_55,448,64.66221962795026
poi_500_55,poi_500_55,449,65.05187394605925
poi_500_55,poi_500_55,450,64.54288209161156
poi_500_55,poi_500_55,451,64.18072499505155
poi_500_55,poi_500_55,452,65.01999546384691
poi_500_55,poi_500_55,453,66.80195472098183
poi_500_55,poi_500_55,454,68.50847176385011
poi_500_55,poi_500_55,455,68.71720447446872
poi_500_55,poi_500_55,456,67.35695771969603
poi_500_55,poi_500_55,457,66.08161927124476
poi_500_55,poi_500_55,458,66.04069206059295
poi_500_55,poi_500_55,459,67.18612716070227
poi_500_55,poi_500_55,460,68.6605908019743
poi_500_55,poi_500_55,461,68.79204352759572
poi_500_55,poi_500_55,462,67.38820455146704
poi_500_55,poi_500_55,463,66.16236612494588
poi_500_55,poi_500_55,464,65.9946673029598
poi_500_55,poi_500_55,465,67.15013632306231
poi_500_55,poi_500_55,466,68.58040492559716
poi_500_55,poi_500_55,467,68.64016651470924
poi_500_55,poi_500_55,468,67.01186923903143
poi_500_55,poi_500_55,469,65.09492658720416
poi_500_55,poi_500_55,470,63.97428674402054
poi_500_55,poi_500_55,471,63.86925928420933
poi_500_55,poi_500_55,472,64.51156406184923
poi_500_55,poi_500_55,473,64.88948784034831
poi_500_55,poi_500_55,474,64.3234147777091
poi_500_55,poi_500_55,475,63.88862126582041
poi_500_55,poi_500_55,476,64.72145911386426
poi_500_55,poi_500_55,477,66.5518725854245
poi_500_55,poi_500_55,478,68.28829926316726
poi_500_55,poi_500_55,479,68.42974180833717
poi_500_55,poi_500_55,480,66.77687333652365
poi_500_55,poi_500_55,481,64.80494060704714
poi_500_55,poi_500_55,482,63.67053344795578
poi_500_55,poi_500_55,483,63.6141972143022
poi_500_55,poi_500_55,484,64.32872508645819
poi_500_55,poi_500_55,485,64.74772480296315
poi_500_55,poi_500_55,486,64.1845573208845
poi_500_55,poi_500_55,487,63.954974892096104
poi_500_55,poi_500_55,488,64.72145911386426
poi_500_55,poi_500_55,489,66.46870208699886
poi_500_55,poi_500_55,490,68.22357030099745
poi_500_55,poi_500_55,491,68.35589097795301
poi_500_55,poi_500_55,492,66.64699967989385
poi_500_55,poi_500_55,493,64.55310141059275
poi_500_55,poi_500_55,494,63.25789401328688
poi_500_55,poi_500_55,495,63.255502646297785
poi_500_55,poi_500_55,496,63.9067091740434
poi_500_55,poi_500_55,497,64.19062111862375
poi_500_55,poi_500_55,498,63.18243594276567
poi_500_55,poi_500_55,499,62.10346636453157
poi_500_55,poi_500_55,500,61.7222321427213
poi_500_55,poi_500_55,501,62.684579819432614
poi_500_55,poi_500_55,502,63.90323729545425
poi_500_55,poi_500_55,503,64.55523282835551
poi_500_55,poi_500_55,504,64.1189601608977
poi_500_55,poi_500_55,505,63.81990149870716
poi_500_55,poi_500_55,506,64.78305224790584
poi_500_55,poi_500_55,507,66.59315388992107
poi_500_55,poi_500_55,508,68.37400923695013
poi_500_55,poi_500_55,509,68.5890221364619
poi_500_55,poi_500_55,510,67.17320600500268
poi_500_55,poi_500_55,511,65.93724201573947
poi_500_55,poi_500_55,512,65.80640520355163
poi_500_55,poi_500_55,513,66.95778375911951
poi_500_55,poi_500_55,514,68.44818515839286
poi_500_55,poi_500_55,515,68.50965529428834
poi_500_55,poi_500_55,516,66.81256705529984
poi_500_55,poi_500_55,517,64.91294112960462
poi_500_55,poi_500_55,518,63.59079106969538
poi_500_55,poi_500_55,519,63.363491570231986
poi_500_55,poi_500_55,520,63.9362005120355
poi_500_55,poi_500_55,521,64.15999056350321
poi_500_55,poi_500_55,522,63.06586445827858
poi_500_55,poi_500_55,523,61.50780230850625
poi_500_55,poi_500_55,524,61.057337373034805
poi_500_55,poi_500_55,525,62.007246145496744
poi_500_55,poi_500_55,526,63.234372217897985
poi_500_55,poi_500_55,527,63.76171496695405
poi_500_55,poi_500_55,528,62.79052819779403
poi_500_55,poi_500_55,529,61.38821146253396
poi_500_55,poi_500_55,530,61.19921521343692
poi_500_55,poi_500_55,531,62.3463394838278
poi_500_55,poi_500_55,532,63.6922291251743
poi_500_55,poi_500_55,533,64.40192566454017
poi_500_55,poi_500_55,534,63.97329585185056
poi_500_55,poi_500_55,535,63.88730523931336
poi_500_55,poi_500_55,536,64.78305224790584
poi_500_55,poi_500_55,537,66.67399660289038
poi_500_55,poi_500_55,538,68.43655017895655
poi_500_55,poi_500_55,539,68.659044092633
poi_500_55,poi_500_55,540,67.28845446611385
poi_500_55,poi_500_55,541,66.1217869592311
poi_500_55,poi_500_55,542,66.04069206059295
poi_500_55,poi_500_55,543,67.18612716070227
poi_500_55,poi_500_55,544,68.6605908019743
poi_500_55,poi_500_55,545,68.79204352759572
poi_500_55,poi_500_55,546,67.38820455146704
poi_500_55,poi_500_55,547,66.16236612494588
poi_500_55,poi_500_55,548,65.9946673029598
poi_500_55,poi_500_55,549,67.15013632306231
poi_500_55,poi_500_55,550,68.58040492559716
poi_500_55,poi_500_55,551,68.64016651470924
poi_500_55,poi_500_55,552,67.01186923903143
poi_500_55,poi_500_55,553,65.09492658720416
poi_500_55,poi_500_55,554,63.97428674402054
poi_500_55,poi_500_55,555,64.01941753525396
poi_500_55,poi_500_55,556,64.66221962795026
poi_500_55,poi_500_55,557,65.05187394605925
poi_500_55,poi_500_55,558,64.54288209161156
poi_500_55,poi_500_55,559,64.18072499505155
poi_500_55,poi_500_55,560,65.01999546384691
poi_500_55,poi_500_55,561,66.80195472098183
poi_500_55,poi_500_55,562,68.50847176385011
poi_500_55,poi_500_55,563,68.71720447446872
poi_500_55,poi_500_55,564,67.35695771969603
poi_500_55,poi_500_55,565,66.08161927124476
poi_500_55,poi_500_55,566,66.04069206059295
poi_500_55,poi_500_55,567,67.18612716070227
poi_500_55,poi_500_55,568,68.6605908019743
poi_500_55,poi_500_55,569,68.79204352759572
poi_500_55,poi_500_55,570,67.38820455146704
poi_500_55,poi_500_55,571,66.16236612494588
poi_500_55,poi_500_55,572,65.9946673029598
poi_500_55,poi_500_55,573,67.07775860239002
poi_500_55,poi_500_55,574,68.51991589979009
poi_500_55,poi_500_55,575,68.56983704687102
poi_500_55,poi_500_55,576,66.88893404302696
poi_500_55,poi_500_55,577,64.8598026903731
poi_500_55,poi_500_55,578,63.59079106969538
poi_500_55,poi_500_55,579,63.363491570231986
poi_500_55,poi_500_55,580,63.9362005120355
poi_500_55,poi_500_55,581,64.15999056350321
poi_500_55,poi_500_55,582,63.06586445827858
poi_500_55,poi_500_55,583,61.50780230850625
poi_500_55,poi_500_55,584,61.057337373034805
poi_500_55,poi_500_55,585,61.76609928467848
poi_500_55,poi_500_55,586,63.02362906732505
poi_500_55,poi_500_55,587,63.54171411332389
poi_500_55,poi_500_55,588,62.45770549159658
poi_500_55,poi_500_55,589,60.81458270383793
poi_500_55,poi_500_55,590,60.441379913452444
poi_500_55,poi_500_55,591,61.344213665489434
poi_500_55,poi_500_55,592,62.763805331587015
poi_500_55,poi_500_55,593,63.34719551094373
poi_500_55,poi_500_55,594,62.24246024240422
poi_500_55,poi_500_55,595,60.94820901430904
poi_500_55,poi_500_55,596,60.441379913452444
poi_500_55,poi_500_55,597,61.60922554087079
poi_500_55,poi_500_55,598,62.98721263149954
poi_500_55,poi_500_55,599,63.577012011849746
poi_500_65,poi_500_65,0,40.0
poi_500_65,poi_500_65,1,40.0
poi_500_65,poi_500_65,2,40.0
poi_500_65,poi_500_65,3,40.0
poi_500_65,poi_500_65,4,40.0
poi_500_65,poi_500_65,5,40.0
poi_500_65,poi_500_65,6,40.0
poi_500_65,poi_500_65,7,40.0
poi_500_65,poi_500_65,8,40.0
poi_500_65,poi_500_65,9,50.935216127843674
poi_500_65,poi_500_65,10,51.53401071906855
poi_500_65,poi_500_65,11,52.18658428854128
poi_500_65,poi_500_65,12,52.90125263167202
poi_500_65,poi_500_65,13,53.68837369564459
poi_500_65,poi_500_65,14,54.56101591223961
poi_500_65,poi_500_65,15,55.98450500543439
poi_500_65,poi_500_65,16,57.02615229370941
poi_500_65,poi_500_65,17,58.21860607958497
poi_500_65,poi_500_65,18,59.596233461446275
poi_500_65,poi_500_65,19,61.19538912106121
poi_500_65,poi_500_65,20,63.028167422567385
poi_500_65,poi_500_65,21,65.14508202883752
poi_500_65,poi_500_65,22,66.64701911518716
poi_500_65,poi_500_65,23,66.81168809927888
poi_500_65,poi_500_65,24,65.60920571979732
poi_500_65,poi_500_65,25,64.13054297765045
poi_500_65,poi_500_65,26,63.153638632088914
poi_500_65,poi_500_65,27,63.0458299027992
poi_500_65,poi_500_65,28,63.46876898779514
poi_500_65,poi_500_65,29,63.7380010779226
poi_500_65,poi_500_65,30,63.483213729948524
poi_500_65,poi_500_65,31,63.47121015046574
poi_500_65,poi_500_65,32,64.2190487163897
poi_500_65,poi_500_65,33,65.72319494446178
poi_500_65,poi_500_65,34,66.97176961960463
poi_500_65,poi_500_65,35,67.06413020497075
poi_500_65,poi_500_65,36,65.8831794540138
poi_500_65,poi_500_65,37,64.2774787575036
poi_500_65,poi_500_65,38,63.30565262935159
poi_500_65,poi_500_65,39,63.35212952356686
poi_500_65,poi_500_65,40,63.756986654940775
poi_500_65,poi_500_65,41,64.02784135904703
poi_500_65,poi_500_65,42,63.82076946855953
poi_500_65,poi_500_65,43,63.85465105436811
poi_500_65,poi_500_65,44,64.54687064819288
poi_500_65,poi_500_65,45,66.01726419547975
poi_500_65,poi_500_65,46,67.25861850478597
poi_500_65,poi_500_65,47,67.4379543825403
poi_500_65,poi_500_65,48,66.54832123639714
poi_500_65,poi_500_65,49,65.59153056584957
poi_500_65,poi_500_65,50,65.5749646964124
poi_500_65,poi_500_65,51,66.43916705827979
poi_500_65,poi_500_65,52,67.44722666823588
poi_500_65,poi_500_65,53,67.53180228093389
poi_500_65,poi_500_65,54,66.58237565245946
poi_500_65,poi_500_65,55,65.68011076242358
poi_500_65,poi_500_65,56,65.52540607967626
poi_500_65,poi_500_65,57,66.31478512143094
poi_500_65,poi_500_65,58,67.26792625193431
poi_500_65,poi_500_65,59,67.24739699677896
poi_500_65,poi_500_65,60,66.01568870692067
poi_500_65,poi_500_65,61,64.33734709319769
poi_500_65,poi_500_65,62,63.22175241596547
poi_500_65,poi_500_65,63,62.90996450447102
poi_500_65,poi_500_65,64,63.12099754947291
poi_500_65,poi_500_65,65,63.12332098914749
poi_500_65,poi_500_65,66,62.3424267695698
poi_500_65,poi_500_65,67,61.06475142306302
poi_500_65,poi_500_65,68,60.69174271845143
poi_500_65,poi_500_65,69,61.489817336873585
poi_500_65,poi_500_65,70,62.30507640848028
poi_500_65,poi_500_65,71,62.632802516315145
poi_500_65,poi_500_65,72,62.027194956734455
poi_500_65,poi_500_65,73,60.9365595174897
poi_500_65,poi_500_65,74,60.84084671018785
poi_500_65,poi_500_65,75,61.857095181488674
poi_500_65,poi_500_65,76,62.84412856931227
poi_500_65,poi_500_65,77,63.409548446507046
poi_500_65,poi_500_65,78,63.32789730465257
poi_500_65,poi_500_65,79,63.47186479793832
poi_500_65,poi_500_65,80,64.28586618873032
poi_500_65,poi_500_65,81,65.76861201358383
poi_500_65,poi_500_65,82,67.08014705682395
poi_500_65,poi_500_65,83,67.26668460170062
poi_500_65,poi_500_65,84,66.32839523230915
poi_500_65,poi_500_65,85,65.43252122542492
poi_500_65,poi_500_65,86,65.31833378566064
poi_500_65,poi_500_65,87,66.26147074824479
poi_500_65,poi_500_65,88,67.2545181965751
poi_500_65,poi_500_65,89,67.26218255144404
poi_500_65,poi_500_65,90,66.07400948442009
poi_500_65,poi_500_65,91,64.65391951145021
poi_500_65,poi_500_65,92,63.630328445620286
poi_500_65,poi_500_65,93,63.61935174034798
poi_500_65,poi_500_65,94,63.96285085424115
poi_500_65,poi_500_65,95,64.19324047848596
poi_500_65,poi_500_65,96,63.970430518979015
poi_500_65,poi_500_65,97,63.78708154036013
poi_500_65,poi_500_65,98,64.54687064819288
poi_500_65,poi_500_65,99,66.01726419547975
poi_500_65,poi_500_65,100,67.25861850478597
poi_500_65,poi_500_65,101,67.4379543825403
poi_500_65,poi_500_65,102,66.54832123639714
poi_500_65,poi_500_65,103,65.59153056584957
poi_500_65,poi_500_65,104,65.5749646964124
poi_500_65,poi_500_65,105,66.52226819549581
poi_500_65,poi_500_65,106,67.52383549064139
poi_500_65,poi_500_65,107,67.62000965532269
poi_500_65,poi_500_65,108,66.71255832846367
poi_500_65,poi_500_65,109,65.8727921791753
poi_500_65,poi_500_65,110,65.77041858301578
poi_500_65,poi_500_65,111,66.5724931257024
poi_500_65,poi_500_65,112,67.53643850227871
poi_500_65,poi_500_65,113,67.60639532192411
poi_500_65,poi_500_65,114,66.66225830136281
poi_500_65,poi_500_65,115,65.63584764423082
poi_500_65,poi_500_65,116,65.52540607967626
poi_500_65,poi_500_65,117,66.40027707343282
poi_500_65,poi_500_65,118,67.34773460915589
poi_500_65,poi_500_65,119,67.34150988778849
poi_500_65,poi_500_65,120,66.16371033616532
poi_500_65,poi_500_65,121,64.59778192849579
poi_500_65,poi_500_65,122,63.630328445620286
poi_500_65,poi_500_65,123,63.45570520500707
poi_500_65,poi_500_65,124,63.786929394074946
poi_500_65,poi_500_65,125,63.996645890550006
poi_500_65,poi_500_65,126,63.72233505557385
poi_500_65,poi_500_65,127,63.47121015046574
poi_500_65,poi_500_65,128,64.2190487163897
poi_500_65,poi_500_65,129,65.62311192445082
poi_500_65,poi_500_65,130,66.8846716190801
poi_500_65,poi_500_65,131,66.96373802719181
poi_500_65,poi_500_65,132,65.7250989699737
poi_500_65,poi_500_65,133,63.996451586574416
poi_500_65,poi_500_65,134,62.86369320600703
poi_500_65,poi_500_65,135,62.79233079640037
poi_500_65,poi_500_65,136,63.08607278367796
poi_500_65,poi_500_65,137,63.16143438504426
poi_500_65,poi_500_65,138,62.47711113342046
poi_500_65,poi_500_65,139,61.71175361473254
poi_500_65,poi_500_65,140,61.398162939327975
poi_500_65,poi_500_65,141,62.00252666825541
poi_500_65,poi_500_65,142,62.881045719410565
poi_500_65,poi_500_65,143,63.373560246020105
poi_500_65,poi_500_65,144,63.21748160319173
poi_500_65,poi_500_65,145,63.05132876569366
poi_500_65,poi_500_65,146,63.93690118328534
poi_500_65,poi_500_65,147,65.4565774869402
poi_500_65,poi_500_65,148,66.78084052952129
poi_500_65,poi_500_65,149,66.87712903573694
poi_500_65,poi_500_65,150,65.62575578689294
poi_500_65,poi_500_65,151,64.0608643641818
poi_500_65,poi_500_65,152,62.86369320600703
poi_500_65,poi_500_65,153,62.593559844466256
poi_500_65,poi_500_65,154,62.86980145954982
poi_500_65,poi_500_65,155,62.910568007345304
poi_500_65,poi_500_65,156,62.1229569116483
poi_500_65,poi_500_65,157,61.190374768614944
poi_500_65,poi_500_65,158,60.69174271845143
poi_500_65,poi_500_65,159,61.2193230217254
poi_500_65,poi_500_65,160,62.04489638933522
poi_500_65,poi_500_65,161,62.3483784795641
poi_500_65,poi_500_65,162,61.63257574496588
poi_500_65,poi_500_65,163,60.305554274106754
poi_500_65,poi_500_65,164,60.028098029891424
poi_500_65,poi_500_65,165,60.74383412011368
poi_500_65,poi_500_65,166,61.7203707861152
poi_500_65,poi_500_65,167,62.09281960355958
poi_500_65,poi_500_65,168,61.372949034711084
poi_500_65,poi_500_65,169,60.45476649904859
poi_500_65,poi_500_65,170,60.028098029891424
poi_500_65,poi_500_65,171,61.04456540777783
poi_500_65,poi_500_65,172,62.00010068076193
poi_500_65,poi_500_65,173,62.39389834601245
poi_500_65,poi_500_65,174,61.79074477459522
poi_500_65,poi_500_65,175,61.06589069955451
poi_500_65,poi_500_65,176,60.84084671018785
poi_500_65,poi_500_65,177,61.60917441432092
poi_500_65,poi_500_65,178,62.615134592930595
poi_500_65,poi_500_65,179,63.17299901969968
poi_500_65,poi_500_65,180,63.03889836985999
poi_500_65,poi_500_65,181,63.13125812493436
poi_500_65,poi_500_65,182,63.93690118328534
poi_500_65,poi_500_65,183,65.4565774869402
poi_500_65,poi_500_65,184,66.78084052952129
poi_500_65,poi_500_65,185,66.87712903573694
poi_500_65,poi_500_65,186,65.62575578689294
poi_500_65,poi_500_65,187,64.0608643641818
poi_500_65,poi_500_65,188,62.86369320600703
poi_500_65,poi_500_65,189,62.593559844466256
poi_500_65,poi_500_65,190,62.86980145954982
poi_500_65,poi_500_65,191,62.910568007345304
poi_500_65,poi_500_65,192,62.1229569116483
poi_500_65,poi_500_65,193,61.190374768614944
poi_500_65,poi_500_65,194,60.69174271845143
poi_500_65,poi_500_65,195,61.489817336873585
poi_500_65,poi_500_65,196,62.30507640848028
poi_500_65,poi_500_65,197,62.632802516315145
poi_500_65,poi_500_65,198,62.027194956734455
poi_500_65,poi_500_65,199,60.9365595174897
poi_500_65,poi_500_65,200,60.84084671018785
poi_500_65,poi_500_65,201,61.857095181488674
poi_500_65,poi_500_65,202,62.84412856931227
poi_500_65,poi_500_65,203,63.409548446507046
poi_500_65,poi_500_65,204,63.32789730465257
poi_500_65,poi_500_65,205,63.47186479793832
poi_500_65,poi_500_65,206,64.28586618873032
poi_500_65,poi_500_65,207,65.76861201358383
poi_500_65,poi_500_65,208,67.08014705682395
poi_500_65,poi_500_65,209,67.26668460170062
poi_500_65,poi_500_65,210,66.32839523230915
poi_500_65,poi_500_65,211,65.43252122542492
poi_500_65,poi_500_65,212,65.31833378566064
poi_500_65,poi_500_65,213,66.1731738093807
poi_500_65,poi_500_65,214,67.17296196777002
poi_500_65,poi_500_65,215,67.1663155298332
poi_500_65,poi_500_65,216,65.92284438413107
poi_500_65,poi_500_65,217,64.39693038940398
poi_500_65,poi_500_65,218,63.22175241596547
poi_500_65,poi_500_65,219,62.90996450447102
poi_500_65,poi_500_65,220,63.12099754947291
poi_500_65,poi_500_65,221,63.12332098914749
poi_500_65,poi_500_65,222,62.3424267695698
poi_500_65,poi_500_65,223,61.06475142306302
poi_500_65,poi_500_65,224,60.69174271845143
poi_500_65,poi_500_65,225,61.489817336873585
poi_500_65,poi_500_65,226,62.30507640848028
poi_500_65,poi_500_65,227,62.632802516315145
poi_500_65,poi_500_65,228,62.027194956734455
poi_500_65,poi_500_65,229,60.9365595174897
poi_500_65,poi_500_65,230,60.84084671018785
poi_500_65,poi_500_65,231,61.60917441432092
poi_500_65,poi_500_65,232,62.615134592930595
poi_500_65,poi_500_65,233,63.17299901969968
poi_500_65,poi_500_65,234,63.03889836985999
poi_500_65,poi_500_65,235,63.13125812493436
poi_500_65,poi_500_65,236,63.93690118328534
poi_500_65,poi_500_65,237,65.56052636253742
poi_500_65,poi_500_65,238,66.87002446739355
poi_500_65,poi_500_65,239,66.9795197235028
poi_500_65,poi_500_65,240,65.78742672239719
poi_500_65,poi_500_65,241,64.33788338322282
poi_500_65,poi_500_65,242,63.30565262935159
poi_500_65,poi_500_65,243,63.17788648874856
poi_500_65,poi_500_65,244,63.57234128644337
poi_500_65,poi_500_65,245,63.823432758760276
poi_500_65,poi_500_65,246,63.56371293983243
poi_500_65,poi_500_65,247,63.54383487428419
poi_500_65,poi_500_65,248,64.2190487163897
poi_500_65,poi_500_65,249,65.72319494446178
poi_500_65,poi_500_65,250,66.97176961960463
poi_500_65,poi_500_65,251,67.06413020497075
poi_500_65,poi_500_65,252,65.8831794540138
poi_500_65,poi_500_65,253,64.2774787575036
poi_500_65,poi_500_65,254,63.30565262935159
poi_500_65,poi_500_65,255,63.17788648874856
poi_500_65,poi_500_65,256,63.57234128644337
poi_500_65,poi_500_65,257,63.823432758760276
poi_500_65,poi_500_65,258,63.56371293983243
poi_500_65,poi_500_65,259,63.54383487428419
poi_500_65,poi_500_65,260,64.2190487163897
poi_500_65,poi_500_65,261,65.62311192445082
poi_500_65,poi_500_65,262,66.8846716190801
poi_500_65,poi_500_65,263,66.96373802719181
poi_500_65,poi_500_65,264,65.7250989699737
poi_500_65,poi_500_65,265,63.996451586574416
poi_500_65,poi_500_65,266,62.86369320600703
poi_500_65,poi_500_65,267,62.79233079640037
poi_500_65,poi_500_65,268,63.08607278367796
poi_500_65,poi_500_65,269,63.16143438504426
poi_500_65,poi_500_65,270,62.47711113342046
poi_500_65,poi_500_65,271,61.71175361473254
poi_500_65,poi_500_65,272,61.398162939327975
poi_500_65,poi_500_65,273,62.00252666825541
poi_500_65,poi_500_65,274,62.881045719410565
poi_500_65,poi_500_65,275,63.373560246020105
poi_500_65,poi_500_65,276,63.21748160319173
poi_500_65,poi_500_65,277,63.05132876569366
poi_500_65,poi_500_65,278,63.93690118328534
poi_500_65,poi_500_65,279,65.56052636253742
poi_500_65,poi_500_65,280,66.87002446739355
poi_500_65,poi_500_65,281,66.9795197235028
poi_500_65,poi_500_65,282,65.78742672239719
poi_500_65,poi_500_65,283,64.33788338322282
poi_500_65,poi_500_65,284,63.30565262935159
poi_500_65,poi_500_65,285,63.35212952356686
poi_500_65,poi_500_65,286,63.756986654940775
poi_500_65,poi_500_65,287,64.02784135904703
poi_500_65,poi_500_65,288,63.82076946855953
poi_500_65,poi_500_65,289,63.85465105436811
poi_500_65,poi_500_65,290,64.54687064819288
poi_500_65,poi_500_65,291,65.92380467867034
poi_500_65,poi_500_65,292,67.17713996589409
poi_500_65,poi_500_65,293,67.34593049245782
poi_500_65,poi_500_65,294,66.41304222444617
poi_500_65,poi_500_65,295,65.3856473058226
poi_500_65,poi_500_65,296,65.31833378566064
poi_500_65,poi_500_65,297,66.26147074824479
poi_500_65,poi_500_65,298,67.2545181965751
poi_500_65,poi_500_65,299,67.26218255144404
poi_500_65,poi_500_65,300,66.07400948442009
poi_500_65,poi_500_65,301,64.65391951145021
poi_500_65,poi_500_65,302,63.630328445620286
poi_500_65,poi_500_65,303,63.45570520500707
poi_500_65,poi_500_65,304,63.786929394074946
poi_500_65,poi_500_65,305,63.996645890550006
poi_500_65,poi_500_65,306,63.72233505557385
poi_500_65,poi_500_65,307,63.47121015046574
poi_500_65,poi_500_65,308,64.2190487163897
poi_500_65,poi_500_65,309,65.62311192445082
poi_500_65,poi_500_65,310,66.8846716190801
poi_500_65,poi_500_65,311,66.96373802719181
poi_500_65,poi_500_65,312,65.7250989699737
poi_500_65,poi_500_65,313,63.996451586574416
poi_500_65,poi_500_65,314,62.86369320600703
poi_500_65,poi_500_65,315,62.79233079640037
poi_500_65,poi_500_65,316,63.08607278367796
poi_500_65,poi_500_65,317,63.16143438504426
poi_500_65,poi_500_65,318,62.47711113342046
poi_500_65,poi_500_65,319,61.71175361473254
poi_500_65,poi_500_65,320,61.398162939327975
poi_500_65,poi_500_65,321,62.229530434191346
poi_500_65,poi_500_65,322,63.09677148419861
poi_500_65,poi_500_65,323,63.59970708640507
poi_500_65,poi_500_65,324,63.49520212411733
poi_500_65,poi_500_65,325,63.39801615389841
poi_500_65,poi_500_65,326,64.28586618873032
poi_500_65,poi_500_65,327,65.76861201358383
poi_500_65,poi_500_65,328,67.08014705682395
poi_500_65,poi_500_65,329,67.26668460170062
poi_500_65,poi_500_65,330,66.32839523230915
poi_500_65,poi_500_65,331,65.43252122542492
poi_500_65,poi_500_65,332,65.31833378566064
poi_500_65,poi_500_65,333,66.1731738093807
poi_500_65,poi_500_65,334,67.17296196777002
poi_500_65,poi_500_65,335,67.1663155298332
poi_500_65,poi_500_65,336,65.92284438413107
poi_500_65,poi_500_65,337,64.39693038940398
poi_500_65,poi_500_65,338,63.22175241596547
poi_500_65,poi_500_65,339,62.90996450447102
poi_500_65,poi_500_65,340,63.12099754947291
poi_500_65,poi_500_65,341,63.12332098914749
poi_500_65,poi_500_65,342,62.3424267695698
poi_500_65,poi_500_65,343,61.06475142306302
poi_500_65,poi_500_65,344,60.69174271845143
poi_500_65,poi_500_65,345,61.2193230217254
poi_500_65,poi_500_65,346,62.04489638933522
poi_500_65,poi_500_65,347,62.3483784795641
poi_500_65,poi_500_65,348,61.63257574496588
poi_500_65,poi_500_65,349,60.305554274106754
poi_500_65,poi_500_65,350,60.028098029891424
poi_500_65,poi_500_65,351,60.74383412011368
poi_500_65,poi_500_65,352,61.7203707861152
poi_500_65,poi_500_65,353,62.09281960355958
poi_500_65,poi_500_65,354,61.372949034711084
poi_500_65,poi_500_65,355,60.45476649904859
poi_500_65,poi_500_65,356,60.028098029891424
poi_500_65,poi_500_65,357,61.04456540777783
poi_500_65,poi_500_65,358,62.00010068076193
poi_500_65,poi_500_65,359,62.39389834601245
poi_500_65,poi_500_65,360,61.79074477459522
poi_500_65,poi_500_65,361,61.06589069955451
poi_500_65,poi_500_65,362,60.84084671018785
poi_500_65,poi_500_65,363,61.857095181488674
poi_500_65,poi_500_65,364,62.84412856931227
poi_500_65,poi_500_65,365,63.409548446507046
poi_500_65,poi_500_65,366,63.32789730465257
poi_500_65,poi_500_65,367,63.47186479793832
poi_500_65,poi_500_65,368,64.28586618873032
poi_500_65,poi_500_65,369,65.76861201358383
poi_500_65,poi_500_65,370,67.08014705682395
poi_500_65,poi_500_65,371,67.26668460170062
poi_500_65,poi_500_65,372,66.32839523230915
poi_500_65,poi_500_65,373,65.43252122542492
poi_500_65,poi_500_65,374,65.31833378566064
poi_500_65,poi_500_65,375,66.1731738093807
poi_500_65,poi_500_65,376,67.17296196777002
poi_500_65,poi_500_65,377,67.1663155298332
poi_500_65,poi_500_65,378,65.92284438413107
poi_500_65,poi_500_65,379,64.39693038940398
poi_500_65,poi_500_65,380,63.22175241596547
poi_500_65,poi_500_65,381,63.09506225763925
poi_500_65,poi_500_65,382,63.32539607646631
poi_500_65,poi_500_65,383,63.36251819684988
poi_500_65,poi_500_65,384,62.679788788617905
poi_500_65,poi_500_65,385,61.60052513578773
poi_500_65,poi_500_65,386,61.398162939327975
poi_500_65,poi_500_65,387,62.229530434191346
poi_500_65,poi_500_65,388,63.09677148419861
poi_500_65,poi_500_65,389,63.59970708640507
poi_500_65,poi_500_65,390,63.49520212411733
poi_500_65,poi_500_65,391,63.39801615389841
poi_500_65,poi_500_65,392,64.28586618873032
poi_500_65,poi_500_65,393,65.86543401589647
poi_500_65,poi_500_65,394,67.16344822727146
poi_500_65,poi_500_65,395,67.36038491803808
poi_500_65,poi_500_65,396,66.46629495706226
poi_500_65,poi_500_65,397,65.63624534514908
poi_500_65,poi_500_65,398,65.5749646964124
poi_500_65,poi_500_65,399,66.52226819549581
poi_500_65,poi_500_65,400,67.52383549064139
poi_500_65,poi_500_65,401,67.62000965532269
poi_500_65,poi_500_65,402,66.71255832846367
poi_500_65,poi_500_65,403,65.8727921791753
poi_500_65,poi_500_65,404,65.77041858301578
poi_500_65,poi_500_65,405,66.5724931257024
poi_500_65,poi_500_65,406,67.53643850227871
poi_500_65,poi_500_65,407,67.60639532192411
poi_500_65,poi_500_65,408,66.66225830136281
poi_500_65,poi_500_65,409,65.63584764423082
poi_500_65,poi_500_65,410,65.52540607967626
poi_500_65,poi_500_65,411,66.40027707343282
poi_500_65,poi_500_65,412,67.34773460915589
poi_500_65,poi_500_65,413,67.34150988778849
poi_500_65,poi_500_65,414,66.16371033616532
poi_500_65,poi_500_65,415,64.59778192849579
poi_500_65,poi_500_65,416,63.630328445620286
poi_500_65,poi_500_65,417,63.61935174034798
poi_500_65,poi_500_65,418,63.96285085424115
poi_500_65,poi_500_65,419,64.19324047848596
poi_500_65,poi_500_65,420,63.970430518979015
poi_500_65,poi_500_65,421,63.78708154036013
poi_500_65,poi_500_65,422,64.54687064819288
poi_500_65,poi_500_65,423,66.01726419547975
poi_500_65,poi_500_65,424,67.25861850478597
poi_500_65,poi_500_65,425,67.4379543825403
poi_500_65,poi_500_65,426,66.54832123639714
poi_500_65,poi_500_65,427,65.59153056584957
poi_500_65,poi_500_65,428,65.5749646964124
poi_500_65,poi_500_65,429,66.52226819549581
poi_500_65,poi_500_65,430,67.52383549064139
poi_500_65,poi_500_65,431,67.62000965532269
poi_500_65,poi_500_65,432,66.71255832846367
poi_500_65,poi_500_65,433,65.8727921791753
poi_500_65,poi_500_65,434,65.77041858301578
poi_500_65,poi_500_65,435,66.5724931257024
poi_500_65,poi_500_65,436,67.53643850227871
poi_500_65,poi_500_65,437,67.60639532192411
poi_500_65,poi_500_65,438,66.66225830136281
poi_500_65,poi_500_65,439,65.63584764423082
poi_500_65,poi_500_65,440,65.52540607967626
poi_500_65,poi_500_65,441,66.40027707343282
poi_500_65,poi_500_65,442,67.34773460915589
poi_500_65,poi_500_65,443,67.34150988778849
poi_500_65,poi_500_65,444,66.16371033616532
poi_500_65,poi_500_65,445,64.59778192849579
poi_500_65,poi_500_65,446,63.630328445620286
poi_500_65,poi_500_65,447,63.61935174034798
poi_500_65,poi_500_65,448,63.96285085424115
poi_500_65,poi_500_65,449,64.19324047848596
poi_500_65,poi_500_65,450,63.970430518979015
poi_500_65,poi_500_65,451,63.78708154036013
poi_500_65,poi_500_65,452,64.54687064819288
poi_500_65,poi_500_65,453,66.01726419547975
poi_500_65,poi_500_65,454,67.25861850478597
poi_500_65,poi_500_65,455,67.4379543825403
poi_500_65,poi_500_65,456,66.54832123639714
poi_500_65,poi_500_65,457,65.59153056584957
poi_500_65,poi_500_65,458,65.5749646964124
poi_500_65,poi_500_65,459,66.43916705827979
poi_500_65,poi_500_65,460,67.44722666823588
poi_500_65,poi_500_65,461,67.53180228093389
poi_500_65,poi_500_65,462,66.58237565245946
poi_500_65,poi_500_65,463,65.68011076242358
poi_500_65,poi_500_65,464,65.52540607967626
poi_500_65,poi_500_65,465,66.40027707343282
poi_500_65,poi_500_65,466,67.34773460915589
poi_500_65,poi_500_65,467,67.34150988778849
poi_500_65,poi_500_65,468,66.16371033616532
poi_500_65,poi_500_65,469,64.59778192849579
poi_500_65,poi_500_65,470,63.630328445620286
poi_500_65,poi_500_65,471,63.45570520500707
poi_500_65,poi_500_65,472,63.786929394074946
poi_500_65,poi_500_65,473,63.996645890550006
poi_500_65,poi_500_65,474,63.72233505557385
poi_500_65,poi_500_65,475,63.47121015046574
poi_500_65,poi_500_65,476,64.2190487163897
poi_500_65,poi_500_65,477,65.72319494446178
poi_500_65,poi_500_65,478,66.97176961960463
poi_500_65,poi_500_65,479,67.06413020497075
poi_500_65,poi_500_65,480,65.8831794540138
poi_500_65,poi_500_65,481,64.2774787575036
poi_500_65,poi_500_65,482,63.30565262935159
poi_500_65,poi_500_65,483,63.17788648874856
poi_500_65,poi_500_65,484,63.57234128644337
poi_500_65,poi_500_65,485,63.823432758760276
poi_500_65,poi_500_65,486,63.56371293983243
poi_500_65,poi_500_65,487,63.54383487428419
poi_500_65,poi_500_65,488,64.2190487163897
poi_500_65,poi_500_65,489,65.62311192445082
poi_500_65,poi_500_65,490,66.8846716190801
poi_500_65,poi_500_65,491,66.96373802719181
poi_500_65,poi_500_65,492,65.7250989699737
poi_500_65,poi_500_65,493,63.996451586574416
poi_500_65,poi_500_65,494,62.86369320600703
poi_500_65,poi_500_65,495,62.79233079640037
poi_500_65,poi_500_65,496,63.08607278367796
poi_500_65,poi_500_65,497,63.16143438504426
poi_500_65,poi_500_65,498,62.47711113342046
poi_500_65,poi_500_65,499,61.71175361473254
poi_500_65,poi_500_65,500,61.398162939327975
poi_500_65,poi_500_65,501,62.229530434191346
poi_500_65,poi_500_65,502,63.09677148419861
poi_500_65,poi_500_65,503,63.59970708640507
poi_500_65,poi_500_65,504,63.49520212411733
poi_500_65,poi_500_65,505,63.39801615389841
poi_500_65,poi_500_65,506,64.28586618873032
poi_500_65,poi_500_65,507,65.76861201358383
poi_500_65,poi_500_65,508,67.08014705682395
poi_500_65,poi_500_65,509,67.26668460170062
poi_500_65,poi_500_65,510,66.32839523230915
poi_500_65,poi_500_65,511,65.43252122542492
poi_500_65,poi_500_65,512,65.31833378566064
poi_500_65,poi_500_65,513,66.1731738093807
poi_500_65,poi_500_65,514,67.17296196777002
poi_500_65,poi_500_65,515,67.1663155298332
poi_500_65,poi_500_65,516,65.92284438413107
poi_500_65,poi_500_65,517,64.39693038940398
poi_500_65,poi_500_65,518,63.22175241596547
poi_500_65,poi_500_65,519,62.90996450447102
poi_500_65,poi_500_65,520,63.12099754947291
poi_500_65,poi_500_65,521,63.12332098914749
poi_500_65,poi_500_65,522,62.3424267695698
poi_500_65,poi_500_65,523,61.06475142306302
poi_500_65,poi_500_65,524,60.69174271845143
poi_500_65,poi_500_65,525,61.489817336873585
poi_500_65,poi_500_65,526,62.30507640848028
poi_500_65,poi_500_65,527,62.632802516315145
poi_500_65,poi_500_65,528,62.027194956734455
poi_500_65,poi_500_65,529,60.9365595174897
poi_500_65,poi_500_65,530,60.84084671018785
poi_500_65,poi_500_65,531,61.857095181488674
poi_500_65,poi_500_65,532,62.84412856931227
poi_500_65,poi_500_65,533,63.409548446507046
poi_500_65,poi_500_65,534,63.32789730465257
poi_500_65,poi_500_65,535,63.47186479793832
poi_500_65,poi_500_65,536,64.28586618873032
poi_500_65,poi_500_65,537,65.86543401589647
poi_500_65,poi_500_65,538,67.16344822727146
poi_500_65,poi_500_65,539,67.36038491803808
poi_500_65,poi_500_65,540,66.46629495706226
poi_500_65,poi_500_65,541,65.63624534514908
poi_500_65,poi_500_65,542,65.5749646964124
poi_500_65,poi_500_65,543,66.43916705827979
poi_500_65,poi_500_65,544,67.44722666823588
poi_500_65,poi_500_65,545,67.53180228093389
poi_500_65,poi_500_65,546,66.58237565245946
poi_500_65,poi_500_65,547,65.68011076242358
poi_500_65,poi_500_65,548,65.52540607967626
poi_500_65,poi_500_65,549,66.40027707343282
poi_500_65,poi_500_65,550,67.34773460915589
poi_500_65,poi_500_65,551,67.34150988778849
poi_500_65,poi_500_65,552,66.16371033616532
poi_500_65,poi_500_65,553,64.59778192849579
poi_500_65,poi_500_65,554,63.630328445620286
poi_500_65,poi_500_65,555,63.61935174034798
poi_500_65,poi_500_65,556,63.96285085424115
poi_500_65,poi_500_65,557,64.19324047848596
poi_500_65,poi_500_65,558,63.970430518979015
poi_500_65,poi_500_65,559,63.78708154036013
poi_500_65,poi_500_65,560,64.54687064819288
poi_500_65,poi_500_65,561,66.01726419547975
poi_500_65,poi_500_65,562,67.25861850478597
poi_500_65,poi_500_65,563,67.4379543825403
poi_500_65,poi_500_65,564,66.54832123639714
poi_500_65,poi_500_65,565,65.59153056584957
poi_500_65,poi_500_65,566,65.5749646964124
poi_500_65,poi_500_65,567,66.43916705827979
poi_500_65,poi_500_65,568,67.44722666823588
poi_500_65,poi_500_65,569,67.53180228093389
poi_500_65,poi_500_65,570,66.58237565245946
poi_500_65,poi_500_65,571,65.68011076242358
poi_500_65,poi_500_65,572,65.52540607967626
poi_500_65,poi_500_65,573,66.31478512143094
poi_500_65,poi_500_65,574,67.26792625193431
poi_500_65,poi_500_65,575,67.24739699677896
poi_500_65,poi_500_65,576,66.01568870692067
poi_500_65,poi_500_65,577,64.33734709319769
poi_500_65,poi_500_65,578,63.22175241596547
poi_500_65,poi_500_65,579,62.90996450447102
poi_500_65,poi_500_65,580,63.12099754947291
poi_500_65,poi_500_65,581,63.12332098914749
poi_500_65,poi_500_65,582,62.3424267695698
poi_500_65,poi_500_65,583,61.06475142306302
poi_500_65,poi_500_65,584,60.69174271845143
poi_500_65,poi_500_65,585,61.2193230217254
poi_500_65,poi_500_65,586,62.04489638933522
poi_500_65,poi_500_65,587,62.3483784795641
poi_500_65,poi_500_65,588,61.63257574496588
poi_500_65,poi_500_65,589,60.305554274106754
poi_500_65,poi_500_65,590,60.028098029891424
poi_500_65,poi_500_65,591,60.74383412011368
poi_500_65,poi_500_65,592,61.7203707861152
poi_500_65,poi_500_65,593,62.09281960355958
poi_500_65,poi_500_65,594,61.372949034711084
poi_500_65,poi_500_65,595,60.45476649904859
poi_500_65,poi_500_65,596,60.028098029891424
poi_500_65,poi_500_65,597,61.04456540777783
poi_500_65,poi_500_65,598,62.00010068076193
poi_500_65,poi_500_65,599,62.39389834601245
