sensor_id,receiver_id,time_index,value_db
poi_500_115,poi_500_115,0,40.0
poi_500_115,poi_500_115,1,40.0
poi_500_115,poi_500_115,2,40.0
poi_500_115,poi_500_115,3,40.0
poi_500_115,poi_500_115,4,40.0
poi_500_115,poi_500_115,5,40.0
poi_500_115,poi_500_115,6,40.0
poi_500_115,poi_500_115,7,40.0
poi_500_115,poi_500_115,8,40.0
poi_500_115,poi_500_115,9,50.70975410460015
poi_500_115,poi_500_115,10,51.270519401770606
poi_500_115,poi_500_115,11,51.87562068659175
poi_500_115,poi_500_115,12,52.53010658058807
poi_500_115,poi_500_115,13,53.23958542986525
poi_500_115,poi_500_115,14,54.01005792219671
poi_500_115,poi_500_115,15,55.34922504697255
poi_500_115,poi_500_115,16,56.21008480943824
poi_500_115,poi_500_115,17,57.145325761683736
poi_500_115,poi_500_115,18,58.147812639324805
poi_500_115,poi_500_115,19,51.22022790757435
poi_500_115,poi_500_115,20,52.8520581795157
poi_500_115,poi_500_115,21,54.861747110656424
poi_500_115,poi_500_115,22,55.47093472782254
poi_500_115,poi_500_115,23,55.98406030953669
poi_500_115,poi_500_115,24,56.45179278134731
poi_500_115,poi_500_115,25,57.39631801701946
poi_500_115,poi_500_115,26,55.498518666624676
poi_500_115,poi_500_115,27,59.985267391757695
poi_500_115,poi_500_115,28,59.741310316805105
poi_500_115,poi_500_115,29,59.751713381735385
poi_500_115,poi_500_115,30,60.0123899643025
poi_500_115,poi_500_115,31,56.31395289740862
poi_500_115,poi_500_115,32,56.39839972809522
poi_500_115,poi_500_115,33,58.26174835909776
poi_500_115,poi_500_115,34,58.147426667590906
poi_500_115,poi_500_115,35,58.11700881587785
poi_500_115,poi_500_115,36,58.16705784750368
poi_500_115,poi_500_115,37,57.97701852356396
poi_500_115,poi_500_115,38,56.246225487517485
poi_500_115,poi_500_115,39,60.54771779703466
poi_500_115,poi_500_115,40,60.354061964547306
poi_500_115,poi_500_115,41,60.400121473821926
poi_500_115,poi_500_115,42,60.678670100689594
poi_500_115,poi_500_115,43,57.62132206573951
poi_500_115,poi_500_115,44,57.90649493686776
poi_500_115,poi_500_115,45,59.502264449213165
poi_500_115,poi_500_115,46,59.675460826417684
poi_500_115,poi_500_115,47,59.980708076994645
poi_500_115,poi_500_115,48,60.41421493284283
poi_500_115,poi_500_115,49,57.00771110287525
poi_500_115,poi_500_115,50,57.112809312537856
poi_500_115,poi_500_115,51,60.51169086782032
poi_500_115,poi_500_115,52,60.30236690276305
poi_500_115,poi_500_115,53,60.28737830721837
poi_500_115,poi_500_115,54,60.465695166602714
poi_500_115,poi_500_115,55,57.253000896923126
poi_500_115,poi_500_115,56,56.83271193667213
poi_500_115,poi_500_115,57,60.123651424459865
poi_500_115,poi_500_115,58,59.559895851744
poi_500_115,poi_500_115,59,59.10048889373435
poi_500_115,poi_500_115,60,58.742822965246326
poi_500_115,poi_500_115,61,58.174336963893936
poi_500_115,poi_500_115,62,55.90175872421576
poi_500_115,poi_500_115,63,59.81317385396089
poi_500_115,poi_500_115,64,59.15892053872366
poi_500_115,poi_500_115,65,58.65369645278905
poi_500_115,poi_500_115,66,58.313600681685855
poi_500_115,poi_500_115,67,57.43118926639948
poi_500_115,poi_500_115,68,55.35685061080385
poi_500_115,poi_500_115,69,57.77548034354395
poi_500_115,poi_500_115,70,57.58191880174998
poi_500_115,poi_500_115,71,57.54894190282268
poi_500_115,poi_500_115,72,57.67340305321392
poi_500_115,poi_500_115,73,57.19603184282321
poi_500_115,poi_500_115,74,55.74536300980563
poi_500_115,poi_500_115,75,58.421904212266085
poi_500_115,poi_500_115,76,58.70125679377614
poi_500_115,poi_500_115,77,59.1603369158231
poi_500_115,poi_500_115,78,59.77624429384242
poi_500_115,poi_500_115,79,56.00731984874234
poi_500_115,poi_500_115,80,56.70693327690165
poi_500_115,poi_500_115,81,58.3629721314783
poi_500_115,poi_500_115,82,58.625410532014854
poi_500_115,poi_500_115,83,59.00969210048781
poi_500_115,poi_500_115,84,59.512560569485835
poi_500_115,poi_500_115,85,55.462440762617504
poi_500_115,poi_500_115,86,55.227225561256496
poi_500_115,poi_500_115,87,59.92924582677514
poi_500_115,poi_500_115,88,59.49089022636911
poi_500_115,poi_500_115,89,59.183462261886525
poi_500_115,poi_500_115,90,59.004882075347226
poi_500_115,poi_500_115,91,59.06938467167449
poi_500_115,poi_500_115,92,57.56153269113044
poi_500_115,poi_500_115,93,61.00306440691683
poi_500_115,poi_500_115,94,60.76173439287434
poi_500_115,poi_500_115,95,60.74963025732947
poi_500_115,poi_500_115,96,60.96555065113151
poi_500_115,poi_500_115,97,57.62132206573951
poi_500_115,poi_500_115,98,57.90649493686776
poi_500_115,poi_500_115,99,59.502264449213165
poi_500_115,poi_500_115,100,59.675460826417684
poi_500_115,poi_500_115,101,59.980708076994645
poi_500_115,poi_500_115,102,60.41421493284283
poi_500_115,poi_500_115,103,57.00771110287525
poi_500_115,poi_500_115,104,57.112809312537856
poi_500_115,poi_500_115,105,60.811317871718074
poi_500_115,poi_500_115,106,60.66190096332417
poi_500_115,poi_500_115,107,60.70400805055458
poi_500_115,poi_500_115,108,60.93279372209721
poi_500_115,poi_500_115,109,58.33511251915047
poi_500_115,poi_500_115,110,58.217830902109434
poi_500_115,poi_500_115,111,60.97063695321985
poi_500_115,poi_500_115,112,60.714696332309465
poi_500_115,poi_500_115,113,60.64571004229914
poi_500_115,poi_500_115,114,60.76650650730507
poi_500_115,poi_500_115,115,57.253000896923126
poi_500_115,poi_500_115,116,56.83271193667213
poi_500_115,poi_500_115,117,60.45025422192736
poi_500_115,poi_500_115,118,59.98329123275792
poi_500_115,poi_500_115,119,59.64021271741679
poi_500_115,poi_500_115,120,59.42037408682468
poi_500_115,poi_500_115,121,59.06938467167449
poi_500_115,poi_500_115,122,57.56153269113044
poi_500_115,poi_500_115,123,60.71681476724311
poi_500_115,poi_500_115,124,60.410710238230806
poi_500_115,poi_500_115,125,60.33756753251814
poi_500_115,poi_500_115,126,60.50215608385018
poi_500_115,poi_500_115,127,56.31395289740862
poi_500_115,poi_500_115,128,56.39839972809522
poi_500_115,poi_500_115,129,57.707015179768305
poi_500_115,poi_500_115,130,57.483519535548886
poi_500_115,poi_500_115,131,57.32888260242778
poi_500_115,poi_500_115,132,57.23700038358171
poi_500_115,poi_500_115,133,56.787982657154174
poi_500_115,poi_500_115,134,53.80513980847239
poi_500_115,poi_500_115,135,59.604008970625166
poi_500_115,poi_500_115,136,59.08318185638335
poi_500_115,poi_500_115,137,58.74556601816417
poi_500_115,poi_500_115,138,58.601997648866
poi_500_115,poi_500_115,139,58.47462522535718
poi_500_115,poi_500_115,140,57.1972206016509
poi_500_115,poi_500_115,141,58.69448737393121
poi_500_115,poi_500_115,142,58.78389186093493
poi_500_115,poi_500_115,143,59.07691627015566
poi_500_115,poi_500_115,144,59.55792289186447
poi_500_115,poi_500_115,145,53.952545558272206
poi_500_115,poi_500_115,146,54.58365327551195
poi_500_115,poi_500_115,147,56.66888548594254
poi_500_115,poi_500_115,148,56.56514815400925
poi_500_115,poi_500_115,149,56.51978358168104
poi_500_115,poi_500_115,150,56.52691302772381
poi_500_115,poi_500_115,151,56.787982657154174
poi_500_115,poi_500_115,152,53.80513980847239
poi_500_115,poi_500_115,153,59.20381294004254
poi_500_115,poi_500_115,154,58.5561402863153
poi_500_115,poi_500_115,155,58.072348100993864
poi_500_115,poi_500_115,156,57.76966974048052
poi_500_115,poi_500_115,157,57.43118926639948
poi_500_115,poi_500_115,158,55.35685061080385
poi_500_115,poi_500_115,159,57.15007039727412
poi_500_115,poi_500_115,160,56.81708673620079
poi_500_115,poi_500_115,161,56.63834416504273
poi_500_115,poi_500_115,162,56.616663117690976
poi_500_115,poi_500_115,163,55.7288127651013
poi_500_115,poi_500_115,164,52.8841363617752
poi_500_115,poi_500_115,165,55.94844231642584
poi_500_115,poi_500_115,166,55.72569882243244
poi_500_115,poi_500_115,167,55.673199629898356
poi_500_115,poi_500_115,168,55.786482067559646
poi_500_115,poi_500_115,169,55.7288127651013
poi_500_115,poi_500_115,170,52.8841363617752
poi_500_115,poi_500_115,171,56.755654507821525
poi_500_115,poi_500_115,172,56.686398126083375
poi_500_115,poi_500_115,173,56.78356442849992
poi_500_115,poi_500_115,174,57.036447074715156
poi_500_115,poi_500_115,175,57.19603184282321
poi_500_115,poi_500_115,176,55.74536300980563
poi_500_115,poi_500_115,177,57.88854190957548
poi_500_115,poi_500_115,178,58.12239708809589
poi_500_115,poi_500_115,179,58.5529463281813
poi_500_115,poi_500_115,180,59.15600267716209
poi_500_115,poi_500_115,181,53.952545558272206
poi_500_115,poi_500_115,182,54.58365327551195
poi_500_115,poi_500_115,183,56.66888548594254
poi_500_115,poi_500_115,184,56.56514815400925
poi_500_115,poi_500_115,185,56.51978358168104
poi_500_115,poi_500_115,186,56.52691302772381
poi_500_115,poi_500_115,187,56.787982657154174
poi_500_115,poi_500_115,188,53.80513980847239
poi_500_115,poi_500_115,189,59.20381294004254
poi_500_115,poi_500_115,190,58.5561402863153
poi_500_115,poi_500_115,191,58.072348100993864
poi_500_115,poi_500_115,192,57.76966974048052
poi_500_115,poi_500_115,193,57.43118926639948
poi_500_115,poi_500_115,194,55.35685061080385
poi_500_115,poi_500_115,195,57.77548034354395
poi_500_115,poi_500_115,196,57.58191880174998
poi_500_115,poi_500_115,197,57.54894190282268
poi_500_115,poi_500_115,198,57.67340305321392
poi_500_115,poi_500_115,199,57.19603184282321
poi_500_115,poi_500_115,200,55.74536300980563
poi_500_115,poi_500_115,201,58.421904212266085
poi_500_115,poi_500_115,202,58.70125679377614
poi_500_115,poi_500_115,203,59.1603369158231
poi_500_115,poi_500_115,204,59.77624429384242
poi_500_115,poi_500_115,205,56.00731984874234
poi_500_115,poi_500_115,206,56.70693327690165
poi_500_115,poi_500_115,207,58.3629721314783
poi_500_115,poi_500_115,208,58.625410532014854
poi_500_115,poi_500_115,209,59.00969210048781
poi_500_115,poi_500_115,210,59.512560569485835
poi_500_115,poi_500_115,211,55.462440762617504
poi_500_115,poi_500_115,212,55.227225561256496
poi_500_115,poi_500_115,213,59.559192575501434
poi_500_115,poi_500_115,214,59.01377206360461
poi_500_115,poi_500_115,215,58.579532395383396
poi_500_115,poi_500_115,216,58.25308279688912
poi_500_115,poi_500_115,217,58.174336963893936
poi_500_115,poi_500_115,218,55.90175872421576
poi_500_115,poi_500_115,219,59.81317385396089
poi_500_115,poi_500_115,220,59.15892053872366
poi_500_115,poi_500_115,221,58.65369645278905
poi_500_115,poi_500_115,222,58.313600681685855
poi_500_115,poi_500_115,223,57.43118926639948
poi_500_115,poi_500_115,224,55.35685061080385
poi_500_115,poi_500_115,225,57.77548034354395
poi_500_115,poi_500_115,226,57.58191880174998
poi_500_115,poi_500_115,227,57.54894190282268
poi_500_115,poi_500_115,228,57.67340305321392
poi_500_115,poi_500_115,229,57.19603184282321
poi_500_115,poi_500_115,230,55.74536300980563
poi_500_115,poi_500_115,231,57.88854190957548
poi_500_115,poi_500_115,232,58.12239708809589
poi_500_115,poi_500_115,233,58.5529463281813
poi_500_115,poi_500_115,234,59.15600267716209
poi_500_115,poi_500_115,235,53.952545558272206
poi_500_115,poi_500_115,236,54.58365327551195
poi_500_115,poi_500_115,237,57.36201097434224
poi_500_115,poi_500_115,238,57.37166407658356
poi_500_115,poi_500_115,239,57.45305673154158
poi_500_115,poi_500_115,240,57.60319502192216
poi_500_115,poi_500_115,241,57.97701852356396
poi_500_115,poi_500_115,242,56.246225487517485
poi_500_115,poi_500_115,243,60.2286359068858
poi_500_115,poi_500_115,244,59.96690665740081
poi_500_115,poi_500_115,245,59.95168288684641
poi_500_115,poi_500_115,246,60.18175263888259
poi_500_115,poi_500_115,247,56.31395289740862
poi_500_115,poi_500_115,248,56.39839972809522
poi_500_115,poi_500_115,249,58.26174835909776
poi_500_115,poi_500_115,250,58.147426667590906
poi_500_115,poi_500_115,251,58.11700881587785
poi_500_115,poi_500_115,252,58.16705784750368
poi_500_115,poi_500_115,253,57.97701852356396
poi_500_115,poi_500_115,254,56.246225487517485
poi_500_115,poi_500_115,255,60.2286359068858
poi_500_115,poi_500_115,256,59.96690665740081
poi_500_115,poi_500_115,257,59.95168288684641
poi_500_115,poi_500_115,258,60.18175263888259
poi_500_115,poi_500_115,259,56.31395289740862
poi_500_115,poi_500_115,260,56.39839972809522
poi_500_115,poi_500_115,261,57.707015179768305
poi_500_115,poi_500_115,262,57.483519535548886
poi_500_115,poi_500_115,263,57.32888260242778
poi_500_115,poi_500_115,264,57.23700038358171
poi_500_115,poi_500_115,265,56.787982657154174
poi_500_115,poi_500_115,266,53.80513980847239
poi_500_115,poi_500_115,267,59.604008970625166
poi_500_115,poi_500_115,268,59.08318185638335
poi_500_115,poi_500_115,269,58.74556601816417
poi_500_115,poi_500_115,270,58.601997648866
poi_500_115,poi_500_115,271,58.47462522535718
poi_500_115,poi_500_115,272,57.1972206016509
poi_500_115,poi_500_115,273,58.69448737393121
poi_500_115,poi_500_115,274,58.78389186093493
poi_500_115,poi_500_115,275,59.07691627015566
poi_500_115,poi_500_115,276,59.55792289186447
poi_500_115,poi_500_115,277,53.952545558272206
poi_500_115,poi_500_115,278,54.58365327551195
poi_500_115,poi_500_115,279,57.36201097434224
poi_500_115,poi_500_115,280,57.37166407658356
poi_500_115,poi_500_115,281,57.45305673154158
poi_500_115,poi_500_115,282,57.60319502192216
poi_500_115,poi_500_115,283,57.97701852356396
poi_500_115,poi_500_115,284,56.246225487517485
poi_500_115,poi_500_115,285,60.54771779703466
poi_500_115,poi_500_115,286,60.354061964547306
poi_500_115,poi_500_115,287,60.400121473821926
poi_500_115,poi_500_115,288,60.678670100689594
poi_500_115,poi_500_115,289,57.62132206573951
poi_500_115,poi_500_115,290,57.90649493686776
poi_500_115,poi_500_115,291,59.092119922550864
poi_500_115,poi_500_115,292,59.21927585885345
poi_500_115,poi_500_115,293,59.48410563939126
poi_500_115,poi_500_115,294,59.884116997615195
poi_500_115,poi_500_115,295,55.462440762617504
poi_500_115,poi_500_115,296,55.227225561256496
poi_500_115,poi_500_115,297,59.92924582677514
poi_500_115,poi_500_115,298,59.49089022636911
poi_500_115,poi_500_115,299,59.183462261886525
poi_500_115,poi_500_115,300,59.004882075347226
poi_500_115,poi_500_115,301,59.06938467167449
poi_500_115,poi_500_115,302,57.56153269113044
poi_500_115,poi_500_115,303,60.71681476724311
poi_500_115,poi_500_115,304,60.410710238230806
poi_500_115,poi_500_115,305,60.33756753251814
poi_500_115,poi_500_115,306,60.50215608385018
poi_500_115,poi_500_115,307,56.31395289740862
poi_500_115,poi_500_115,308,56.39839972809522
poi_500_115,poi_500_115,309,57.707015179768305
poi_500_115,poi_500_115,310,57.483519535548886
poi_500_115,poi_500_115,311,57.32888260242778
poi_500_115,poi_500_115,312,57.23700038358171
poi_500_115,poi_500_115,313,56.787982657154174
poi_500_115,poi_500_115,314,53.80513980847239
poi_500_115,poi_500_115,315,59.604008970625166
poi_500_115,poi_500_115,316,59.08318185638335
poi_500_115,poi_500_115,317,58.74556601816417
poi_500_115,poi_500_115,318,58.601997648866
poi_500_115,poi_500_115,319,58.47462522535718
poi_500_115,poi_500_115,320,57.1972206016509
poi_500_115,poi_500_115,321,59.141995823160485
poi_500_115,poi_500_115,322,59.28550207790498
poi_500_115,poi_500_115,323,59.61940149520896
poi_500_115,poi_500_115,324,60.12677204539746
poi_500_115,poi_500_115,325,56.00731984874234
poi_500_115,poi_500_115,326,56.70693327690165
poi_500_115,poi_500_115,327,58.3629721314783
poi_500_115,poi_500_115,328,58.625410532014854
poi_500_115,poi_500_115,329,59.00969210048781
poi_500_115,poi_500_115,330,59.512560569485835
poi_500_115,poi_500_115,331,55.462440762617504
poi_500_115,poi_500_115,332,55.227225561256496
poi_500_115,poi_500_115,333,59.559192575501434
poi_500_115,poi_500_115,334,59.01377206360461
poi_500_115,poi_500_115,335,58.579532395383396
poi_500_115,poi_500_115,336,58.25308279688912
poi_500_115,poi_500_115,337,58.174336963893936
poi_500_115,poi_500_115,338,55.90175872421576
poi_500_115,poi_500_115,339,59.81317385396089
poi_500_115,poi_500_115,340,59.15892053872366
poi_500_115,poi_500_115,341,58.65369645278905
poi_500_115,poi_500_115,342,58.313600681685855
poi_500_115,poi_500_115,343,57.43118926639948
poi_500_115,poi_500_115,344,55.35685061080385
poi_500_115,poi_500_115,345,57.15007039727412
poi_500_115,poi_500_115,346,56.81708673620079
poi_500_115,poi_500_115,347,56.63834416504273
poi_500_115,poi_500_115,348,56.616663117690976
poi_500_115,poi_500_115,349,55.7288127651013
poi_500_115,poi_500_115,350,52.8841363617752
poi_500_115,poi_500_115,351,55.94844231642584
poi_500_115,poi_500_115,352,55.72569882243244
poi_500_115,poi_500_115,353,55.673199629898356
poi_500_115,poi_500_115,354,55.786482067559646
poi_500_115,poi_500_115,355,55.7288127651013
poi_500_115,poi_500_115,356,52.8841363617752
poi_500_115,poi_500_115,357,56.755654507821525
poi_500_115,poi_500_115,358,56.686398126083375
poi_500_115,poi_500_115,359,56.78356442849992
poi_500_115,poi_500_115,360,57.036447074715156
poi_500_115,poi_500_115,361,57.19603184282321
poi_500_115,poi_500_115,362,55.74536300980563
poi_500_115,poi_500_115,363,58.421904212266085
poi_500_115,poi_500_115,364,58.70125679377614
poi_500_115,poi_500_115,365,59.1603369158231
poi_500_115,poi_500_115,366,59.77624429384242
poi_500_115,poi_500_115,367,56.00731984874234
poi_500_115,poi_500_115,368,56.70693327690165
poi_500_115,poi_500_115,369,58.3629721314783
poi_500_115,poi_500_115,370,58.625410532014854
poi_500_115,poi_500_115,371,59.00969210048781
poi_500_115,poi_500_115,372,59.512560569485835
poi_500_115,poi_500_115,373,55.462440762617504
poi_500_115,poi_500_115,374,55.227225561256496
poi_500_115,poi_500_115,375,59.559192575501434
poi_500_115,poi_500_115,376,59.01377206360461
poi_500_115,poi_500_115,377,58.579532395383396
poi_500_115,poi_500_115,378,58.25308279688912
poi_500_115,poi_500_115,379,58.174336963893936
poi_500_115,poi_500_115,380,55.90175872421576
poi_500_115,poi_500_115,381,60.16303030361267
poi_500_115,poi_500_115,382,59.62116143894073
poi_500_115,poi_500_115,383,59.24806926850187
poi_500_115,poi_500_115,384,59.055836629014244
poi_500_115,poi_500_115,385,58.47462522535718
poi_500_115,poi_500_115,386,57.1972206016509
poi_500_115,poi_500_115,387,59.141995823160485
poi_500_115,poi_500_115,388,59.28550207790498
poi_500_115,poi_500_115,389,59.61940149520896
poi_500_115,poi_500_115,390,60.12677204539746
poi_500_115,poi_500_115,391,56.00731984874234
poi_500_115,poi_500_115,392,56.70693327690165
poi_500_115,poi_500_115,393,58.84408042372776
poi_500_115,poi_500_115,394,59.14459150135863
poi_500_115,poi_500_115,395,59.56012527657593
poi_500_115,poi_500_115,396,60.08700428861811
poi_500_115,poi_500_115,397,57.00771110287525
poi_500_115,poi_500_115,398,57.112809312537856
poi_500_115,poi_500_115,399,60.811317871718074
poi_500_115,poi_500_115,400,60.66190096332417
poi_500_115,poi_500_115,401,60.70400805055458
poi_500_115,poi_500_115,402,60.93279372209721
poi_500_115,poi_500_115,403,58.33511251915047
poi_500_115,poi_500_115,404,58.217830902109434
poi_500_115,poi_500_115,405,60.97063695321985
poi_500_115,poi_500_115,406,60.714696332309465
poi_500_115,poi_500_115,407,60.64571004229914
poi_500_115,poi_500_115,408,60.76650650730507
poi_500_115,poi_500_115,409,57.253000896923126
poi_500_115,poi_500_115,410,56.83271193667213
poi_500_115,poi_500_115,411,60.45025422192736
poi_500_115,poi_500_115,412,59.98329123275792
poi_500_115,poi_500_115,413,59.64021271741679
poi_500_115,poi_500_115,414,59.42037408682468
poi_500_115,poi_500_115,415,59.06938467167449
poi_500_115,poi_500_115,416,57.56153269113044
poi_500_115,poi_500_115,417,61.00306440691683
poi_500_115,poi_500_115,418,60.76173439287434
poi_500_115,poi_500_115,419,60.74963025732947
poi_500_115,poi_500_115,420,60.96555065113151
poi_500_115,poi_500_115,421,57.62132206573951
poi_500_115,poi_500_115,422,57.90649493686776
poi_500_115,poi_500_115,423,59.502264449213165
poi_500_115,poi_500_115,424,59.675460826417684
poi_500_115,poi_500_115,425,59.980708076994645
poi_500_115,poi_500_115,426,60.41421493284283
poi_500_115,poi_500_115,427,57.00771110287525
poi_500_115,poi_500_115,428,57.112809312537856
poi_500_115,poi_500_115,429,60.811317871718074
poi_500_115,poi_500_115,430,60.66190096332417
poi_500_115,poi_500_115,431,60.70400805055458
poi_500_115,poi_500_115,432,60.93279372209721
poi_500_115,poi_500_115,433,58.33511251915047
poi_500_115,poi_500_115,434,58.217830902109434
poi_500_115,poi_500_115,435,60.97063695321985
poi_500_115,poi_500_115,436,60.714696332309465
poi_500_115,poi_500_115,437,60.64571004229914
poi_500_115,poi_500_115,438,60.76650650730507
poi_500_115,poi_500_115,439,57.253000896923126
poi_500_115,poi_500_115,440,56.83271193667213
poi_500_115,poi_500_115,441,60.45025422192736
poi_500_115,poi_500_115,442,59.98329123275792
poi_500_115,poi_500_115,443,59.64021271741679
poi_500_115,poi_500_115,444,59.42037408682468
poi_500_115,poi_500_115,445,59.06938467167449
poi_500_115,poi_500_115,446,57.56153269113044
poi_500_115,poi_500_115,447,61.00306440691683
poi_500_115,poi_500_115,448,60.76173439287434
poi_500_115,poi_500_115,449,60.74963025732947
poi_500_115,poi_500_115,450,60.96555065113151
poi_500_115,poi_500_115,451,57.62132206573951
poi_500_115,poi_500_115,452,57.90649493686776
poi_500_115,poi_500_115,453,59.502264449213165
poi_500_115,poi_500_115,454,59.675460826417684
poi_500_115,poi_500_115,455,59.980708076994645
poi_500_115,poi_500_115,456,60.41421493284283
poi_500_115,poi_500_115,457,57.00771110287525
poi_500_115,poi_500_115,458,57.112809312537856
poi_500_115,poi_500_115,459,60.51169086782032
poi_500_115,poi_500_115,460,60.30236690276305
poi_500_115,poi_500_115,461,60.28737830721837
poi_500_115,poi_500_115,462,60.465695166602714
poi_500_115,poi_500_115,463,57.253000896923126
poi_500_115,poi_500_115,464,56.83271193667213
poi_500_115,poi_500_115,465,60.45025422192736
poi_500_115,poi_500_115,466,59.98329123275792
poi_500_115,poi_500_115,467,59.64021271741679
poi_500_115,poi_500_115,468,59.42037408682468
poi_500_115,poi_500_115,469,59.06938467167449
poi_500_115,poi_500_115,470,57.56153269113044
poi_500_115,poi_500_115,471,60.71681476724311
poi_500_115,poi_500_115,472,60.410710238230806
poi_500_115,poi_500_115,473,60.33756753251814
poi_500_115,poi_500_115,474,60.50215608385018
poi_500_115,poi_500_115,475,56.31395289740862
poi_500_115,poi_500_115,476,56.39839972809522
poi_500_115,poi_500_115,477,58.26174835909776
poi_500_115,poi_500_115,478,58.147426667590906
poi_500_115,poi_500_115,479,58.11700881587785
poi_500_115,poi_500_115,480,58.16705784750368
poi_500_115,poi_500_115,481,57.97701852356396
poi_500_115,poi_500_115,482,56.246225487517485
poi_500_115,poi_500_115,483,60.2286359068858
poi_500_115,poi_500_115,484,59.96690665740081
poi_500_115,poi_500_115,485,59.95168288684641
poi_500_115,poi_500_115,486,60.18175263888259
poi_500_115,poi_500_115,487,56.31395289740862
poi_500_115,poi_500_115,488,56.39839972809522
poi_500_115,poi_500_115,489,57.707015179768305
poi_500_115,poi_500_115,490,57.483519535548886
poi_500_115,poi_500_115,491,57.32888260242778
poi_500_115,poi_500_115,492,57.23700038358171
poi_500_115,poi_500_115,493,56.787982657154174
poi_500_115,poi_500_115,494,53.80513980847239
poi_500_115,poi_500_115,495,59.604008970625166
poi_500_115,poi_500_115,496,59.08318185638335
poi_500_115,poi_500_115,497,58.74556601816417
poi_500_115,poi_500_115,498,58.601997648866
poi_500_115,poi_500_115,499,58.47462522535718
poi_500_115,poi_500_115,500,57.1972206016509
poi_500_115,poi_500_115,501,59.141995823160485
poi_500_115,poi_500_115,502,59.28550207790498
poi_500_115,poi_500_115,503,59.61940149520896
poi_500_115,poi_500_115,504,60.12677204539746
poi_500_115,poi_500_115,505,56.00731984874234
poi_500_115,poi_500_115,506,56.70693327690165
poi_500_115,poi_500_115,507,58.3629721314783
poi_500_115,poi_500_115,508,58.625410532014854
poi_500_115,poi_500_115,509,59.00969210048781
poi_500_115,poi_500_115,510,59.512560569485835
poi_500_115,poi_500_115,511,55.462440762617504
poi_500_115,poi_500_115,512,55.227225561256496
poi_500_115,poi_500_115,513,59.559192575501434
poi_500_115,poi_500_115,514,59.01377206360461
poi_500_115,poi_500_115,515,58.579532395383396
poi_500_115,poi_500_115,516,58.25308279688912
poi_500_115,poi_500_115,517,58.174336963893936
poi_500_115,poi_500_115,518,55.90175872421576
poi_500_115,poi_500_115,519,59.81317385396089
poi_500_115,poi_500_115,520,59.15892053872366
poi_500_115,poi_500_115,521,58.65369645278905
poi_500_115,poi_500_115,522,58.313600681685855
poi_500_115,poi_500_115,523,57.43118926639948
poi_500_115,poi_500_115,524,55.35685061080385
poi_500_115,poi_500_115,525,57.77548034354395
poi_500_115,poi_500_115,526,57.58191880174998
poi_500_115,poi_500_115,527,57.54894190282268
poi_500_115,poi_500_115,528,57.67340305321392
poi_500_115,poi_500_115,529,57.19603184282321
poi_500_115,poi_500_115,530,55.74536300980563
poi_500_115,poi_500_115,531,58.421904212266085
poi_500_115,poi_500_115,532,58.70125679377614
poi_500_115,poi_500_115,533,59.1603369158231
poi_500_115,poi_500_115,534,59.77624429384242
poi_500_115,poi_500_115,535,56.00731984874234
poi_500_115,poi_500_115,536,56.70693327690165
poi_500_115,poi_500_115,537,58.84408042372776
poi_500_115,poi_500_115,538,59.14459150135863
poi_500_115,poi_500_115,539,59.56012527657593
poi_500_115,poi_500_115,540,60.08700428861811
poi_500_115,poi_500_115,541,57.00771110287525
poi_500_115,poi_500_115,542,57.112809312537856
poi_500_115,poi_500_115,543,60.51169086782032
poi_500_115,poi_500_115,544,60.30236690276305
poi_500_115,poi_500_115,545,60.28737830721837
poi_500_115,poi_500_115,546,60.465695166602714
poi_500_115,poi_500_115,547,57.253000896923126
poi_500_115,poi_500_115,548,56.83271193667213
poi_500_115,poi_500_115,549,60.45025422192736
poi_500_115,poi_500_115,550,59.98329123275792
poi_500_115,poi_500_115,551,59.64021271741679
poi_500_115,poi_500_115,552,59.42037408682468
poi_500_115,poi_500_115,553,59.06938467167449
poi_500_115,poi_500_115,554,57.56153269113044
poi_500_115,poi_500_115,555,61.00306440691683
poi_500_115,poi_500_115,556,60.76173439287434
poi_500_115,poi_500_115,557,60.74963025732947
poi_500_115,poi_500_115,558,60.96555065113151
poi_500_115,poi_500_115,559,57.62132206573951
poi_500_115,poi_500_115,560,57.90649493686776
poi_500_115,poi_500_115,561,59.502264449213165
poi_500_115,poi_500_115,562,59.675460826417684
poi_500_115,poi_500_115,563,59.980708076994645
poi_500_115,poi_500_115,564,60.41421493284283
poi_500_115,poi_500_115,565,57.00771110287525
poi_500_115,poi_500_115,566,57.112809312537856
poi_500_115,poi_500_115,567,60.51169086782032
poi_500_115,poi_500_115,568,60.30236690276305
poi_500_115,poi_500_115,569,60.28737830721837
poi_500_115,poi_500_115,570,60.465695166602714
poi_500_115,poi_500_115,571,57.253000896923126
poi_500_115,poi_500_115,572,56.83271193667213
poi_500_115,poi_500_115,573,60.123651424459865
poi_500_115,poi_500_115,574,59.559895851744
poi_500_115,poi_500_115,575,59.10048889373435
poi_500_115,poi_500_115,576,58.742822965246326
poi_500_115,poi_500_115,577,58.174336963893936
poi_500_115,poi_500_115,578,55.90175872421576
poi_500_115,poi_500_115,579,59.81317385396089
poi_500_115,poi_500_115,580,59.15892053872366
poi_500_115,poi_500_115,581,58.65369645278905
poi_500_115,poi_500_115,582,58.313600681685855
poi_500_115,poi_500_115,583,57.43118926639948
poi_500_115,poi_500_115,584,55.35685061080385
poi_500_115,poi_500_115,585,57.15007039727412
poi_500_115,poi_500_115,586,56.81708673620079
poi_500_115,poi_500_115,587,56.63834416504273
poi_500_115,poi_500_115,588,56.616663117690976
poi_500_115,poi_500_115,589,55.7288127651013
poi_500_115,poi_500_115,590,52.8841363617752
poi_500_115,poi_500_115,591,55.94844231642584
poi_500_115,poi_500_115,592,55.72569882243244
poi_500_115,poi_500_115,593,55.673199629898356
poi_500_115,poi_500_115,594,55.786482067559646
poi_500_115,poi_500_115,595,55.7288127651013
poi_500_115,poi_500_115,596,52.8841363617752
poi_500_115,poi_500_115,597,56.755654507821525
poi_500_115,poi_500_115,598,56.686398126083375
poi_500_115,poi_500_115,599,56.78356442849992
poi_500_165,poi_500_165,0,40.0
poi_500_165,poi_500_165,1,40.0
poi_500_165,poi_500_165,2,40.0
poi_500_165,poi_500_165,3,40.0
poi_500_165,poi_500_165,4,40.0
poi_500_165,poi_500_165,5,40.0
poi_500_165,poi_500_165,6,40.0
poi_500_165,poi_500_165,7,40.0
poi_500_165,poi_500_165,8,40.0
poi_500_165,poi_500_165,9,40.0
poi_500_165,poi_500_165,10,50.88646293782105
poi_500_165,poi_500_165,11,51.42819954842316
poi_500_165,poi_500_165,12,52.004628822045575
poi_500_165,poi_500_165,13,52.61697266302846
poi_500_165,poi_500_165,14,53.26536652952428
poi_500_165,poi_500_165,15,53.94796654357191
poi_500_165,poi_500_165,16,55.19893637876778
poi_500_165,poi_500_165,17,55.89527153649772
poi_500_165,poi_500_165,18,56.595986159389994
poi_500_165,poi_500_165,19,57.27147061645567
poi_500_165,poi_500_165,20,51.272055339799046
poi_500_165,poi_500_165,21,51.082229478272076
poi_500_165,poi_500_165,22,54.23301667379551
poi_500_165,poi_500_165,23,54.69760441664779
poi_500_165,poi_500_165,24,55.158121743900935
poi_500_165,poi_500_165,25,55.73322069764396
poi_500_165,poi_500_165,26,58.58907047149496
poi_500_165,poi_500_165,27,58.37948566420123
poi_500_165,poi_500_165,28,58.50079165296748
poi_500_165,poi_500_165,29,58.51948917494249
poi_500_165,poi_500_165,30,58.65273955389293
poi_500_165,poi_500_165,31,58.87560530526369
poi_500_165,poi_500_165,32,55.32731884615005
poi_500_165,poi_500_165,33,56.14672838867682
poi_500_165,poi_500_165,34,57.082514697300546
poi_500_165,poi_500_165,35,57.066910140069645
poi_500_165,poi_500_165,36,56.07242222870089
poi_500_165,poi_500_165,37,56.444063058350565
poi_500_165,poi_500_165,38,58.925532350432796
poi_500_165,poi_500_165,39,58.692039148993835
poi_500_165,poi_500_165,40,59.23161421008085
poi_500_165,poi_500_165,41,59.286478506976145
poi_500_165,poi_500_165,42,59.45274374080051
poi_500_165,poi_500_165,43,59.546647126418584
poi_500_165,poi_500_165,44,56.91986647899468
poi_500_165,poi_500_165,45,57.707862851882126
poi_500_165,poi_500_165,46,58.58571700665561
poi_500_165,poi_500_165,47,58.80972841662411
poi_500_165,poi_500_165,48,58.47103036249547
poi_500_165,poi_500_165,49,58.987407659123676
poi_500_165,poi_500_165,50,59.205374418932664
poi_500_165,poi_500_165,51,58.897426481482604
poi_500_165,poi_500_165,52,58.98606193153711
poi_500_165,poi_500_165,53,58.97725037647013
poi_500_165,poi_500_165,54,59.06518285122844
poi_500_165,poi_500_165,55,59.10056736146555
poi_500_165,poi_500_165,56,59.08369258615592
poi_500_165,poi_500_165,57,58.4994275346334
poi_500_165,poi_500_165,58,58.29992509463339
poi_500_165,poi_500_165,59,57.94011829214419
poi_500_165,poi_500_165,60,56.72601106556237
poi_500_165,poi_500_165,61,56.645249347453436
poi_500_165,poi_500_165,62,58.795629398262946
poi_500_165,poi_500_165,63,58.273807949761895
poi_500_165,poi_500_165,64,58.049248202194946
poi_500_165,poi_500_165,65,57.66747830984173
poi_500_165,poi_500_165,66,56.38338882857158
poi_500_165,poi_500_165,67,56.24114835634571
poi_500_165,poi_500_165,68,54.609170233249216
poi_500_165,poi_500_165,69,55.75133037306539
poi_500_165,poi_500_165,70,56.747531286138894
poi_500_165,poi_500_165,71,56.73114968646007
poi_500_165,poi_500_165,72,55.671511885973345
poi_500_165,poi_500_165,73,56.01983549674721
poi_500_165,poi_500_165,74,54.94185716761148
poi_500_165,poi_500_165,75,56.47272766681929
poi_500_165,poi_500_165,76,57.698159031785366
poi_500_165,poi_500_165,77,58.05475693899921
poi_500_165,poi_500_165,78,58.48128300579386
poi_500_165,poi_500_165,79,58.75634618180093
poi_500_165,poi_500_165,80,55.61091759786706
poi_500_165,poi_500_165,81,56.80989628531375
poi_500_165,poi_500_165,82,57.34428959317488
poi_500_165,poi_500_165,83,57.63913660948931
poi_500_165,poi_500_165,84,57.990893880792015
poi_500_165,poi_500_165,85,58.215476845496
poi_500_165,poi_500_165,86,58.336261980063206
poi_500_165,poi_500_165,87,57.7645691478853
poi_500_165,poi_500_165,88,58.224964661961174
poi_500_165,poi_500_165,89,58.028070277515965
poi_500_165,poi_500_165,90,57.91594980676433
poi_500_165,poi_500_165,91,57.71478551860633
poi_500_165,poi_500_165,92,59.58495375316227
poi_500_165,poi_500_165,93,59.29491139330095
poi_500_165,poi_500_165,94,59.7006109386578
poi_500_165,poi_500_165,95,59.69388578721731
poi_500_165,poi_500_165,96,59.264700398461336
poi_500_165,poi_500_165,97,59.546647126418584
poi_500_165,poi_500_165,98,56.91986647899468
poi_500_165,poi_500_165,99,57.707862851882126
poi_500_165,poi_500_165,100,58.58571700665561
poi_500_165,poi_500_165,101,58.80972841662411
poi_500_165,poi_500_165,102,58.47103036249547
poi_500_165,poi_500_165,103,58.987407659123676
poi_500_165,poi_500_165,104,59.205374418932664
poi_500_165,poi_500_165,105,58.897426481482604
poi_500_165,poi_500_165,106,59.42384581851943
poi_500_165,poi_500_165,107,59.476095601625914
poi_500_165,poi_500_165,108,59.62511961649107
poi_500_165,poi_500_165,109,59.74010784782542
poi_500_165,poi_500_165,110,59.826448348149846
poi_500_165,poi_500_165,111,59.47421953698516
poi_500_165,poi_500_165,112,59.480841829877384
poi_500_165,poi_500_165,113,59.4132621639018
poi_500_165,poi_500_165,114,58.859164452114534
poi_500_165,poi_500_165,115,59.10056736146555
poi_500_165,poi_500_165,116,59.08369258615592
poi_500_165,poi_500_165,117,58.4994275346334
poi_500_165,poi_500_165,118,58.80840576458807
poi_500_165,poi_500_165,119,58.564254701470794
poi_500_165,poi_500_165,120,57.64554191832786
poi_500_165,poi_500_165,121,57.71478551860633
poi_500_165,poi_500_165,122,59.58495375316227
poi_500_165,poi_500_165,123,59.29491139330095
poi_500_165,poi_500_165,124,59.29117209211121
poi_500_165,poi_500_165,125,59.22081962936759
poi_500_165,poi_500_165,126,58.65273955389293
poi_500_165,poi_500_165,127,58.87560530526369
poi_500_165,poi_500_165,128,55.32731884615005
poi_500_165,poi_500_165,129,56.14672838867682
poi_500_165,poi_500_165,130,56.302496204416514
poi_500_165,poi_500_165,131,56.15727082643981
poi_500_165,poi_500_165,132,54.68111731647156
poi_500_165,poi_500_165,133,54.941419876062085
poi_500_165,poi_500_165,134,57.99190296255575
poi_500_165,poi_500_165,135,57.49604233637104
poi_500_165,poi_500_165,136,57.96979272132813
poi_500_165,poi_500_165,137,57.76106773755264
poi_500_165,poi_500_165,138,57.65793780176766
poi_500_165,poi_500_165,139,57.40215925796883
poi_500_165,poi_500_165,140,56.43506796201894
poi_500_165,poi_500_165,141,57.435693950697335
poi_500_165,poi_500_165,142,57.7826932409029
poi_500_165,poi_500_165,143,57.96734920526062
poi_500_165,poi_500_165,144,57.45529595730372
poi_500_165,poi_500_165,145,57.938005276542924
poi_500_165,poi_500_165,146,53.2827736652754
poi_500_165,poi_500_165,147,54.7942913786575
poi_500_165,poi_500_165,148,55.20194979496584
poi_500_165,poi_500_165,149,55.17642987691389
poi_500_165,poi_500_165,150,55.20087997132221
poi_500_165,poi_500_165,151,54.941419876062085
poi_500_165,poi_500_165,152,57.99190296255575
poi_500_165,poi_500_165,153,57.49604233637104
poi_500_165,poi_500_165,154,57.34486232896912
poi_500_165,poi_500_165,155,56.998390080964725
poi_500_165,poi_500_165,156,56.74132492275675
poi_500_165,poi_500_165,157,56.24114835634571
poi_500_165,poi_500_165,158,54.609170233249216
poi_500_165,poi_500_165,159,55.75133037306539
poi_500_165,poi_500_165,160,55.89845166096006
poi_500_165,poi_500_165,161,55.739402444967055
poi_500_165,poi_500_165,162,54.11863753176401
poi_500_165,poi_500_165,163,54.32894485313735
poi_500_165,poi_500_165,164,52.06772703780989
poi_500_165,poi_500_165,165,54.24495871521997
poi_500_165,poi_500_165,166,54.674031340144595
poi_500_165,poi_500_165,167,54.64597231075881
poi_500_165,poi_500_165,168,54.70561440408851
poi_500_165,poi_500_165,169,54.32894485313735
poi_500_165,poi_500_165,170,52.06772703780989
poi_500_165,poi_500_165,171,54.24495871521997
poi_500_165,poi_500_165,172,55.76729874820592
poi_500_165,poi_500_165,173,55.88443005604997
poi_500_165,poi_500_165,174,56.09021810166705
poi_500_165,poi_500_165,175,56.01983549674721
poi_500_165,poi_500_165,176,54.94185716761148
poi_500_165,poi_500_165,177,56.47272766681929
poi_500_165,poi_500_165,178,57.02962901598739
poi_500_165,poi_500_165,179,57.3462572949842
poi_500_165,poi_500_165,180,57.737427444784615
poi_500_165,poi_500_165,181,57.938005276542924
poi_500_165,poi_500_165,182,53.2827736652754
poi_500_165,poi_500_165,183,54.7942913786575
poi_500_165,poi_500_165,184,55.20194979496584
poi_500_165,poi_500_165,185,55.17642987691389
poi_500_165,poi_500_165,186,55.20087997132221
poi_500_165,poi_500_165,187,54.941419876062085
poi_500_165,poi_500_165,188,57.99190296255575
poi_500_165,poi_500_165,189,57.49604233637104
poi_500_165,poi_500_165,190,57.34486232896912
poi_500_165,poi_500_165,191,56.998390080964725
poi_500_165,poi_500_165,192,56.74132492275675
poi_500_165,poi_500_165,193,56.24114835634571
poi_500_165,poi_500_165,194,54.609170233249216
poi_500_165,poi_500_165,195,55.75133037306539
poi_500_165,poi_500_165,196,56.747531286138894
poi_500_165,poi_500_165,197,56.73114968646007
poi_500_165,poi_500_165,198,55.671511885973345
poi_500_165,poi_500_165,199,56.01983549674721
poi_500_165,poi_500_165,200,54.94185716761148
poi_500_165,poi_500_165,201,56.47272766681929
poi_500_165,poi_500_165,202,57.698159031785366
poi_500_165,poi_500_165,203,58.05475693899921
poi_500_165,poi_500_165,204,58.48128300579386
poi_500_165,poi_500_165,205,58.75634618180093
poi_500_165,poi_500_165,206,55.61091759786706
poi_500_165,poi_500_165,207,56.80989628531375
poi_500_165,poi_500_165,208,57.34428959317488
poi_500_165,poi_500_165,209,57.63913660948931
poi_500_165,poi_500_165,210,57.99089388079202
poi_500_165,poi_500_165,211,58.215476845496
poi_500_165,poi_500_165,212,58.336261980063206
poi_500_165,poi_500_165,213,57.7645691478853
poi_500_165,poi_500_165,214,57.638219428914894
poi_500_165,poi_500_165,215,57.31482462688589
poi_500_165,poi_500_165,216,57.05780443658387
poi_500_165,poi_500_165,217,56.645249347453436
poi_500_165,poi_500_165,218,58.795629398262946
poi_500_165,poi_500_165,219,58.273807949761895
poi_500_165,poi_500_165,220,58.049248202194946
poi_500_165,poi_500_165,221,57.66747830984173
poi_500_165,poi_500_165,222,56.38338882857158
poi_500_165,poi_500_165,223,56.24114835634571
poi_500_165,poi_500_165,224,54.609170233249216
poi_500_165,poi_500_165,225,55.75133037306539
poi_500_165,poi_500_165,226,56.747531286138894
poi_500_165,poi_500_165,227,56.73114968646007
poi_500_165,poi_500_165,228,55.671511885973345
poi_500_165,poi_500_165,229,56.01983549674721
poi_500_165,poi_500_165,230,54.94185716761148
poi_500_165,poi_500_165,231,56.47272766681929
poi_500_165,poi_500_165,232,57.02962901598739
poi_500_165,poi_500_165,233,57.3462572949842
poi_500_165,poi_500_165,234,57.737427444784615
poi_500_165,poi_500_165,235,57.938005276542924
poi_500_165,poi_500_165,236,53.2827736652754
poi_500_165,poi_500_165,237,54.7942913786575
poi_500_165,poi_500_165,238,56.183156303145914
poi_500_165,poi_500_165,239,56.289194439432734
poi_500_165,poi_500_165,240,56.45578736865011
poi_500_165,poi_500_165,241,56.444063058350565
poi_500_165,poi_500_165,242,58.925532350432796
poi_500_165,poi_500_165,243,58.692039148993835
poi_500_165,poi_500_165,244,58.77293424736784
poi_500_165,poi_500_165,245,58.76397748509448
poi_500_165,poi_500_165,246,58.86854150218927
poi_500_165,poi_500_165,247,58.87560530526369
poi_500_165,poi_500_165,248,55.32731884615005
poi_500_165,poi_500_165,249,56.14672838867682
poi_500_165,poi_500_165,250,57.082514697300546
poi_500_165,poi_500_165,251,57.066910140069645
poi_500_165,poi_500_165,252,56.07242222870089
poi_500_165,poi_500_165,253,56.444063058350565
poi_500_165,poi_500_165,254,58.925532350432796
poi_500_165,poi_500_165,255,58.692039148993835
poi_500_165,poi_500_165,256,58.77293424736784
poi_500_165,poi_500_165,257,58.76397748509448
poi_500_165,poi_500_165,258,58.86854150218927
poi_500_165,poi_500_165,259,58.87560530526369
poi_500_165,poi_500_165,260,55.32731884615005
poi_500_165,poi_500_165,261,56.14672838867682
poi_500_165,poi_500_165,262,56.302496204416514
poi_500_165,poi_500_165,263,56.15727082643981
poi_500_165,poi_500_165,264,54.68111731647156
poi_500_165,poi_500_165,265,54.941419876062085
poi_500_165,poi_500_165,266,57.99190296255575
poi_500_165,poi_500_165,267,57.49604233637104
poi_500_165,poi_500_165,268,57.96979272132813
poi_500_165,poi_500_165,269,57.76106773755264
poi_500_165,poi_500_165,270,57.65793780176766
poi_500_165,poi_500_165,271,57.40215925796883
poi_500_165,poi_500_165,272,56.43506796201894
poi_500_165,poi_500_165,273,57.435693950697335
poi_500_165,poi_500_165,274,57.7826932409029
poi_500_165,poi_500_165,275,57.96734920526062
poi_500_165,poi_500_165,276,57.45529595730372
poi_500_165,poi_500_165,277,57.938005276542924
poi_500_165,poi_500_165,278,53.2827736652754
poi_500_165,poi_500_165,279,54.7942913786575
poi_500_165,poi_500_165,280,56.183156303145914
poi_500_165,poi_500_165,281,56.289194439432734
poi_500_165,poi_500_165,282,56.45578736865011
poi_500_165,poi_500_165,283,56.444063058350565
poi_500_165,poi_500_165,284,58.925532350432796
poi_500_165,poi_500_165,285,58.692039148993835
poi_500_165,poi_500_165,286,59.23161421008085
poi_500_165,poi_500_165,287,59.286478506976145
poi_500_165,poi_500_165,288,59.45274374080051
poi_500_165,poi_500_165,289,59.546647126418584
poi_500_165,poi_500_165,290,56.91986647899468
poi_500_165,poi_500_165,291,57.707862851882126
poi_500_165,poi_500_165,292,58.04876122182975
poi_500_165,poi_500_165,293,58.222322520591035
poi_500_165,poi_500_165,294,57.725256696846216
poi_500_165,poi_500_165,295,58.215476845496
poi_500_165,poi_500_165,296,58.336261980063206
poi_500_165,poi_500_165,297,57.7645691478853
poi_500_165,poi_500_165,298,58.224964661961174
poi_500_165,poi_500_165,299,58.028070277515965
poi_500_165,poi_500_165,300,57.91594980676433
poi_500_165,poi_500_165,301,57.71478551860633
poi_500_165,poi_500_165,302,59.58495375316227
poi_500_165,poi_500_165,303,59.29491139330095
poi_500_165,poi_500_165,304,59.29117209211121
poi_500_165,poi_500_165,305,59.22081962936759
poi_500_165,poi_500_165,306,58.65273955389293
poi_500_165,poi_500_165,307,58.87560530526369
poi_500_165,poi_500_165,308,55.32731884615005
poi_500_165,poi_500_165,309,56.14672838867682
poi_500_165,poi_500_165,310,56.302496204416514
poi_500_165,poi_500_165,311,56.15727082643981
poi_500_165,poi_500_165,312,54.68111731647156
poi_500_165,poi_500_165,313,54.941419876062085
poi_500_165,poi_500_165,314,57.99190296255575
poi_500_165,poi_500_165,315,57.49604233637104
poi_500_165,poi_500_165,316,57.96979272132813
poi_500_165,poi_500_165,317,57.76106773755264
poi_500_165,poi_500_165,318,57.65793780176766
poi_500_165,poi_500_165,319,57.40215925796883
poi_500_165,poi_500_165,320,56.43506796201894
poi_500_165,poi_500_165,321,57.435693950697335
poi_500_165,poi_500_165,322,58.35144383526572
poi_500_165,poi_500_165,323,58.587850273361866
poi_500_165,poi_500_165,324,58.24479644454007
poi_500_165,poi_500_165,325,58.75634618180093
poi_500_165,poi_500_165,326,55.61091759786706
poi_500_165,poi_500_165,327,56.80989628531375
poi_500_165,poi_500_165,328,57.34428959317488
poi_500_165,poi_500_165,329,57.63913660948931
poi_500_165,poi_500_165,330,57.99089388079202
poi_500_165,poi_500_165,331,58.215476845496
poi_500_165,poi_500_165,332,58.336261980063206
poi_500_165,poi_500_165,333,57.7645691478853
poi_500_165,poi_500_165,334,57.638219428914894
poi_500_165,poi_500_165,335,57.31482462688589
poi_500_165,poi_500_165,336,57.05780443658387
poi_500_165,poi_500_165,337,56.645249347453436
poi_500_165,poi_500_165,338,58.795629398262946
poi_500_165,poi_500_165,339,58.273807949761895
poi_500_165,poi_500_165,340,58.049248202194946
poi_500_165,poi_500_165,341,57.66747830984173
poi_500_165,poi_500_165,342,56.38338882857158
poi_500_165,poi_500_165,343,56.24114835634571
poi_500_165,poi_500_165,344,54.609170233249216
poi_500_165,poi_500_165,345,55.75133037306539
poi_500_165,poi_500_165,346,55.89845166096006
poi_500_165,poi_500_165,347,55.739402444967055
poi_500_165,poi_500_165,348,54.11863753176401
poi_500_165,poi_500_165,349,54.32894485313735
poi_500_165,poi_500_165,350,52.06772703780989
poi_500_165,poi_500_165,351,54.24495871521997
poi_500_165,poi_500_165,352,54.674031340144595
poi_500_165,poi_500_165,353,54.64597231075881
poi_500_165,poi_500_165,354,54.70561440408851
poi_500_165,poi_500_165,355,54.32894485313735
poi_500_165,poi_500_165,356,52.06772703780989
poi_500_165,poi_500_165,357,54.24495871521997
poi_500_165,poi_500_165,358,55.76729874820592
poi_500_165,poi_500_165,359,55.88443005604997
poi_500_165,poi_500_165,360,56.09021810166705
poi_500_165,poi_500_165,361,56.01983549674721
poi_500_165,poi_500_165,362,54.94185716761148
poi_500_165,poi_500_165,363,56.47272766681929
poi_500_165,poi_500_165,364,57.698159031785366
poi_500_165,poi_500_165,365,58.05475693899921
poi_500_165,poi_500_165,366,58.48128300579386
poi_500_165,poi_500_165,367,58.75634618180093
poi_500_165,poi_500_165,368,55.61091759786706
poi_500_165,poi_500_165,369,56.80989628531375
poi_500_165,poi_500_165,370,57.34428959317488
poi_500_165,poi_500_165,371,57.63913660948931
poi_500_165,poi_500_165,372,57.99089388079202
poi_500_165,poi_500_165,373,58.215476845496
poi_500_165,poi_500_165,374,58.336261980063206
poi_500_165,poi_500_165,375,57.7645691478853
poi_500_165,poi_500_165,376,57.638219428914894
poi_500_165,poi_500_165,377,57.31482462688589
poi_500_165,poi_500_165,378,57.05780443658387
poi_500_165,poi_500_165,379,56.645249347453436
poi_500_165,poi_500_165,380,58.795629398262946
poi_500_165,poi_500_165,381,58.273807949761895
poi_500_165,poi_500_165,382,58.58614735358077
poi_500_165,poi_500_165,383,58.32911878575847
poi_500_165,poi_500_165,384,57.370418524548086
poi_500_165,poi_500_165,385,57.40215925796883
poi_500_165,poi_500_165,386,56.43506796201894
poi_500_165,poi_500_165,387,57.435693950697335
poi_500_165,poi_500_165,388,58.35144383526572
poi_500_165,poi_500_165,389,58.587850273361866
poi_500_165,poi_500_165,390,58.24479644454007
poi_500_165,poi_500_165,391,58.75634618180093
poi_500_165,poi_500_165,392,55.61091759786706
poi_500_165,poi_500_165,393,56.80989628531375
poi_500_165,poi_500_165,394,57.96929674899747
poi_500_165,poi_500_165,395,58.30479331543622
poi_500_165,poi_500_165,396,58.6958183908461
poi_500_165,poi_500_165,397,58.987407659123676
poi_500_165,poi_500_165,398,59.205374418932664
poi_500_165,poi_500_165,399,58.897426481482604
poi_500_165,poi_500_165,400,59.42384581851943
poi_500_165,poi_500_165,401,59.476095601625914
poi_500_165,poi_500_165,402,59.62511961649107
poi_500_165,poi_500_165,403,59.74010784782542
poi_500_165,poi_500_165,404,59.826448348149846
poi_500_165,poi_500_165,405,59.47421953698516
poi_500_165,poi_500_165,406,59.480841829877384
poi_500_165,poi_500_165,407,59.4132621639018
poi_500_165,poi_500_165,408,58.859164452114534
poi_500_165,poi_500_165,409,59.10056736146555
poi_500_165,poi_500_165,410,59.08369258615592
poi_500_165,poi_500_165,411,58.4994275346334
poi_500_165,poi_500_165,412,58.80840576458807
poi_500_165,poi_500_165,413,58.564254701470794
poi_500_165,poi_500_165,414,57.64554191832786
poi_500_165,poi_500_165,415,57.71478551860633
poi_500_165,poi_500_165,416,59.58495375316227
poi_500_165,poi_500_165,417,59.29491139330095
poi_500_165,poi_500_165,418,59.7006109386578
poi_500_165,poi_500_165,419,59.69388578721731
poi_500_165,poi_500_165,420,59.264700398461336
poi_500_165,poi_500_165,421,59.546647126418584
poi_500_165,poi_500_165,422,56.91986647899468
poi_500_165,poi_500_165,423,57.707862851882126
poi_500_165,poi_500_165,424,58.58571700665561
poi_500_165,poi_500_165,425,58.80972841662411
poi_500_165,poi_500_165,426,58.47103036249547
poi_500_165,poi_500_165,427,58.987407659123676
poi_500_165,poi_500_165,428,59.205374418932664
poi_500_165,poi_500_165,429,58.897426481482604
poi_500_165,poi_500_165,430,59.42384581851943
poi_500_165,poi_500_165,431,59.476095601625914
poi_500_165,poi_500_165,432,59.62511961649107
poi_500_165,poi_500_165,433,59.74010784782542
poi_500_165,poi_500_165,434,59.826448348149846
poi_500_165,poi_500_165,435,59.47421953698516
poi_500_165,poi_500_165,436,59.480841829877384
poi_500_165,poi_500_165,437,59.4132621639018
poi_500_165,poi_500_165,438,58.859164452114534
poi_500_165,poi_500_165,439,59.10056736146555
poi_500_165,poi_500_165,440,59.08369258615592
poi_500_165,poi_500_165,441,58.4994275346334
poi_500_165,poi_500_165,442,58.80840576458807
poi_500_165,poi_500_165,443,58.564254701470794
poi_500_165,poi_500_165,444,57.64554191832786
poi_500_165,poi_500_165,445,57.71478551860633
poi_500_165,poi_500_165,446,59.58495375316227
poi_500_165,poi_500_165,447,59.29491139330095
poi_500_165,poi_500_165,448,59.7006109386578
poi_500_165,poi_500_165,449,59.69388578721731
poi_500_165,poi_500_165,450,59.264700398461336
poi_500_165,poi_500_165,451,59.546647126418584
poi_500_165,poi_500_165,452,56.91986647899468
poi_500_165,poi_500_165,453,57.707862851882126
poi_500_165,poi_500_165,454,58.58571700665561
poi_500_165,poi_500_165,455,58.80972841662411
poi_500_165,poi_500_165,456,58.47103036249547
poi_500_165,poi_500_165,457,58.987407659123676
poi_500_165,poi_500_165,458,59.205374418932664
poi_500_165,poi_500_165,459,58.897426481482604
poi_500_165,poi_500_165,460,58.98606193153711
poi_500_165,poi_500_165,461,58.97725037647013
poi_500_165,poi_500_165,462,59.06518285122844
poi_500_165,poi_500_165,463,59.10056736146555
poi_500_165,poi_500_165,464,59.08369258615592
poi_500_165,poi_500_165,465,58.4994275346334
poi_500_165,poi_500_165,466,58.80840576458807
poi_500_165,poi_500_165,467,58.564254701470794
poi_500_165,poi_500_165,468,57.64554191832786
poi_500_165,poi_500_165,469,57.71478551860633
poi_500_165,poi_500_165,470,59.58495375316227
poi_500_165,poi_500_165,471,59.29491139330095
poi_500_165,poi_500_165,472,59.29117209211121
poi_500_165,poi_500_165,473,59.22081962936759
poi_500_165,poi_500_165,474,58.65273955389293
poi_500_165,poi_500_165,475,58.87560530526369
poi_500_165,poi_500_165,476,55.32731884615005
poi_500_165,poi_500_165,477,56.14672838867682
poi_500_165,poi_500_165,478,57.082514697300546
poi_500_165,poi_500_165,479,57.066910140069645
poi_500_165,poi_500_165,480,56.07242222870089
poi_500_165,poi_500_165,481,56.444063058350565
poi_500_165,poi_500_165,482,58.925532350432796
poi_500_165,poi_500_165,483,58.692039148993835
poi_500_165,poi_500_165,484,58.77293424736784
poi_500_165,poi_500_165,485,58.76397748509448
poi_500_165,poi_500_165,486,58.86854150218927
poi_500_165,poi_500_165,487,58.87560530526369
poi_500_165,poi_500_165,488,55.32731884615005
poi_500_165,poi_500_165,489,56.14672838867682
poi_500_165,poi_500_165,490,56.302496204416514
poi_500_165,poi_500_165,491,56.15727082643981
poi_500_165,poi_500_165,492,54.68111731647156
poi_500_165,poi_500_165,493,54.941419876062085
poi_500_165,poi_500_165,494,57.99190296255575
poi_500_165,poi_500_165,495,57.49604233637104
poi_500_165,poi_500_165,496,57.96979272132813
poi_500_165,poi_500_165,497,57.76106773755264
poi_500_165,poi_500_165,498,57.65793780176766
poi_500_165,poi_500_165,499,57.40215925796883
poi_500_165,poi_500_165,500,56.43506796201894
poi_500_165,poi_500_165,501,57.435693950697335
poi_500_165,poi_500_165,502,58.35144383526572
poi_500_165,poi_500_165,503,58.587850273361866
poi_500_165,poi_500_165,504,58.24479644454007
poi_500_165,poi_500_165,505,58.75634618180093
poi_500_165,poi_500_165,506,55.61091759786706
poi_500_165,poi_500_165,507,56.80989628531375
poi_500_165,poi_500_165,508,57.34428959317488
poi_500_165,poi_500_165,509,57.63913660948931
poi_500_165,poi_500_165,510,57.99089388079202
poi_500_165,poi_500_165,511,58.215476845496
poi_500_165,poi_500_165,512,58.336261980063206
poi_500_165,poi_500_165,513,57.7645691478853
poi_500_165,poi_500_165,514,57.638219428914894
poi_500_165,poi_500_165,515,57.31482462688589
poi_500_165,poi_500_165,516,57.05780443658387
poi_500_165,poi_500_165,517,56.645249347453436
poi_500_165,poi_500_165,518,58.795629398262946
poi_500_165,poi_500_165,519,58.273807949761895
poi_500_165,poi_500_165,520,58.049248202194946
poi_500_165,poi_500_165,521,57.66747830984173
poi_500_165,poi_500_165,522,56.38338882857158
poi_500_165,poi_500_165,523,56.24114835634571
poi_500_165,poi_500_165,524,54.609170233249216
poi_500_165,poi_500_165,525,55.75133037306539
poi_500_165,poi_500_165,526,56.747531286138894
poi_500_165,poi_500_165,527,56.73114968646007
poi_500_165,poi_500_165,528,55.671511885973345
poi_500_165,poi_500_165,529,56.01983549674721
poi_500_165,poi_500_165,530,54.94185716761148
poi_500_165,poi_500_165,531,56.47272766681929
poi_500_165,poi_500_165,532,57.698159031785366
poi_500_165,poi_500_165,533,58.05475693899921
poi_500_165,poi_500_165,534,58.48128300579386
poi_500_165,poi_500_165,535,58.75634618180093
poi_500_165,poi_500_165,536,55.61091759786706
poi_500_165,poi_500_165,537,56.80989628531375
poi_500_165,poi_500_165,538,57.96929674899747
poi_500_165,poi_500_165,539,58.30479331543622
poi_500_165,poi_500_165,540,58.6958183908461
poi_500_165,poi_500_165,541,58.987407659123676
poi_500_165,poi_500_165,542,59.205374418932664
poi_500_165,poi_500_165,543,58.897426481482604
poi_500_165,poi_500_165,544,58.98606193153711
poi_500_165,poi_500_165,545,58.97725037647013
poi_500_165,poi_500_165,546,59.06518285122844
poi_500_165,poi_500_165,547,59.10056736146555
poi_500_165,poi_500_165,548,59.08369258615592
poi_500_165,poi_500_165,549,58.4994275346334
poi_500_165,poi_500_165,550,58.80840576458807
poi_500_165,poi_500_165,551,58.564254701470794
poi_500_165,poi_500_165,552,57.64554191832786
poi_500_165,poi_500_165,553,57.71478551860633
poi_500_165,poi_500_165,554,59.58495375316227
poi_500_165,poi_500_165,555,59.29491139330095
poi_500_165,poi_500_165,556,59.7006109386578
poi_500_165,poi_500_165,557,59.69388578721731
poi_500_165,poi_500_165,558,59.264700398461336
poi_500_165,poi_500_165,559,59.546647126418584
poi_500_165,poi_500_165,560,56.91986647899468
poi_500_165,poi_500_165,561,57.707862851882126
poi_500_165,poi_500_165,562,58.58571700665561
poi_500_165,poi_500_165,563,58.80972841662411
poi_500_165,poi_500_165,564,58.47103036249547
poi_500_165,poi_500_165,565,58.987407659123676
poi_500_165,poi_500_165,566,59.205374418932664
poi_500_165,poi_500_165,567,58.897426481482604
poi_500_165,poi_500_165,568,58.98606193153711
poi_500_165,poi_500_165,569,58.97725037647013
poi_500_165,poi_500_165,570,59.06518285122844
poi_500_165,poi_500_165,571,59.10056736146555
poi_500_165,poi_500_165,572,59.08369258615592
poi_500_165,poi_500_165,573,58.4994275346334
poi_500_165,poi_500_165,574,58.29992509463339
poi_500_165,poi_500_165,575,57.94011829214419
poi_500_165,poi_500_165,576,56.72601106556237
poi_500_165,poi_500_165,577,56.645249347453436
poi_500_165,poi_500_165,578,58.795629398262946
poi_500_165,poi_500_165,579,58.273807949761895
poi_500_165,poi_500_165,580,58.049248202194946
poi_500_165,poi_500_165,581,57.66747830984173
poi_500_165,poi_500_165,582,56.38338882857158
poi_500_165,poi_500_165,583,56.24114835634571
poi_500_165,poi_500_165,584,54.609170233249216
poi_500_165,poi_500_165,585,55.75133037306539
poi_500_165,poi_500_165,586,55.89845166096006
poi_500_165,poi_500_165,587,55.739402444967055
poi_500_165,poi_500_165,588,54.11863753176401
poi_500_165,poi_500_165,589,54.32894485313735
poi_500_165,poi_500_165,590,52.06772703780989
poi_500_165,poi_500_165,591,54.24495871521997
poi_500_165,poi_500_165,592,54.674031340144595
poi_500_165,poi_500_165,593,54.64597231075881
poi_500_165,poi_500_165,594,54.70561440408851
poi_500_165,poi_500_165,595,54.32894485313735
poi_500_165,poi_500_165,596,52.06772703780989
poi_500_165,poi_500_165,597,54.24495871521997
poi_500_165,poi_500_165,598,55.76729874820592
poi_500_165,poi_500_165,599,55.88443005604997
poi_500_215,poi_500_215,0,40.0
poi_500_215,poi_500_215,1,40.0
poi_500_215,poi_500_215,2,40.0
poi_500_215,poi_500_215,3,40.0
poi_500_215,poi_500_215,4,40.0
poi_500_215,poi_500_215,5,40.0
poi_500_215,poi_500_215,6,40.0
poi_500_215,poi_500_215,7,40.0
poi_500_215,poi_500_215,8,40.0
poi_500_215,poi_500_215,9,40.0
poi_500_215,poi_500_215,10,40.0
poi_500_215,poi_500_215,11,50.89033389154647
poi_500_215,poi_500_215,12,51.384605602390636
poi_500_215,poi_500_215,13,51.89881458159812
poi_500_215,poi_500_215,14,52.42989654993892
poi_500_215,poi_500_215,15,52.97263795626641
poi_500_215,poi_500_215,16,53.51882045046759
poi_500_215,poi_500_215,17,54.67209016631075
poi_500_215,poi_500_215,18,55.16901343812051
poi_500_215,poi_500_215,19,55.62719425841088
poi_500_215,poi_500_215,20,49.73189875182464
poi_500_215,poi_500_215,21,49.854907469181846
poi_500_215,poi_500_215,22,50.19304608384808
poi_500_215,poi_500_215,23,53.71009772833848
poi_500_215,poi_500_215,24,54.100751388900704
poi_500_215,poi_500_215,25,54.48885067786681
poi_500_215,poi_500_215,26,57.114322511083486
poi_500_215,poi_500_215,27,57.04413318949828
poi_500_215,poi_500_215,28,57.00038065170544
poi_500_215,poi_500_215,29,57.32176217673459
poi_500_215,poi_500_215,30,57.38856335604082
poi_500_215,poi_500_215,31,57.48604367139389
poi_500_215,poi_500_215,32,54.28518194195688
poi_500_215,poi_500_215,33,55.083233229235034
poi_500_215,poi_500_215,34,54.86564666223889
poi_500_215,poi_500_215,35,54.83424683686749
poi_500_215,poi_500_215,36,55.04049342903407
poi_500_215,poi_500_215,37,55.273252790315006
poi_500_215,poi_500_215,38,57.517369945163985
poi_500_215,poi_500_215,39,57.41561737605015
poi_500_215,poi_500_215,40,57.342499365996105
poi_500_215,poi_500_215,41,58.20372727681463
poi_500_215,poi_500_215,42,58.083023625109284
poi_500_215,poi_500_215,43,58.250968182371736
poi_500_215,poi_500_215,44,55.924359528090555
poi_500_215,poi_500_215,45,56.65322049695436
poi_500_215,poi_500_215,46,56.69103520988028
poi_500_215,poi_500_215,47,56.87152175469699
poi_500_215,poi_500_215,48,57.20103527943155
poi_500_215,poi_500_215,49,57.52977354205755
poi_500_215,poi_500_215,50,57.7061500726957
poi_500_215,poi_500_215,51,57.580522649221166
poi_500_215,poi_500_215,52,57.51570262357325
poi_500_215,poi_500_215,53,57.77661334360356
poi_500_215,poi_500_215,54,57.554099242437466
poi_500_215,poi_500_215,55,57.63790407620376
poi_500_215,poi_500_215,56,57.588943280535354
poi_500_215,poi_500_215,57,57.217787956455616
poi_500_215,poi_500_215,58,56.8815529357154
poi_500_215,poi_500_215,59,55.79309642028552
poi_500_215,poi_500_215,60,55.606807079760685
poi_500_215,poi_500_215,61,55.45354313366402
poi_500_215,poi_500_215,62,57.39488191797286
poi_500_215,poi_500_215,63,57.03821685052735
poi_500_215,poi_500_215,64,56.68047958178334
poi_500_215,poi_500_215,65,55.533221003749404
poi_500_215,poi_500_215,66,55.34474257177989
poi_500_215,poi_500_215,67,55.19947437759324
poi_500_215,poi_500_215,68,53.85880602626241
poi_500_215,poi_500_215,69,54.785699597625765
poi_500_215,poi_500_215,70,54.54127111812207
poi_500_215,poi_500_215,71,54.50769942310846
poi_500_215,poi_500_215,72,54.74064026598806
poi_500_215,poi_500_215,73,55.00807936570916
poi_500_215,poi_500_215,74,54.13056337997226
poi_500_215,poi_500_215,75,55.40211785475784
poi_500_215,poi_500_215,76,55.57753474598957
poi_500_215,poi_500_215,77,57.00769815537733
poi_500_215,poi_500_215,78,57.021185670360104
poi_500_215,poi_500_215,79,57.37401518635877
poi_500_215,poi_500_215,80,54.532235547432165
poi_500_215,poi_500_215,81,55.661431664606376
poi_500_215,poi_500_215,82,55.835049492845606
poi_500_215,poi_500_215,83,56.435900727490385
poi_500_215,poi_500_215,84,56.33360255030735
poi_500_215,poi_500_215,85,56.61106208162616
poi_500_215,poi_500_215,86,56.690204765001056
poi_500_215,poi_500_215,87,56.359737729229956
poi_500_215,poi_500_215,88,56.065988115931795
poi_500_215,poi_500_215,89,56.99938850704645
poi_500_215,poi_500_215,90,56.61516698850377
poi_500_215,poi_500_215,91,56.618069803616905
poi_500_215,poi_500_215,92,58.27298409700351
poi_500_215,poi_500_215,93,58.10228669906049
poi_500_215,poi_500_215,94,57.964448739821066
poi_500_215,poi_500_215,95,57.949857527106815
poi_500_215,poi_500_215,96,58.083023625109284
poi_500_215,poi_500_215,97,58.250968182371736
poi_500_215,poi_500_215,98,55.924359528090555
poi_500_215,poi_500_215,99,56.65322049695436
poi_500_215,poi_500_215,100,56.69103520988028
poi_500_215,poi_500_215,101,56.87152175469699
poi_500_215,poi_500_215,102,57.20103527943155
poi_500_215,poi_500_215,103,57.52977354205755
poi_500_215,poi_500_215,104,57.7061500726957
poi_500_215,poi_500_215,105,57.580522649221166
poi_500_215,poi_500_215,106,57.51570262357325
poi_500_215,poi_500_215,107,58.34616718117222
poi_500_215,poi_500_215,108,58.224491112711746
poi_500_215,poi_500_215,109,58.37866114290236
poi_500_215,poi_500_215,110,58.43216274645456
poi_500_215,poi_500_215,111,58.24346275346544
poi_500_215,poi_500_215,112,58.114937443145834
poi_500_215,poi_500_215,113,57.49564100164185
poi_500_215,poi_500_215,114,57.554099242437466
poi_500_215,poi_500_215,115,57.63790407620376
poi_500_215,poi_500_215,116,57.588943280535354
poi_500_215,poi_500_215,117,57.217787956455616
poi_500_215,poi_500_215,118,56.8815529357154
poi_500_215,poi_500_215,119,56.66115623901131
poi_500_215,poi_500_215,120,56.61516698850377
poi_500_215,poi_500_215,121,56.618069803616905
poi_500_215,poi_500_215,122,58.27298409700351
poi_500_215,poi_500_215,123,58.10228669906049
poi_500_215,poi_500_215,124,57.964448739821066
poi_500_215,poi_500_215,125,57.32176217673459
poi_500_215,poi_500_215,126,57.38856335604082
poi_500_215,poi_500_215,127,57.48604367139389
poi_500_215,poi_500_215,128,54.28518194195688
poi_500_215,poi_500_215,129,55.083233229235034
poi_500_215,poi_500_215,130,54.86564666223889
poi_500_215,poi_500_215,131,53.43213974476126
poi_500_215,poi_500_215,132,53.50539424406879
poi_500_215,poi_500_215,133,53.594709805343584
poi_500_215,poi_500_215,134,56.450273226844594
poi_500_215,poi_500_215,135,56.139932629656855
poi_500_215,poi_500_215,136,55.822190772388744
poi_500_215,poi_500_215,137,56.803981226151315
poi_500_215,poi_500_215,138,56.40871620892307
poi_500_215,poi_500_215,139,56.42510886161464
poi_500_215,poi_500_215,140,55.636593604226064
poi_500_215,poi_500_215,141,56.448123124605765
poi_500_215,poi_500_215,142,56.4807229482355
poi_500_215,poi_500_215,143,55.80406319564943
poi_500_215,poi_500_215,144,56.11296652715993
poi_500_215,poi_500_215,145,56.41778249096262
poi_500_215,poi_500_215,146,52.06667492304373
poi_500_215,poi_500_215,147,53.57693046794327
poi_500_215,poi_500_215,148,53.484882704382656
poi_500_215,poi_500_215,149,54.11531422904191
poi_500_215,poi_500_215,150,53.50539424406879
poi_500_215,poi_500_215,151,53.594709805343584
poi_500_215,poi_500_215,152,56.450273226844594
poi_500_215,poi_500_215,153,56.139932629656855
poi_500_215,poi_500_215,154,55.822190772388744
poi_500_215,poi_500_215,155,55.966897300413436
poi_500_215,poi_500_215,156,55.34474257177989
poi_500_215,poi_500_215,157,55.19947437759324
poi_500_215,poi_500_215,158,53.85880602626241
poi_500_215,poi_500_215,159,54.785699597625765
poi_500_215,poi_500_215,160,54.54127111812207
poi_500_215,poi_500_215,161,52.97440083492853
poi_500_215,poi_500_215,162,53.07187558822604
poi_500_215,poi_500_215,163,53.19856900190714
poi_500_215,poi_500_215,164,51.33085666564356
poi_500_215,poi_500_215,165,53.149804611260414
poi_500_215,poi_500_215,166,53.03258399454989
poi_500_215,poi_500_215,167,53.72727844489977
poi_500_215,poi_500_215,168,53.07187558822604
poi_500_215,poi_500_215,169,53.19856900190714
poi_500_215,poi_500_215,170,51.33085666564356
poi_500_215,poi_500_215,171,53.149804611260414
poi_500_215,poi_500_215,172,53.03258399454989
poi_500_215,poi_500_215,173,55.049935291577825
poi_500_215,poi_500_215,174,54.74064026598806
poi_500_215,poi_500_215,175,55.00807936570916
poi_500_215,poi_500_215,176,54.13056337997226
poi_500_215,poi_500_215,177,55.40211785475784
poi_500_215,poi_500_215,178,55.57753474598957
poi_500_215,poi_500_215,179,56.21271454231167
poi_500_215,poi_500_215,180,56.11296652715993
poi_500_215,poi_500_215,181,56.41778249096262
poi_500_215,poi_500_215,182,52.06667492304373
poi_500_215,poi_500_215,183,53.57693046794327
poi_500_215,poi_500_215,184,53.484882704382656
poi_500_215,poi_500_215,185,54.11531422904191
poi_500_215,poi_500_215,186,53.50539424406879
poi_500_215,poi_500_215,187,53.594709805343584
poi_500_215,poi_500_215,188,56.450273226844594
poi_500_215,poi_500_215,189,56.139932629656855
poi_500_215,poi_500_215,190,55.822190772388744
poi_500_215,poi_500_215,191,55.966897300413436
poi_500_215,poi_500_215,192,55.34474257177989
poi_500_215,poi_500_215,193,55.19947437759324
poi_500_215,poi_500_215,194,53.85880602626241
poi_500_215,poi_500_215,195,54.785699597625765
poi_500_215,poi_500_215,196,54.54127111812207
poi_500_215,poi_500_215,197,54.50769942310846
poi_500_215,poi_500_215,198,54.74064026598806
poi_500_215,poi_500_215,199,55.00807936570916
poi_500_215,poi_500_215,200,54.13056337997226
poi_500_215,poi_500_215,201,55.40211785475784
poi_500_215,poi_500_215,202,55.57753474598957
poi_500_215,poi_500_215,203,57.00769815537733
poi_500_215,poi_500_215,204,57.021185670360104
poi_500_215,poi_500_215,205,57.37401518635877
poi_500_215,poi_500_215,206,54.532235547432165
poi_500_215,poi_500_215,207,55.661431664606376
poi_500_215,poi_500_215,208,55.835049492845606
poi_500_215,poi_500_215,209,56.435900727490385
poi_500_215,poi_500_215,210,56.33360255030735
poi_500_215,poi_500_215,211,56.61106208162616
poi_500_215,poi_500_215,212,56.690204765001056
poi_500_215,poi_500_215,213,56.359737729229956
poi_500_215,poi_500_215,214,56.065988115931795
poi_500_215,poi_500_215,215,56.20273376115372
poi_500_215,poi_500_215,216,55.606807079760685
poi_500_215,poi_500_215,217,55.45354313366402
poi_500_215,poi_500_215,218,57.39488191797286
poi_500_215,poi_500_215,219,57.03821685052735
poi_500_215,poi_500_215,220,56.68047958178334
poi_500_215,poi_500_215,221,55.533221003749404
poi_500_215,poi_500_215,222,55.34474257177989
poi_500_215,poi_500_215,223,55.19947437759324
poi_500_215,poi_500_215,224,53.85880602626241
poi_500_215,poi_500_215,225,54.785699597625765
poi_500_215,poi_500_215,226,54.54127111812207
poi_500_215,poi_500_215,227,54.50769942310846
poi_500_215,poi_500_215,228,54.74064026598806
poi_500_215,poi_500_215,229,55.00807936570916
poi_500_215,poi_500_215,230,54.13056337997226
poi_500_215,poi_500_215,231,55.40211785475784
poi_500_215,poi_500_215,232,55.57753474598957
poi_500_215,poi_500_215,233,56.21271454231167
poi_500_215,poi_500_215,234,56.11296652715993
poi_500_215,poi_500_215,235,56.41778249096262
poi_500_215,poi_500_215,236,52.06667492304373
poi_500_215,poi_500_215,237,53.57693046794327
poi_500_215,poi_500_215,238,53.484882704382656
poi_500_215,poi_500_215,239,55.339401991918315
poi_500_215,poi_500_215,240,55.04049342903407
poi_500_215,poi_500_215,241,55.273252790315006
poi_500_215,poi_500_215,242,57.517369945163985
poi_500_215,poi_500_215,243,57.41561737605015
poi_500_215,poi_500_215,244,57.342499365996105
poi_500_215,poi_500_215,245,57.61383446581978
poi_500_215,poi_500_215,246,57.38856335604082
poi_500_215,poi_500_215,247,57.48604367139389
poi_500_215,poi_500_215,248,54.28518194195688
poi_500_215,poi_500_215,249,55.083233229235034
poi_500_215,poi_500_215,250,54.86564666223889
poi_500_215,poi_500_215,251,54.83424683686749
poi_500_215,poi_500_215,252,55.04049342903407
poi_500_215,poi_500_215,253,55.273252790315006
poi_500_215,poi_500_215,254,57.517369945163985
poi_500_215,poi_500_215,255,57.41561737605015
poi_500_215,poi_500_215,256,57.342499365996105
poi_500_215,poi_500_215,257,57.61383446581978
poi_500_215,poi_500_215,258,57.38856335604082
poi_500_215,poi_500_215,259,57.48604367139389
poi_500_215,poi_500_215,260,54.28518194195688
poi_500_215,poi_500_215,261,55.083233229235034
poi_500_215,poi_500_215,262,54.86564666223889
poi_500_215,poi_500_215,263,53.43213974476126
poi_500_215,poi_500_215,264,53.50539424406879
poi_500_215,poi_500_215,265,53.594709805343584
poi_500_215,poi_500_215,266,56.450273226844594
poi_500_215,poi_500_215,267,56.139932629656855
poi_500_215,poi_500_215,268,55.822190772388744
poi_500_215,poi_500_215,269,56.803981226151315
poi_500_215,poi_500_215,270,56.40871620892307
poi_500_215,poi_500_215,271,56.42510886161464
poi_500_215,poi_500_215,272,55.636593604226064
poi_500_215,poi_500_215,273,56.448123124605765
poi_500_215,poi_500_215,274,56.4807229482355
poi_500_215,poi_500_215,275,55.80406319564943
poi_500_215,poi_500_215,276,56.11296652715993
poi_500_215,poi_500_215,277,56.41778249096262
poi_500_215,poi_500_215,278,52.06667492304373
poi_500_215,poi_500_215,279,53.57693046794327
poi_500_215,poi_500_215,280,53.484882704382656
poi_500_215,poi_500_215,281,55.339401991918315
poi_500_215,poi_500_215,282,55.04049342903407
poi_500_215,poi_500_215,283,55.273252790315006
poi_500_215,poi_500_215,284,57.517369945163985
poi_500_215,poi_500_215,285,57.41561737605015
poi_500_215,poi_500_215,286,57.342499365996105
poi_500_215,poi_500_215,287,58.20372727681463
poi_500_215,poi_500_215,288,58.083023625109284
poi_500_215,poi_500_215,289,58.250968182371736
poi_500_215,poi_500_215,290,55.924359528090555
poi_500_215,poi_500_215,291,56.65322049695436
poi_500_215,poi_500_215,292,56.69103520988028
poi_500_215,poi_500_215,293,56.04866083544358
poi_500_215,poi_500_215,294,56.33360255030735
poi_500_215,poi_500_215,295,56.61106208162616
poi_500_215,poi_500_215,296,56.690204765001056
poi_500_215,poi_500_215,297,56.359737729229956
poi_500_215,poi_500_215,298,56.065988115931795
poi_500_215,poi_500_215,299,56.99938850704645
poi_500_215,poi_500_215,300,56.61516698850377
poi_500_215,poi_500_215,301,56.618069803616905
poi_500_215,poi_500_215,302,58.27298409700351
poi_500_215,poi_500_215,303,58.10228669906049
poi_500_215,poi_500_215,304,57.964448739821066
poi_500_215,poi_500_215,305,57.32176217673459
poi_500_215,poi_500_215,306,57.38856335604082
poi_500_215,poi_500_215,307,57.48604367139389
poi_500_215,poi_500_215,308,54.28518194195688
poi_500_215,poi_500_215,309,55.083233229235034
poi_500_215,poi_500_215,310,54.86564666223889
poi_500_215,poi_500_215,311,53.43213974476126
poi_500_215,poi_500_215,312,53.50539424406879
poi_500_215,poi_500_215,313,53.594709805343584
poi_500_215,poi_500_215,314,56.450273226844594
poi_500_215,poi_500_215,315,56.139932629656855
poi_500_215,poi_500_215,316,55.822190772388744
poi_500_215,poi_500_215,317,56.803981226151315
poi_500_215,poi_500_215,318,56.40871620892307
poi_500_215,poi_500_215,319,56.42510886161464
poi_500_215,poi_500_215,320,55.636593604226064
poi_500_215,poi_500_215,321,56.448123124605765
poi_500_215,poi_500_215,322,56.4807229482355
poi_500_215,poi_500_215,323,56.670138222316
poi_500_215,poi_500_215,324,57.021185670360104
poi_500_215,poi_500_215,325,57.37401518635877
poi_500_215,poi_500_215,326,54.532235547432165
poi_500_215,poi_500_215,327,55.661431664606376
poi_500_215,poi_500_215,328,55.835049492845606
poi_500_215,poi_500_215,329,56.435900727490385
poi_500_215,poi_500_215,330,56.33360255030735
poi_500_215,poi_500_215,331,56.61106208162616
poi_500_215,poi_500_215,332,56.690204765001056
poi_500_215,poi_500_215,333,56.359737729229956
poi_500_215,poi_500_215,334,56.065988115931795
poi_500_215,poi_500_215,335,56.20273376115372
poi_500_215,poi_500_215,336,55.606807079760685
poi_500_215,poi_500_215,337,55.45354313366402
poi_500_215,poi_500_215,338,57.39488191797286
poi_500_215,poi_500_215,339,57.03821685052735
poi_500_215,poi_500_215,340,56.68047958178334
poi_500_215,poi_500_215,341,55.533221003749404
poi_500_215,poi_500_215,342,55.34474257177989
poi_500_215,poi_500_215,343,55.19947437759324
poi_500_215,poi_500_215,344,53.85880602626241
poi_500_215,poi_500_215,345,54.785699597625765
poi_500_215,poi_500_215,346,54.54127111812207
poi_500_215,poi_500_215,347,52.97440083492853
poi_500_215,poi_500_215,348,53.07187558822604
poi_500_215,poi_500_215,349,53.19856900190714
poi_500_215,poi_500_215,350,51.33085666564356
poi_500_215,poi_500_215,351,53.149804611260414
poi_500_215,poi_500_215,352,53.03258399454989
poi_500_215,poi_500_215,353,53.72727844489977
poi_500_215,poi_500_215,354,53.07187558822604
poi_500_215,poi_500_215,355,53.19856900190714
poi_500_215,poi_500_215,356,51.33085666564356
poi_500_215,poi_500_215,357,53.149804611260414
poi_500_215,poi_500_215,358,53.03258399454989
poi_500_215,poi_500_215,359,55.049935291577825
poi_500_215,poi_500_215,360,54.74064026598806
poi_500_215,poi_500_215,361,55.00807936570916
poi_500_215,poi_500_215,362,54.13056337997226
poi_500_215,poi_500_215,363,55.40211785475784
poi_500_215,poi_500_215,364,55.57753474598957
poi_500_215,poi_500_215,365,57.00769815537733
poi_500_215,poi_500_215,366,57.021185670360104
poi_500_215,poi_500_215,367,57.37401518635877
poi_500_215,poi_500_215,368,54.532235547432165
poi_500_215,poi_500_215,369,55.661431664606376
poi_500_215,poi_500_215,370,55.835049492845606
poi_500_215,poi_500_215,371,56.435900727490385
poi_500_215,poi_500_215,372,56.33360255030735
poi_500_215,poi_500_215,373,56.61106208162616
poi_500_215,poi_500_215,374,56.690204765001056
poi_500_215,poi_500_215,375,56.359737729229956
poi_500_215,poi_500_215,376,56.065988115931795
poi_500_215,poi_500_215,377,56.20273376115372
poi_500_215,poi_500_215,378,55.606807079760685
poi_500_215,poi_500_215,379,55.45354313366402
poi_500_215,poi_500_215,380,57.39488191797286
poi_500_215,poi_500_215,381,57.03821685052735
poi_500_215,poi_500_215,382,56.68047958178334
poi_500_215,poi_500_215,383,56.449530464906
poi_500_215,poi_500_215,384,56.40871620892307
poi_500_215,poi_500_215,385,56.42510886161464
poi_500_215,poi_500_215,386,55.636593604226064
poi_500_215,poi_500_215,387,56.448123124605765
poi_500_215,poi_500_215,388,56.4807229482355
poi_500_215,poi_500_215,389,56.670138222316
poi_500_215,poi_500_215,390,57.021185670360104
poi_500_215,poi_500_215,391,57.37401518635877
poi_500_215,poi_500_215,392,54.532235547432165
poi_500_215,poi_500_215,393,55.661431664606376
poi_500_215,poi_500_215,394,55.835049492845606
poi_500_215,poi_500_215,395,57.19434063737435
poi_500_215,poi_500_215,396,57.20103527943155
poi_500_215,poi_500_215,397,57.52977354205755
poi_500_215,poi_500_215,398,57.7061500726957
poi_500_215,poi_500_215,399,57.580522649221166
poi_500_215,poi_500_215,400,57.51570262357325
poi_500_215,poi_500_215,401,58.34616718117222
poi_500_215,poi_500_215,402,58.224491112711746
poi_500_215,poi_500_215,403,58.37866114290236
poi_500_215,poi_500_215,404,58.43216274645456
poi_500_215,poi_500_215,405,58.24346275346544
poi_500_215,poi_500_215,406,58.114937443145834
poi_500_215,poi_500_215,407,57.49564100164185
poi_500_215,poi_500_215,408,57.554099242437466
poi_500_215,poi_500_215,409,57.63790407620376
poi_500_215,poi_500_215,410,57.588943280535354
poi_500_215,poi_500_215,411,57.217787956455616
poi_500_215,poi_500_215,412,56.8815529357154
poi_500_215,poi_500_215,413,56.66115623901131
poi_500_215,poi_500_215,414,56.61516698850377
poi_500_215,poi_500_215,415,56.618069803616905
poi_500_215,poi_500_215,416,58.27298409700351
poi_500_215,poi_500_215,417,58.10228669906049
poi_500_215,poi_500_215,418,57.964448739821066
poi_500_215,poi_500_215,419,57.949857527106815
poi_500_215,poi_500_215,420,58.083023625109284
poi_500_215,poi_500_215,421,58.250968182371736
poi_500_215,poi_500_215,422,55.924359528090555
poi_500_215,poi_500_215,423,56.65322049695436
poi_500_215,poi_500_215,424,56.69103520988028
poi_500_215,poi_500_215,425,56.87152175469699
poi_500_215,poi_500_215,426,57.20103527943155
poi_500_215,poi_500_215,427,57.52977354205755
poi_500_215,poi_500_215,428,57.7061500726957
poi_500_215,poi_500_215,429,57.580522649221166
poi_500_215,poi_500_215,430,57.51570262357325
poi_500_215,poi_500_215,431,58.34616718117222
poi_500_215,poi_500_215,432,58.224491112711746
poi_500_215,poi_500_215,433,58.37866114290236
poi_500_215,poi_500_215,434,58.43216274645456
poi_500_215,poi_500_215,435,58.24346275346544
poi_500_215,poi_500_215,436,58.114937443145834
poi_500_215,poi_500_215,437,57.49564100164185
poi_500_215,poi_500_215,438,57.554099242437466
poi_500_215,poi_500_215,439,57.63790407620376
poi_500_215,poi_500_215,440,57.588943280535354
poi_500_215,poi_500_215,441,57.217787956455616
poi_500_215,poi_500_215,442,56.8815529357154
poi_500_215,poi_500_215,443,56.66115623901131
poi_500_215,poi_500_215,444,56.61516698850377
poi_500_215,poi_500_215,445,56.618069803616905
poi_500_215,poi_500_215,446,58.27298409700351
poi_500_215,poi_500_215,447,58.10228669906049
poi_500_215,poi_500_215,448,57.964448739821066
poi_500_215,poi_500_215,449,57.949857527106815
poi_500_215,poi_500_215,450,58.083023625109284
poi_500_215,poi_500_215,451,58.250968182371736
poi_500_215,poi_500_215,452,55.924359528090555
poi_500_215,poi_500_215,453,56.65322049695436
poi_500_215,poi_500_215,454,56.69103520988028
poi_500_215,poi_500_215,455,56.87152175469699
poi_500_215,poi_500_215,456,57.20103527943155
poi_500_215,poi_500_215,457,57.52977354205755
poi_500_215,poi_500_215,458,57.7061500726957
poi_500_215,poi_500_215,459,57.580522649221166
poi_500_215,poi_500_215,460,57.51570262357325
poi_500_215,poi_500_215,461,57.77661334360356
poi_500_215,poi_500_215,462,57.554099242437466
poi_500_215,poi_500_215,463,57.63790407620376
poi_500_215,poi_500_215,464,57.588943280535354
poi_500_215,poi_500_215,465,57.217787956455616
poi_500_215,poi_500_215,466,56.8815529357154
poi_500_215,poi_500_215,467,56.66115623901131
poi_500_215,poi_500_215,468,56.61516698850377
poi_500_215,poi_500_215,469,56.618069803616905
poi_500_215,poi_500_215,470,58.27298409700351
poi_500_215,poi_500_215,471,58.10228669906049
poi_500_215,poi_500_215,472,57.964448739821066
poi_500_215,poi_500_215,473,57.32176217673459
poi_500_215,poi_500_215,474,57.38856335604082
poi_500_215,poi_500_215,475,57.48604367139389
poi_500_215,poi_500_215,476,54.28518194195688
poi_500_215,poi_500_215,477,55.083233229235034
poi_500_215,poi_500_215,478,54.86564666223889
poi_500_215,poi_500_215,479,54.83424683686749
poi_500_215,poi_500_215,480,55.04049342903407
poi_500_215,poi_500_215,481,55.273252790315006
poi_500_215,poi_500_215,482,57.517369945163985
poi_500_215,poi_500_215,483,57.41561737605015
poi_500_215,poi_500_215,484,57.342499365996105
poi_500_215,poi_500_215,485,57.61383446581978
poi_500_215,poi_500_215,486,57.38856335604082
poi_500_215,poi_500_215,487,57.48604367139389
poi_500_215,poi_500_215,488,54.28518194195688
poi_500_215,poi_500_215,489,55.083233229235034
poi_500_215,poi_500_215,490,54.86564666223889
poi_500_215,poi_500_215,491,53.43213974476126
poi_500_215,poi_500_215,492,53.50539424406879
poi_500_215,poi_500_215,493,53.594709805343584
poi_500_215,poi_500_215,494,56.450273226844594
poi_500_215,poi_500_215,495,56.139932629656855
poi_500_215,poi_500_215,496,55.822190772388744
poi_500_215,poi_500_215,497,56.803981226151315
poi_500_215,poi_500_215,498,56.40871620892307
poi_500_215,poi_500_215,499,56.42510886161464
poi_500_215,poi_500_215,500,55.636593604226064
poi_500_215,poi_500_215,501,56.448123124605765
poi_500_215,poi_500_215,502,56.4807229482355
poi_500_215,poi_500_215,503,56.670138222316
poi_500_215,poi_500_215,504,57.021185670360104
poi_500_215,poi_500_215,505,57.37401518635877
poi_500_215,poi_500_215,506,54.532235547432165
poi_500_215,poi_500_215,507,55.661431664606376
poi_500_215,poi_500_215,508,55.835049492845606
poi_500_215,poi_500_215,509,56.435900727490385
poi_500_215,poi_500_215,510,56.33360255030735
poi_500_215,poi_500_215,511,56.61106208162616
poi_500_215,poi_500_215,512,56.690204765001056
poi_500_215,poi_500_215,513,56.359737729229956
poi_500_215,poi_500_215,514,56.065988115931795
poi_500_215,poi_500_215,515,56.20273376115372
poi_500_215,poi_500_215,516,55.606807079760685
poi_500_215,poi_500_215,517,55.45354313366402
poi_500_215,poi_500_215,518,57.39488191797286
poi_500_215,poi_500_215,519,57.03821685052735
poi_500_215,poi_500_215,520,56.68047958178334
poi_500_215,poi_500_215,521,55.533221003749404
poi_500_215,poi_500_215,522,55.34474257177989
poi_500_215,poi_500_215,523,55.19947437759324
poi_500_215,poi_500_215,524,53.85880602626241
poi_500_215,poi_500_215,525,54.785699597625765
poi_500_215,poi_500_215,526,54.54127111812207
poi_500_215,poi_500_215,527,54.50769942310846
poi_500_215,poi_500_215,528,54.74064026598806
poi_500_215,poi_500_215,529,55.00807936570916
poi_500_215,poi_500_215,530,54.13056337997226
poi_500_215,poi_500_215,531,55.40211785475784
poi_500_215,poi_500_215,532,55.57753474598957
poi_500_215,poi_500_215,533,57.00769815537733
poi_500_215,poi_500_215,534,57.021185670360104
poi_500_215,poi_500_215,535,57.37401518635877
poi_500_215,poi_500_215,536,54.532235547432165
poi_500_215,poi_500_215,537,55.661431664606376
poi_500_215,poi_500_215,538,55.835049492845606
poi_500_215,poi_500_215,539,57.19434063737435
poi_500_215,poi_500_215,540,57.20103527943155
poi_500_215,poi_500_215,541,57.52977354205755
poi_500_215,poi_500_215,542,57.7061500726957
poi_500_215,poi_500_215,543,57.580522649221166
poi_500_215,poi_500_215,544,57.51570262357325
poi_500_215,poi_500_215,545,57.77661334360356
poi_500_215,poi_500_215,546,57.554099242437466
poi_500_215,poi_500_215,547,57.63790407620376
poi_500_215,poi_500_215,548,57.588943280535354
poi_500_215,poi_500_215,549,57.217787956455616
poi_500_215,poi_500_215,550,56.8815529357154
poi_500_215,poi_500_215,551,56.66115623901131
poi_500_215,poi_500_215,552,56.61516698850377
poi_500_215,poi_500_215,553,56.618069803616905
poi_500_215,poi_500_215,554,58.27298409700351
poi_500_215,poi_500_215,555,58.10228669906049
poi_500_215,poi_500_215,556,57.964448739821066
poi_500_215,poi_500_215,557,57.949857527106815
poi_500_215,poi_500_215,558,58.083023625109284
poi_500_215,poi_500_215,559,58.250968182371736
poi_500_215,poi_500_215,560,55.924359528090555
poi_500_215,poi_500_215,561,56.65322049695436
poi_500_215,poi_500_215,562,56.69103520988028
poi_500_215,poi_500_215,563,56.87152175469699
poi_500_215,poi_500_215,564,57.20103527943155
poi_500_215,poi_500_215,565,57.52977354205755
poi_500_215,poi_500_215,566,57.7061500726957
poi_500_215,poi_500_215,567,57.580522649221166
poi_500_215,poi_500_215,568,57.51570262357325
poi_500_215,poi_500_215,569,57.77661334360356
poi_500_215,poi_500_215,570,57.554099242437466
poi_500_215,poi_500_215,571,57.63790407620376
poi_500_215,poi_500_215,572,57.588943280535354
poi_500_215,poi_500_215,573,57.217787956455616
poi_500_215,poi_500_215,574,56.8815529357154
poi_500_215,poi_500_215,575,55.79309642028552
poi_500_215,poi_500_215,576,55.606807079760685
poi_500_215,poi_500_215,577,55.45354313366402
poi_500_215,poi_500_215,578,57.39488191797286
poi_500_215,poi_500_215,579,57.03821685052735
poi_500_215,poi_500_215,580,56.68047958178334
poi_500_215,poi_500_215,581,55.533221003749404
poi_500_215,poi_500_215,582,55.34474257177989
poi_500_215,poi_500_215,583,55.19947437759324
poi_500_215,poi_500_215,584,53.85880602626241
poi_500_215,poi_500_215,585,54.785699597625765
poi_500_215,poi_500_215,586,54.54127111812207
poi_500_215,poi_500_215,587,52.97440083492853
poi_500_215,poi_500_215,588,53.07187558822604
poi_500_215,poi_500_215,589,53.19856900190714
poi_500_215,poi_500_215,590,51.33085666564356
poi_500_215,poi_500_215,591,53.149804611260414
poi_500_215,poi_500_215,592,53.03258399454989
poi_500_215,poi_500_215,593,53.72727844489977
poi_500_215,poi_500_215,594,53.07187558822604
poi_500_215,poi_500_215,595,53.19856900190714
poi_500_215,poi_500_215,596,51.33085666564356
poi_500_215,poi_500_215,597,53.149804611260414
poi_500_215,poi_500_215,598,53.03258399454989
poi_500_215,poi_500_215,599,55.049935291577825
poi_500_25,poi_500_25,0,40.0
poi_500_25,poi_500_25,1,40.0
poi_500_25,poi_500_25,2,40.0
poi_500_25,poi_500_25,3,40.0
poi_500_25,poi_500_25,4,40.0
poi_500_25,poi_500_25,5,40.0
poi_500_25,poi_500_25,6,40.0
poi_500_25,poi_500_25,7,40.0
poi_500_25,poi_500_25,8,40.0
poi_500_25,poi_500_25,9,43.24587054878453
poi_500_25,poi_500_25,10,43.55949227449179
poi_500_25,poi_500_25,11,43.61772823354096
poi_500_25,poi_500_25,12,44.05650551206767
poi_500_25,poi_500_25,13,44.571308454726505
poi_500_25,poi_500_25,14,45.49019467011441
poi_500_25,poi_500_25,15,47.4349914388429
poi_500_25,poi_500_25,16,48.2254390888911
poi_500_25,poi_500_25,17,49.26553421166689
poi_500_25,poi_500_25,18,50.80877523673985
poi_500_25,poi_500_25,19,52.82802012332462
poi_500_25,poi_500_25,20,55.68158062139616
poi_500_25,poi_500_25,21,60.109778670851846
poi_500_25,poi_500_25,22,66.66098848192104
poi_500_25,poi_500_25,23,67.52771917238175
poi_500_25,poi_500_25,24,60.90268800521736
poi_500_25,poi_500_25,25,56.74091706587405
poi_500_25,poi_500_25,26,54.92231400544068
poi_500_25,poi_500_25,27,55.659734668159075
poi_500_25,poi_500_25,28,59.74029125707004
poi_500_25,poi_500_25,29,63.254492462894525
poi_500_25,poi_500_25,30,57.88053018749956
poi_500_25,poi_500_25,31,55.640379933244816
poi_500_25,poi_500_25,32,56.67974953936635
poi_500_25,poi_500_25,33,60.38400106017736
poi_500_25,poi_500_25,34,66.70958300099606
poi_500_25,poi_500_25,35,67.56268787119035
poi_500_25,poi_500_25,36,61.04434283291296
poi_500_25,poi_500_25,37,56.8974161306729
poi_500_25,poi_500_25,38,55.1379698720787
poi_500_25,poi_500_25,39,55.91899048143972
poi_500_25,poi_500_25,40,59.84558727034397
poi_500_25,poi_500_25,41,63.301076746477406
poi_500_25,poi_500_25,42,58.05142982854718
poi_500_25,poi_500_25,43,55.945624939947436
poi_500_25,poi_500_25,44,56.854339560631104
poi_500_25,poi_500_25,45,60.4804994051039
poi_500_25,poi_500_25,46,66.73975744844643
poi_500_25,poi_500_25,47,67.59776543610751
poi_500_25,poi_500_25,48,61.290617018684586
poi_500_25,poi_500_25,49,57.9151423076431
poi_500_25,poi_500_25,50,57.75565071271153
poi_500_25,poi_500_25,51,60.681053571395765
poi_500_25,poi_500_25,52,66.76383316724402
poi_500_25,poi_500_25,53,67.60794647434471
poi_500_25,poi_500_25,54,61.30490279247173
poi_500_25,poi_500_25,55,58.0369888648022
poi_500_25,poi_500_25,56,57.71348118880175
poi_500_25,poi_500_25,57,60.63221037365019
poi_500_25,poi_500_25,58,66.7427016726206
poi_500_25,poi_500_25,59,67.58008963892128
poi_500_25,poi_500_25,60,61.087386674897104
poi_500_25,poi_500_25,61,56.9406882654135
poi_500_25,poi_500_25,62,55.06060882803129
poi_500_25,poi_500_25,63,55.6747753127145
poi_500_25,poi_500_25,64,59.69677324358003
poi_500_25,poi_500_25,65,63.206320820448994
poi_500_25,poi_500_25,66,57.48914682587306
poi_500_25,poi_500_25,67,53.75130319052927
poi_500_25,poi_500_25,68,52.91272850853904
poi_500_25,poi_500_25,69,54.84483556200247
poi_500_25,poi_500_25,70,59.52635986848186
poi_500_25,poi_500_25,71,63.15851413952495
poi_500_25,poi_500_25,72,57.38994139952269
poi_500_25,poi_500_25,73,53.6606232712471
poi_500_25,poi_500_25,74,53.03887110108612
poi_500_25,poi_500_25,75,55.02715713087707
poi_500_25,poi_500_25,76,59.63653936354333
poi_500_25,poi_500_25,77,63.23518734395529
poi_500_25,poi_500_25,78,57.88339991720455
poi_500_25,poi_500_25,79,55.7318750484091
poi_500_25,poi_500_25,80,56.73318230673631
poi_500_25,poi_500_25,81,60.40303399885226
poi_500_25,poi_500_25,82,66.72213721522144
poi_500_25,poi_500_25,83,67.58362141115175
poi_500_25,poi_500_25,84,61.22627239297376
poi_500_25,poi_500_25,85,57.90617611659371
poi_500_25,poi_500_25,86,57.614320374183805
poi_500_25,poi_500_25,87,60.620258666687256
poi_500_25,poi_500_25,88,66.7425412924809
poi_500_25,poi_500_25,89,67.58000344667306
poi_500_25,poi_500_25,90,61.09862946820477
poi_500_25,poi_500_25,91,57.16898747612214
poi_500_25,poi_500_25,92,55.311838087687384
poi_500_25,poi_500_25,93,56.04456196527267
poi_500_25,poi_500_25,94,59.88876926500914
poi_500_25,poi_500_25,95,63.32013940504773
poi_500_25,poi_500_25,96,58.107074526692664
poi_500_25,poi_500_25,97,55.80297338690231
poi_500_25,poi_500_25,98,56.854339560631104
poi_500_25,poi_500_25,99,60.4804994051039
poi_500_25,poi_500_25,100,66.73975744844643
poi_500_25,poi_500_25,101,67.59776543610751
poi_500_25,poi_500_25,102,61.290617018684586
poi_500_25,poi_500_25,103,57.9151423076431
poi_500_25,poi_500_25,104,57.75565071271153
poi_500_25,poi_500_25,105,60.71170110770793
poi_500_25,poi_500_25,106,66.77248839967203
poi_500_25,poi_500_25,107,67.61494199366018
poi_500_25,poi_500_25,108,61.3419285014984
poi_500_25,poi_500_25,109,58.13136664626584
poi_500_25,poi_500_25,110,57.851671364186004
poi_500_25,poi_500_25,111,60.72340413268779
poi_500_25,poi_500_25,112,66.77264767772267
poi_500_25,poi_500_25,113,67.61502749528911
poi_500_25,poi_500_25,114,61.331298981034294
poi_500_25,poi_500_25,115,57.94941013641705
poi_500_25,poi_500_25,116,57.71348118880175
poi_500_25,poi_500_25,117,60.663203300988506
poi_500_25,poi_500_25,118,66.7513990792477
poi_500_25,poi_500_25,119,67.58713013715803
poi_500_25,poi_500_25,120,61.12630554288569
poi_500_25,poi_500_25,121,57.061792127939704
poi_500_25,poi_500_25,122,55.311838087687384
poi_500_25,poi_500_25,123,55.95417842544211
poi_500_25,poi_500_25,124,59.84637217112831
poi_500_25,poi_500_25,125,63.30130760911086
poi_500_25,poi_500_25,126,58.02872244757353
poi_500_25,poi_500_25,127,55.640379933244816
poi_500_25,poi_500_25,128,56.67974953936635
poi_500_25,poi_500_25,129,60.35094234394237
poi_500_25,poi_500_25,130,66.70080136173145
poi_500_25,poi_500_25,131,67.55560760462896
poi_500_25,poi_500_25,132,61.0046790933211
poi_500_25,poi_500_25,133,56.771572435143625
poi_500_25,poi_500_25,134,54.87616320345211
poi_500_25,poi_500_25,135,55.63723901306639
poi_500_25,poi_500_25,136,59.695960832138155
poi_500_25,poi_500_25,137,63.206084852738115
poi_500_25,poi_500_25,138,57.51484928726416
poi_500_25,poi_500_25,139,54.214274110760485
poi_500_25,poi_500_25,140,53.31738841694375
poi_500_25,poi_500_25,141,55.07032668337996
poi_500_25,poi_500_25,142,59.63736296597198
poi_500_25,poi_500_25,143,63.23542173575258
poi_500_25,poi_500_25,144,57.859794324567424
poi_500_25,poi_500_25,145,55.410647272769246
poi_500_25,poi_500_25,146,56.55354953670531
poi_500_25,poi_500_25,147,60.304779170499785
poi_500_25,poi_500_25,148,66.69183966616251
poi_500_25,poi_500_25,149,67.54842895514818
poi_500_25,poi_500_25,150,60.97621439880568
poi_500_25,poi_500_25,151,56.88607910574209
poi_500_25,poi_500_25,152,54.87616320345211
poi_500_25,poi_500_25,153,55.537865763817386
poi_500_25,poi_500_25,154,59.65162922285934
poi_500_25,poi_500_25,155,63.186750827205465
poi_500_25,poi_500_25,156,57.42493069323849
poi_500_25,poi_500_25,157,53.97788105485792
poi_500_25,poi_500_25,158,52.91272850853904
poi_500_25,poi_500_25,159,54.72529537056357
poi_500_25,poi_500_25,160,59.48025336547985
poi_500_25,poi_500_25,161,63.138966693519905
poi_500_25,poi_500_25,162,57.297370938753176
poi_500_25,poi_500_25,163,53.39107185215396
poi_500_25,poi_500_25,164,52.60603017116377
poi_500_25,poi_500_25,165,54.55426320949199
poi_500_25,poi_500_25,166,59.43278896087495
poi_500_25,poi_500_25,167,63.1190901252107
poi_500_25,poi_500_25,168,57.230233085025866
poi_500_25,poi_500_25,169,53.63670073410812
poi_500_25,poi_500_25,170,52.60603017116377
poi_500_25,poi_500_25,171,54.67853695227775
poi_500_25,poi_500_25,172,59.47939942009495
poi_500_25,poi_500_25,173,63.13872703759155
poi_500_25,poi_500_25,174,57.32423022111245
poi_500_25,poi_500_25,175,53.89185671496847
poi_500_25,poi_500_25,176,53.03887110108612
poi_500_25,poi_500_25,177,54.91259689188684
poi_500_25,poi_500_25,178,59.59159385630728
poi_500_25,poi_500_25,179,63.21598273038438
poi_500_25,poi_500_25,180,57.800867156015016
poi_500_25,poi_500_25,181,55.56654613855454
poi_500_25,poi_500_25,182,56.55354953670531
poi_500_25,poi_500_25,183,60.304779170499785
poi_500_25,poi_500_25,184,66.69183966616251
poi_500_25,poi_500_25,185,67.54842895514818
poi_500_25,poi_500_25,186,60.97621439880568
poi_500_25,poi_500_25,187,56.88607910574209
poi_500_25,poi_500_25,188,54.87616320345211
poi_500_25,poi_500_25,189,55.537865763817386
poi_500_25,poi_500_25,190,59.65162922285934
poi_500_25,poi_500_25,191,63.186750827205465
poi_500_25,poi_500_25,192,57.42493069323849
poi_500_25,poi_500_25,193,53.97788105485792
poi_500_25,poi_500_25,194,52.91272850853904
poi_500_25,poi_500_25,195,54.84483556200247
poi_500_25,poi_500_25,196,59.52635986848186
poi_500_25,poi_500_25,197,63.15851413952495
poi_500_25,poi_500_25,198,57.38994139952269
poi_500_25,poi_500_25,199,53.6606232712471
poi_500_25,poi_500_25,200,53.03887110108612
poi_500_25,poi_500_25,201,55.02715713087707
poi_500_25,poi_500_25,202,59.63653936354333
poi_500_25,poi_500_25,203,63.23518734395529
poi_500_25,poi_500_25,204,57.88339991720455
poi_500_25,poi_500_25,205,55.7318750484091
poi_500_25,poi_500_25,206,56.73318230673631
poi_500_25,poi_500_25,207,60.40303399885226
poi_500_25,poi_500_25,208,66.72213721522144
poi_500_25,poi_500_25,209,67.58362141115175
poi_500_25,poi_500_25,210,61.22627239297376
poi_500_25,poi_500_25,211,57.90617611659371
poi_500_25,poi_500_25,212,57.614320374183805
poi_500_25,poi_500_25,213,60.58895663706102
poi_500_25,poi_500_25,214,66.73382611085901
poi_500_25,poi_500_25,215,67.5729513762341
poi_500_25,poi_500_25,216,61.05946066651874
poi_500_25,poi_500_25,217,57.05087670845066
poi_500_25,poi_500_25,218,55.06060882803129
poi_500_25,poi_500_25,219,55.6747753127145
poi_500_25,poi_500_25,220,59.69677324358003
poi_500_25,poi_500_25,221,63.206320820448994
poi_500_25,poi_500_25,222,57.48914682587306
poi_500_25,poi_500_25,223,53.75130319052927
poi_500_25,poi_500_25,224,52.91272850853904
poi_500_25,poi_500_25,225,54.84483556200247
poi_500_25,poi_500_25,226,59.52635986848186
poi_500_25,poi_500_25,227,63.15851413952495
poi_500_25,poi_500_25,228,57.38994139952269
poi_500_25,poi_500_25,229,53.6606232712471
poi_500_25,poi_500_25,230,53.03887110108612
poi_500_25,poi_500_25,231,54.91259689188684
poi_500_25,poi_500_25,232,59.59159385630728
poi_500_25,poi_500_25,233,63.21598273038438
poi_500_25,poi_500_25,234,57.800867156015016
poi_500_25,poi_500_25,235,55.56654613855454
poi_500_25,poi_500_25,236,56.55354953670531
poi_500_25,poi_500_25,237,60.33818980195449
poi_500_25,poi_500_25,238,66.70063942674238
poi_500_25,poi_500_25,239,67.55552092512113
poi_500_25,poi_500_25,240,61.016137762631
poi_500_25,poi_500_25,241,57.00869393820457
poi_500_25,poi_500_25,242,55.1379698720787
poi_500_25,poi_500_25,243,55.82592684298359
poi_500_25,poi_500_25,244,59.80276442295772
poi_500_25,poi_500_25,245,63.28216192906262
poi_500_25,poi_500_25,246,57.97205810280446
poi_500_25,poi_500_25,247,55.78838168230155
poi_500_25,poi_500_25,248,56.67974953936635
poi_500_25,poi_500_25,249,60.38400106017736
poi_500_25,poi_500_25,250,66.70958300099606
poi_500_25,poi_500_25,251,67.56268787119035
poi_500_25,poi_500_25,252,61.04434283291296
poi_500_25,poi_500_25,253,56.8974161306729
poi_500_25,poi_500_25,254,55.1379698720787
poi_500_25,poi_500_25,255,55.82592684298359
poi_500_25,poi_500_25,256,59.80276442295772
poi_500_25,poi_500_25,257,63.28216192906262
poi_500_25,poi_500_25,258,57.97205810280446
poi_500_25,poi_500_25,259,55.78838168230155
poi_500_25,poi_500_25,260,56.67974953936635
poi_500_25,poi_500_25,261,60.35094234394237
poi_500_25,poi_500_25,262,66.70080136173145
poi_500_25,poi_500_25,263,67.55560760462896
poi_500_25,poi_500_25,264,61.0046790933211
poi_500_25,poi_500_25,265,56.771572435143625
poi_500_25,poi_500_25,266,54.87616320345211
poi_500_25,poi_500_25,267,55.63723901306639
poi_500_25,poi_500_25,268,59.695960832138155
poi_500_25,poi_500_25,269,63.206084852738115
poi_500_25,poi_500_25,270,57.51484928726416
poi_500_25,poi_500_25,271,54.214274110760485
poi_500_25,poi_500_25,272,53.31738841694375
poi_500_25,poi_500_25,273,55.07032668337996
poi_500_25,poi_500_25,274,59.63736296597198
poi_500_25,poi_500_25,275,63.23542173575258
poi_500_25,poi_500_25,276,57.859794324567424
poi_500_25,poi_500_25,277,55.410647272769246
poi_500_25,poi_500_25,278,56.55354953670531
poi_500_25,poi_500_25,279,60.33818980195449
poi_500_25,poi_500_25,280,66.70063942674238
poi_500_25,poi_500_25,281,67.55552092512113
poi_500_25,poi_500_25,282,61.016137762631
poi_500_25,poi_500_25,283,57.00869393820457
poi_500_25,poi_500_25,284,55.1379698720787
poi_500_25,poi_500_25,285,55.91899048143972
poi_500_25,poi_500_25,286,59.84558727034397
poi_500_25,poi_500_25,287,63.301076746477406
poi_500_25,poi_500_25,288,58.05142982854718
poi_500_25,poi_500_25,289,55.945624939947436
poi_500_25,poi_500_25,290,56.854339560631104
poi_500_25,poi_500_25,291,60.44816984927902
poi_500_25,poi_500_25,292,66.73103667295491
poi_500_25,poi_500_25,293,67.59074217196007
poi_500_25,poi_500_25,294,61.25314935630195
poi_500_25,poi_500_25,295,57.815891293194895
poi_500_25,poi_500_25,296,57.614320374183805
poi_500_25,poi_500_25,297,60.620258666687256
poi_500_25,poi_500_25,298,66.7425412924809
poi_500_25,poi_500_25,299,67.58000344667306
poi_500_25,poi_500_25,300,61.09862946820477
poi_500_25,poi_500_25,301,57.16898747612214
poi_500_25,poi_500_25,302,55.311838087687384
poi_500_25,poi_500_25,303,55.95417842544211
poi_500_25,poi_500_25,304,59.84637217112831
poi_500_25,poi_500_25,305,63.30130760911086
poi_500_25,poi_500_25,306,58.02872244757353
poi_500_25,poi_500_25,307,55.640379933244816
poi_500_25,poi_500_25,308,56.67974953936635
poi_500_25,poi_500_25,309,60.35094234394237
poi_500_25,poi_500_25,310,66.70080136173145
poi_500_25,poi_500_25,311,67.55560760462896
poi_500_25,poi_500_25,312,61.0046790933211
poi_500_25,poi_500_25,313,56.771572435143625
poi_500_25,poi_500_25,314,54.87616320345211
poi_500_25,poi_500_25,315,55.63723901306639
poi_500_25,poi_500_25,316,59.695960832138155
poi_500_25,poi_500_25,317,63.206084852738115
poi_500_25,poi_500_25,318,57.51484928726416
poi_500_25,poi_500_25,319,54.214274110760485
poi_500_25,poi_500_25,320,53.31738841694375
poi_500_25,poi_500_25,321,55.18085244767954
poi_500_25,poi_500_25,322,59.68183969642464
poi_500_25,poi_500_25,323,63.25454077014452
poi_500_25,poi_500_25,324,57.94122516693248
poi_500_25,poi_500_25,325,55.581901194176524
poi_500_25,poi_500_25,326,56.73318230673631
poi_500_25,poi_500_25,327,60.40303399885226
poi_500_25,poi_500_25,328,66.72213721522144
poi_500_25,poi_500_25,329,67.58362141115175
poi_500_25,poi_500_25,330,61.22627239297376
poi_500_25,poi_500_25,331,57.90617611659371
poi_500_25,poi_500_25,332,57.614320374183805
poi_500_25,poi_500_25,333,60.58895663706102
poi_500_25,poi_500_25,334,66.73382611085901
poi_500_25,poi_500_25,335,67.5729513762341
poi_500_25,poi_500_25,336,61.05946066651874
poi_500_25,poi_500_25,337,57.05087670845066
poi_500_25,poi_500_25,338,55.06060882803129
poi_500_25,poi_500_25,339,55.6747753127145
poi_500_25,poi_500_25,340,59.69677324358003
poi_500_25,poi_500_25,341,63.206320820448994
poi_500_25,poi_500_25,342,57.48914682587306
poi_500_25,poi_500_25,343,53.75130319052927
poi_500_25,poi_500_25,344,52.91272850853904
poi_500_25,poi_500_25,345,54.72529537056357
poi_500_25,poi_500_25,346,59.48025336547985
poi_500_25,poi_500_25,347,63.138966693519905
poi_500_25,poi_500_25,348,57.297370938753176
poi_500_25,poi_500_25,349,53.39107185215396
poi_500_25,poi_500_25,350,52.60603017116377
poi_500_25,poi_500_25,351,54.55426320949199
poi_500_25,poi_500_25,352,59.43278896087495
poi_500_25,poi_500_25,353,63.1190901252107
poi_500_25,poi_500_25,354,57.230233085025866
poi_500_25,poi_500_25,355,53.63670073410812
poi_500_25,poi_500_25,356,52.60603017116377
poi_500_25,poi_500_25,357,54.67853695227775
poi_500_25,poi_500_25,358,59.47939942009495
poi_500_25,poi_500_25,359,63.13872703759155
poi_500_25,poi_500_25,360,57.32423022111245
poi_500_25,poi_500_25,361,53.89185671496847
poi_500_25,poi_500_25,362,53.03887110108612
poi_500_25,poi_500_25,363,55.02715713087707
poi_500_25,poi_500_25,364,59.63653936354333
poi_500_25,poi_500_25,365,63.23518734395529
poi_500_25,poi_500_25,366,57.88339991720455
poi_500_25,poi_500_25,367,55.7318750484091
poi_500_25,poi_500_25,368,56.73318230673631
poi_500_25,poi_500_25,369,60.40303399885226
poi_500_25,poi_500_25,370,66.72213721522144
poi_500_25,poi_500_25,371,67.58362141115175
poi_500_25,poi_500_25,372,61.22627239297376
poi_500_25,poi_500_25,373,57.90617611659371
poi_500_25,poi_500_25,374,57.614320374183805
poi_500_25,poi_500_25,375,60.58895663706102
poi_500_25,poi_500_25,376,66.73382611085901
poi_500_25,poi_500_25,377,67.5729513762341
poi_500_25,poi_500_25,378,61.05946066651874
poi_500_25,poi_500_25,379,57.05087670845066
poi_500_25,poi_500_25,380,55.06060882803129
poi_500_25,poi_500_25,381,55.77109866813003
poi_500_25,poi_500_25,382,59.74064872952766
poi_500_25,poi_500_25,383,63.22556811215372
poi_500_25,poi_500_25,384,57.57775900946786
poi_500_25,poi_500_25,385,54.00000076473299
poi_500_25,poi_500_25,386,53.31738841694375
poi_500_25,poi_500_25,387,55.18085244767954
poi_500_25,poi_500_25,388,59.68183969642464
poi_500_25,poi_500_25,389,63.25454077014452
poi_500_25,poi_500_25,390,57.94122516693248
poi_500_25,poi_500_25,391,55.581901194176524
poi_500_25,poi_500_25,392,56.73318230673631
poi_500_25,poi_500_25,393,60.43570003796891
poi_500_25,poi_500_25,394,66.73087586145267
poi_500_25,poi_500_25,395,67.59065619087036
poi_500_25,poi_500_25,396,61.263971641948096
poi_500_25,poi_500_25,397,58.003407803178305
poi_500_25,poi_500_25,398,57.75565071271153
poi_500_25,poi_500_25,399,60.71170110770793
poi_500_25,poi_500_25,400,66.77248839967203
poi_500_25,poi_500_25,401,67.61494199366018
poi_500_25,poi_500_25,402,61.3419285014984
poi_500_25,poi_500_25,403,58.13136664626584
poi_500_25,poi_500_25,404,57.851671364186004
poi_500_25,poi_500_25,405,60.72340413268779
poi_500_25,poi_500_25,406,66.77264767772267
poi_500_25,poi_500_25,407,67.61502749528911
poi_500_25,poi_500_25,408,61.331298981034294
poi_500_25,poi_500_25,409,57.94941013641705
poi_500_25,poi_500_25,410,57.71348118880175
poi_500_25,poi_500_25,411,60.663203300988506
poi_500_25,poi_500_25,412,66.7513990792477
poi_500_25,poi_500_25,413,67.58713013715803
poi_500_25,poi_500_25,414,61.12630554288569
poi_500_25,poi_500_25,415,57.061792127939704
poi_500_25,poi_500_25,416,55.311838087687384
poi_500_25,poi_500_25,417,56.04456196527267
poi_500_25,poi_500_25,418,59.88876926500914
poi_500_25,poi_500_25,419,63.32013940504773
poi_500_25,poi_500_25,420,58.107074526692664
poi_500_25,poi_500_25,421,55.80297338690231
poi_500_25,poi_500_25,422,56.854339560631104
poi_500_25,poi_500_25,423,60.4804994051039
poi_500_25,poi_500_25,424,66.73975744844643
poi_500_25,poi_500_25,425,67.59776543610751
poi_500_25,poi_500_25,426,61.290617018684586
poi_500_25,poi_500_25,427,57.9151423076431
poi_500_25,poi_500_25,428,57.75565071271153
poi_500_25,poi_500_25,429,60.71170110770793
poi_500_25,poi_500_25,430,66.77248839967203
poi_500_25,poi_500_25,431,67.61494199366018
poi_500_25,poi_500_25,432,61.3419285014984
poi_500_25,poi_500_25,433,58.13136664626584
poi_500_25,poi_500_25,434,57.851671364186004
poi_500_25,poi_500_25,435,60.72340413268779
poi_500_25,poi_500_25,436,66.77264767772267
poi_500_25,poi_500_25,437,67.61502749528911
poi_500_25,poi_500_25,438,61.331298981034294
poi_500_25,poi_500_25,439,57.94941013641705
poi_500_25,poi_500_25,440,57.71348118880175
poi_500_25,poi_500_25,441,60.663203300988506
poi_500_25,poi_500_25,442,66.7513990792477
poi_500_25,poi_500_25,443,67.58713013715803
poi_500_25,poi_500_25,444,61.12630554288569
poi_500_25,poi_500_25,445,57.061792127939704
poi_500_25,poi_500_25,446,55.311838087687384
poi_500_25,poi_500_25,447,56.04456196527267
poi_500_25,poi_500_25,448,59.88876926500914
poi_500_25,poi_500_25,449,63.32013940504773
poi_500_25,poi_500_25,450,58.107074526692664
poi_500_25,poi_500_25,451,55.80297338690231
poi_500_25,poi_500_25,452,56.854339560631104
poi_500_25,poi_500_25,453,60.4804994051039
poi_500_25,poi_500_25,454,66.73975744844643
poi_500_25,poi_500_25,455,67.59776543610751
poi_500_25,poi_500_25,456,61.290617018684586
poi_500_25,poi_500_25,457,57.9151423076431
poi_500_25,poi_500_25,458,57.75565071271153
poi_500_25,poi_500_25,459,60.681053571395765
poi_500_25,poi_500_25,460,66.76383316724402
poi_500_25,poi_500_25,461,67.60794647434471
poi_500_25,poi_500_25,462,61.30490279247173
poi_500_25,poi_500_25,463,58.0369888648022
poi_500_25,poi_500_25,464,57.71348118880175
poi_500_25,poi_500_25,465,60.663203300988506
poi_500_25,poi_500_25,466,66.7513990792477
poi_500_25,poi_500_25,467,67.58713013715803
poi_500_25,poi_500_25,468,61.12630554288569
poi_500_25,poi_500_25,469,57.061792127939704
poi_500_25,poi_500_25,470,55.311838087687384
poi_500_25,poi_500_25,471,55.95417842544211
poi_500_25,poi_500_25,472,59.84637217112831
poi_500_25,poi_500_25,473,63.30130760911086
poi_500_25,poi_500_25,474,58.02872244757353
poi_500_25,poi_500_25,475,55.640379933244816
poi_500_25,poi_500_25,476,56.67974953936635
poi_500_25,poi_500_25,477,60.38400106017736
poi_500_25,poi_500_25,478,66.70958300099606
poi_500_25,poi_500_25,479,67.56268787119035
poi_500_25,poi_500_25,480,61.04434283291296
poi_500_25,poi_500_25,481,56.8974161306729
poi_500_25,poi_500_25,482,55.1379698720787
poi_500_25,poi_500_25,483,55.82592684298359
poi_500_25,poi_500_25,484,59.80276442295772
poi_500_25,poi_500_25,485,63.28216192906262
poi_500_25,poi_500_25,486,57.97205810280446
poi_500_25,poi_500_25,487,55.78838168230155
poi_500_25,poi_500_25,488,56.67974953936635
poi_500_25,poi_500_25,489,60.35094234394237
poi_500_25,poi_500_25,490,66.70080136173145
poi_500_25,poi_500_25,491,67.55560760462896
poi_500_25,poi_500_25,492,61.0046790933211
poi_500_25,poi_500_25,493,56.771572435143625
poi_500_25,poi_500_25,494,54.87616320345211
poi_500_25,poi_500_25,495,55.63723901306639
poi_500_25,poi_500_25,496,59.695960832138155
poi_500_25,poi_500_25,497,63.206084852738115
poi_500_25,poi_500_25,498,57.51484928726416
poi_500_25,poi_500_25,499,54.214274110760485
poi_500_25,poi_500_25,500,53.31738841694375
poi_500_25,poi_500_25,501,55.18085244767954
poi_500_25,poi_500_25,502,59.68183969642464
poi_500_25,poi_500_25,503,63.25454077014452
poi_500_25,poi_500_25,504,57.94122516693248
poi_500_25,poi_500_25,505,55.581901194176524
poi_500_25,poi_500_25,506,56.73318230673631
poi_500_25,poi_500_25,507,60.40303399885226
poi_500_25,poi_500_25,508,66.72213721522144
poi_500_25,poi_500_25,509,67.58362141115175
poi_500_25,poi_500_25,510,61.22627239297376
poi_500_25,poi_500_25,511,57.90617611659371
poi_500_25,poi_500_25,512,57.614320374183805
poi_500_25,poi_500_25,513,60.58895663706102
poi_500_25,poi_500_25,514,66.73382611085901
poi_500_25,poi_500_25,515,67.5729513762341
poi_500_25,poi_500_25,516,61.05946066651874
poi_500_25,poi_500_25,517,57.05087670845066
poi_500_25,poi_500_25,518,55.06060882803129
poi_500_25,poi_500_25,519,55.6747753127145
poi_500_25,poi_500_25,520,59.69677324358003
poi_500_25,poi_500_25,521,63.206320820448994
poi_500_25,poi_500_25,522,57.48914682587306
poi_500_25,poi_500_25,523,53.75130319052927
poi_500_25,poi_500_25,524,52.91272850853904
poi_500_25,poi_500_25,525,54.84483556200247
poi_500_25,poi_500_25,526,59.52635986848186
poi_500_25,poi_500_25,527,63.15851413952495
poi_500_25,poi_500_25,528,57.38994139952269
poi_500_25,poi_500_25,529,53.6606232712471
poi_500_25,poi_500_25,530,53.03887110108612
poi_500_25,poi_500_25,531,55.02715713087707
poi_500_25,poi_500_25,532,59.63653936354333
poi_500_25,poi_500_25,533,63.23518734395529
poi_500_25,poi_500_25,534,57.88339991720455
poi_500_25,poi_500_25,535,55.7318750484091
poi_500_25,poi_500_25,536,56.73318230673631
poi_500_25,poi_500_25,537,60.43570003796891
poi_500_25,poi_500_25,538,66.73087586145267
poi_500_25,poi_500_25,539,67.59065619087036
poi_500_25,poi_500_25,540,61.263971641948096
poi_500_25,poi_500_25,541,58.003407803178305
poi_500_25,poi_500_25,542,57.75565071271153
poi_500_25,poi_500_25,543,60.681053571395765
poi_500_25,poi_500_25,544,66.76383316724402
poi_500_25,poi_500_25,545,67.60794647434471
poi_500_25,poi_500_25,546,61.30490279247173
poi_500_25,poi_500_25,547,58.0369888648022
poi_500_25,poi_500_25,548,57.71348118880175
poi_500_25,poi_500_25,549,60.663203300988506
poi_500_25,poi_500_25,550,66.7513990792477
poi_500_25,poi_500_25,551,67.58713013715803
poi_500_25,poi_500_25,552,61.12630554288569
poi_500_25,poi_500_25,553,57.061792127939704
poi_500_25,poi_500_25,554,55.311838087687384
poi_500_25,poi_500_25,555,56.04456196527267
poi_500_25,poi_500_25,556,59.88876926500914
poi_500_25,poi_500_25,557,63.32013940504773
poi_500_25,poi_500_25,558,58.107074526692664
poi_500_25,poi_500_25,559,55.80297338690231
poi_500_25,poi_500_25,560,56.854339560631104
poi_500_25,poi_500_25,561,60.4804994051039
poi_500_25,poi_500_25,562,66.73975744844643
poi_500_25,poi_500_25,563,67.59776543610751
poi_500_25,poi_500_25,564,61.290617018684586
poi_500_25,poi_500_25,565,57.9151423076431
poi_500_25,poi_500_25,566,57.75565071271153
poi_500_25,poi_500_25,567,60.681053571395765
poi_500_25,poi_500_25,568,66.76383316724402
poi_500_25,poi_500_25,569,67.60794647434471
poi_500_25,poi_500_25,570,61.30490279247173
poi_500_25,poi_500_25,571,58.0369888648022
poi_500_25,poi_500_25,572,57.71348118880175
poi_500_25,poi_500_25,573,60.63221037365019
poi_500_25,poi_500_25,574,66.7427016726206
poi_500_25,poi_500_25,575,67.58008963892128
poi_500_25,poi_500_25,576,61.087386674897104
poi_500_25,poi_500_25,577,56.9406882654135
poi_500_25,poi_500_25,578,55.06060882803129
poi_500_25,poi_500_25,579,55.6747753127145
poi_500_25,poi_500_25,580,59.69677324358003
poi_500_25,poi_500_25,581,63.206320820448994
poi_500_25,poi_500_25,582,57.48914682587306
poi_500_25,poi_500_25,583,53.75130319052927
poi_500_25,poi_500_25,584,52.91272850853904
poi_500_25,poi_500_25,585,54.72529537056357
poi_500_25,poi_500_25,586,59.48025336547985
poi_500_25,poi_500_25,587,63.138966693519905
poi_500_25,poi_500_25,588,57.297370938753176
poi_500_25,poi_500_25,589,53.39107185215396
poi_500_25,poi_500_25,590,52.60603017116377
poi_500_25,poi_500_25,591,54.55426320949199
poi_500_25,poi_500_25,592,59.43278896087495
poi_500_25,poi_500_25,593,63.1190901252107
poi_500_25,poi_500_25,594,57.230233085025866
poi_500_25,poi_500_25,595,53.63670073410812
poi_500_25,poi_500_25,596,52.60603017116377
poi_500_25,poi_500_25,597,54.67853695227775
poi_500_25,poi_500_25,598,59.47939942009495
poi_500_25,poi_500_25,599,63.13872703759155
poi_500_35,poi_500_35,0,40.0
poi_500_35,poi_500_35,1,40.0
poi_500_35,poi_500_35,2,40.0
poi_500_35,poi_500_35,3,40.0
poi_500_35,poi_500_35,4,40.0
poi_500_35,poi_500_35,5,40.0
poi_500_35,poi_500_35,6,40.0
poi_500_35,poi_500_35,7,40.0
poi_500_35,poi_500_35,8,40.0
poi_500_35,poi_500_35,9,51.00961997978875
poi_500_35,poi_500_35,10,51.62148682544888
poi_500_35,poi_500_35,11,43.606085707627365
poi_500_35,poi_500_35,12,44.04154762510445
poi_500_35,poi_500_35,13,44.55177997435655
poi_500_35,poi_500_35,14,45.15332891339925
poi_500_35,poi_500_35,15,48.924926884700895
poi_500_35,poi_500_35,16,49.60010064848966
poi_500_35,poi_500_35,17,48.68222427270449
poi_500_35,poi_500_35,18,49.97680500033488
poi_500_35,poi_500_35,19,51.73332960260363
poi_500_35,poi_500_35,20,53.927886068604145
poi_500_35,poi_500_35,21,58.60365996632163
poi_500_35,poi_500_35,22,62.020210036118286
poi_500_35,poi_500_35,23,62.08870365504802
poi_500_35,poi_500_35,24,58.46447413493373
poi_500_35,poi_500_35,25,55.038777263179924
poi_500_35,poi_500_35,26,53.72209422907069
poi_500_35,poi_500_35,27,54.81804621792361
poi_500_35,poi_500_35,28,56.69739885567338
poi_500_35,poi_500_35,29,57.021029575156135
poi_500_35,poi_500_35,30,55.58189202861008
poi_500_35,poi_500_35,31,54.29997388560379
poi_500_35,poi_500_35,32,55.14038195974252
poi_500_35,poi_500_35,33,58.95083635215781
poi_500_35,poi_500_35,34,62.15344370905622
poi_500_35,poi_500_35,35,62.52213943817444
poi_500_35,poi_500_35,36,59.290817207934495
poi_500_35,poi_500_35,37,55.26098587450739
poi_500_35,poi_500_35,38,53.996796915821214
poi_500_35,poi_500_35,39,56.06768681844697
poi_500_35,poi_500_35,40,57.65048230816647
poi_500_35,poi_500_35,41,57.21290753608443
poi_500_35,poi_500_35,42,56.184836187486546
poi_500_35,poi_500_35,43,55.065179715523044
poi_500_35,poi_500_35,44,55.36184011150006
poi_500_35,poi_500_35,45,59.068267121263474
poi_500_35,poi_500_35,46,62.22664033148667
poi_500_35,poi_500_35,47,62.613660907333326
poi_500_35,poi_500_35,48,59.576802938761226
poi_500_35,poi_500_35,49,56.34959010754096
poi_500_35,poi_500_35,50,56.26068728698539
poi_500_35,poi_500_35,51,58.850738372015314
poi_500_35,poi_500_35,52,62.0396849985034
poi_500_35,poi_500_35,53,62.332188269239104
poi_500_35,poi_500_35,54,59.200130070196124
poi_500_35,poi_500_35,55,56.74866254234837
poi_500_35,poi_500_35,56,56.229144744669
poi_500_35,poi_500_35,57,58.793787751555186
poi_500_35,poi_500_35,58,61.98979560039538
poi_500_35,poi_500_35,59,62.5706414473906
poi_500_35,poi_500_35,60,59.34540051674191
poi_500_35,poi_500_35,61,55.30667741280905
poi_500_35,poi_500_35,62,53.94354078085495
poi_500_35,poi_500_35,63,54.880547306993606
poi_500_35,poi_500_35,64,56.65431018048739
poi_500_35,poi_500_35,65,57.879489937625905
poi_500_35,poi_500_35,66,56.35698631770761
poi_500_35,poi_500_35,67,52.3926780790756
poi_500_35,poi_500_35,68,51.900079544032316
poi_500_35,poi_500_35,69,55.257469578291406
poi_500_35,poi_500_35,70,57.18964555902126
poi_500_35,poi_500_35,71,57.73506125206154
poi_500_35,poi_500_35,72,56.247684190014084
poi_500_35,poi_500_35,73,52.302844840087445
poi_500_35,poi_500_35,74,51.98502247206112
poi_500_35,poi_500_35,75,55.38499276552913
poi_500_35,poi_500_35,76,57.33859921162333
poi_500_35,poi_500_35,77,56.96402534127848
poi_500_35,poi_500_35,78,55.94589209837306
poi_500_35,poi_500_35,79,54.82266967731366
poi_500_35,poi_500_35,80,55.1808698444447
poi_500_35,poi_500_35,81,58.50445432359848
poi_500_35,poi_500_35,82,61.92874040244735
poi_500_35,poi_500_35,83,62.25712476397906
poi_500_35,poi_500_35,84,59.082438388257465
poi_500_35,poi_500_35,85,56.5855671822822
poi_500_35,poi_500_35,86,56.08149896214074
poi_500_35,poi_500_35,87,59.20477686203838
poi_500_35,poi_500_35,88,62.233905754560666
poi_500_35,poi_500_35,89,62.258401220656054
poi_500_35,poi_500_35,90,58.95131126950651
poi_500_35,poi_500_35,91,55.924246478860624
poi_500_35,poi_500_35,92,54.232970998374114
poi_500_35,poi_500_35,93,56.18976275837853
poi_500_35,poi_500_35,94,57.72179848807572
poi_500_35,poi_500_35,95,58.20201071194353
poi_500_35,poi_500_35,96,57.002902356826354
poi_500_35,poi_500_35,97,54.51838684286187
poi_500_35,poi_500_35,98,55.36184011150006
poi_500_35,poi_500_35,99,59.068267121263474
poi_500_35,poi_500_35,100,62.22664033148667
poi_500_35,poi_500_35,101,62.613660907333326
poi_500_35,poi_500_35,102,59.576802938761226
poi_500_35,poi_500_35,103,56.34959010754096
poi_500_35,poi_500_35,104,56.26068728698539
poi_500_35,poi_500_35,105,59.315622486334675
poi_500_35,poi_500_35,106,62.30576979836029
poi_500_35,poi_500_35,107,62.35558917802222
poi_500_35,poi_500_35,108,59.25974355411049
poi_500_35,poi_500_35,109,56.874288535294575
poi_500_35,poi_500_35,110,56.40246155687183
poi_500_35,poi_500_35,111,58.91548270747374
poi_500_35,poi_500_35,112,62.06577854803903
poi_500_35,poi_500_35,113,62.66115700958473
poi_500_35,poi_500_35,114,59.6279280828104
poi_500_35,poi_500_35,115,56.38519261571559
poi_500_35,poi_500_35,116,56.229144744669
poi_500_35,poi_500_35,117,59.26448729561497
poi_500_35,poi_500_35,118,62.258861355842
poi_500_35,poi_500_35,119,62.59279532804679
poi_500_35,poi_500_35,120,59.40306588684433
poi_500_35,poi_500_35,121,55.48079376426044
poi_500_35,poi_500_35,122,54.232970998374114
poi_500_35,poi_500_35,123,55.17426292052504
poi_500_35,poi_500_35,124,56.90857945004069
poi_500_35,poi_500_35,125,58.14084957950699
poi_500_35,poi_500_35,126,56.90219129364998
poi_500_35,poi_500_35,127,54.29997388560379
poi_500_35,poi_500_35,128,55.14038195974252
poi_500_35,poi_500_35,129,58.44274307204074
poi_500_35,poi_500_35,130,61.87755247750825
poi_500_35,poi_500_35,131,62.49962124186161
poi_500_35,poi_500_35,132,59.23163164388385
poi_500_35,poi_500_35,133,55.07763675913068
poi_500_35,poi_500_35,134,53.690607873416106
poi_500_35,poi_500_35,135,55.83010873166689
poi_500_35,poi_500_35,136,57.43714069869465
poi_500_35,poi_500_35,137,56.886899175224315
poi_500_35,poi_500_35,138,55.53402583943545
poi_500_35,poi_500_35,139,53.52848022176233
poi_500_35,poi_500_35,140,52.35456445817749
poi_500_35,poi_500_35,141,54.31934205955581
poi_500_35,poi_500_35,142,56.53603745046894
poi_500_35,poi_500_35,143,57.940968981358694
poi_500_35,poi_500_35,144,56.70048728948337
poi_500_35,poi_500_35,145,54.009142241066755
poi_500_35,poi_500_35,146,54.94973340996118
poi_500_35,poi_500_35,147,58.37049102769636
poi_500_35,poi_500_35,148,61.850299517499224
poi_500_35,poi_500_35,149,62.15768245767513
poi_500_35,poi_500_35,150,58.76066560506246
poi_500_35,poi_500_35,151,55.56190492846699
poi_500_35,poi_500_35,152,53.690607873416106
poi_500_35,poi_500_35,153,54.71469234091285
poi_500_35,poi_500_35,154,56.56291193244726
poi_500_35,poi_500_35,155,56.80389965717787
poi_500_35,poi_500_35,156,55.392115112222804
poi_500_35,poi_500_35,157,53.252341072511335
poi_500_35,poi_500_35,158,51.900079544032316
poi_500_35,poi_500_35,159,53.959005466733046
poi_500_35,poi_500_35,160,56.25825042389832
poi_500_35,poi_500_35,161,57.666902840620445
poi_500_35,poi_500_35,162,56.12757820911821
poi_500_35,poi_500_35,163,51.93273396330671
poi_500_35,poi_500_35,164,51.487774786524376
poi_500_35,poi_500_35,165,53.75300139920128
poi_500_35,poi_500_35,166,56.15802367371068
poi_500_35,poi_500_35,167,56.52964728533525
poi_500_35,poi_500_35,168,55.10370074898465
poi_500_35,poi_500_35,169,52.878665843677666
poi_500_35,poi_500_35,170,51.487774786524376
poi_500_35,poi_500_35,171,55.10564609364815
poi_500_35,poi_500_35,172,57.10894599930641
poi_500_35,poi_500_35,173,56.618002491155934
poi_500_35,poi_500_35,174,55.25518767619042
poi_500_35,poi_500_35,175,53.178778010001146
poi_500_35,poi_500_35,176,51.98502247206112
poi_500_35,poi_500_35,177,54.130103239677624
poi_500_35,poi_500_35,178,56.44208843597152
poi_500_35,poi_500_35,179,56.882500596461234
poi_500_35,poi_500_35,180,55.81701362811213
poi_500_35,poi_500_35,181,54.61938731103176
poi_500_35,poi_500_35,182,54.94973340996118
poi_500_35,poi_500_35,183,58.37049102769636
poi_500_35,poi_500_35,184,61.850299517499224
poi_500_35,poi_500_35,185,62.15768245767513
poi_500_35,poi_500_35,186,58.76066560506246
poi_500_35,poi_500_35,187,55.56190492846699
poi_500_35,poi_500_35,188,53.690607873416106
poi_500_35,poi_500_35,189,54.71469234091285
poi_500_35,poi_500_35,190,56.56291193244726
poi_500_35,poi_500_35,191,56.80389965717787
poi_500_35,poi_500_35,192,55.392115112222804
poi_500_35,poi_500_35,193,53.252341072511335
poi_500_35,poi_500_35,194,51.900079544032316
poi_500_35,poi_500_35,195,55.257469578291406
poi_500_35,poi_500_35,196,57.18964555902126
poi_500_35,poi_500_35,197,57.73506125206154
poi_500_35,poi_500_35,198,56.247684190014084
poi_500_35,poi_500_35,199,52.302844840087445
poi_500_35,poi_500_35,200,51.98502247206112
poi_500_35,poi_500_35,201,55.38499276552913
poi_500_35,poi_500_35,202,57.33859921162333
poi_500_35,poi_500_35,203,56.96402534127848
poi_500_35,poi_500_35,204,55.94589209837306
poi_500_35,poi_500_35,205,54.82266967731366
poi_500_35,poi_500_35,206,55.1808698444447
poi_500_35,poi_500_35,207,58.50445432359848
poi_500_35,poi_500_35,208,61.92874040244735
poi_500_35,poi_500_35,209,62.25712476397906
poi_500_35,poi_500_35,210,59.082438388257465
poi_500_35,poi_500_35,211,56.5855671822822
poi_500_35,poi_500_35,212,56.08149896214074
poi_500_35,poi_500_35,213,58.72718935970924
poi_500_35,poi_500_35,214,61.96324009753053
poi_500_35,poi_500_35,215,62.234469272833664
poi_500_35,poi_500_35,216,58.88727762574129
poi_500_35,poi_500_35,217,55.76734059526042
poi_500_35,poi_500_35,218,53.94354078085495
poi_500_35,poi_500_35,219,54.880547306993606
poi_500_35,poi_500_35,220,56.65431018048739
poi_500_35,poi_500_35,221,57.879489937625905
poi_500_35,poi_500_35,222,56.35698631770761
poi_500_35,poi_500_35,223,52.3926780790756
poi_500_35,poi_500_35,224,51.900079544032316
poi_500_35,poi_500_35,225,55.257469578291406
poi_500_35,poi_500_35,226,57.18964555902126
poi_500_35,poi_500_35,227,57.73506125206154
poi_500_35,poi_500_35,228,56.247684190014084
poi_500_35,poi_500_35,229,52.302844840087445
poi_500_35,poi_500_35,230,51.98502247206112
poi_500_35,poi_500_35,231,54.130103239677624
poi_500_35,poi_500_35,232,56.44208843597152
poi_500_35,poi_500_35,233,56.882500596461234
poi_500_35,poi_500_35,234,55.81701362811213
poi_500_35,poi_500_35,235,54.61938731103176
poi_500_35,poi_500_35,236,54.94973340996118
poi_500_35,poi_500_35,237,58.886620827082254
poi_500_35,poi_500_35,238,62.12787313241638
poi_500_35,poi_500_35,239,62.18204010981552
poi_500_35,poi_500_35,240,58.826579228158415
poi_500_35,poi_500_35,241,55.72626925870737
poi_500_35,poi_500_35,242,53.996796915821214
poi_500_35,poi_500_35,243,55.01944963361383
poi_500_35,poi_500_35,244,56.822430623287524
poi_500_35,poi_500_35,245,57.13596387068924
poi_500_35,poi_500_35,246,56.06295468522002
poi_500_35,poi_500_35,247,54.87318530453659
poi_500_35,poi_500_35,248,55.14038195974252
poi_500_35,poi_500_35,249,58.95083635215781
poi_500_35,poi_500_35,250,62.15344370905622
poi_500_35,poi_500_35,251,62.52213943817444
poi_500_35,poi_500_35,252,59.290817207934495
poi_500_35,poi_500_35,253,55.26098587450739
poi_500_35,poi_500_35,254,53.996796915821214
poi_500_35,poi_500_35,255,55.01944963361383
poi_500_35,poi_500_35,256,56.822430623287524
poi_500_35,poi_500_35,257,57.13596387068924
poi_500_35,poi_500_35,258,56.06295468522002
poi_500_35,poi_500_35,259,54.87318530453659
poi_500_35,poi_500_35,260,55.14038195974252
poi_500_35,poi_500_35,261,58.44274307204074
poi_500_35,poi_500_35,262,61.87755247750825
poi_500_35,poi_500_35,263,62.49962124186161
poi_500_35,poi_500_35,264,59.23163164388385
poi_500_35,poi_500_35,265,55.07763675913068
poi_500_35,poi_500_35,266,53.690607873416106
poi_500_35,poi_500_35,267,55.83010873166689
poi_500_35,poi_500_35,268,57.43714069869465
poi_500_35,poi_500_35,269,56.886899175224315
poi_500_35,poi_500_35,270,55.53402583943545
poi_500_35,poi_500_35,271,53.52848022176233
poi_500_35,poi_500_35,272,52.35456445817749
poi_500_35,poi_500_35,273,54.31934205955581
poi_500_35,poi_500_35,274,56.53603745046894
poi_500_35,poi_500_35,275,57.940968981358694
poi_500_35,poi_500_35,276,56.70048728948337
poi_500_35,poi_500_35,277,54.009142241066755
poi_500_35,poi_500_35,278,54.94973340996118
poi_500_35,poi_500_35,279,58.886620827082254
poi_500_35,poi_500_35,280,62.12787313241638
poi_500_35,poi_500_35,281,62.18204010981552
poi_500_35,poi_500_35,282,58.826579228158415
poi_500_35,poi_500_35,283,55.72626925870737
poi_500_35,poi_500_35,284,53.996796915821214
poi_500_35,poi_500_35,285,56.06768681844697
poi_500_35,poi_500_35,286,57.65048230816647
poi_500_35,poi_500_35,287,57.21290753608443
poi_500_35,poi_500_35,288,56.184836187486546
poi_500_35,poi_500_35,289,55.065179715523044
poi_500_35,poi_500_35,290,55.36184011150006
poi_500_35,poi_500_35,291,58.574529300113056
poi_500_35,poi_500_35,292,61.95550704697925
poi_500_35,poi_500_35,293,62.59161347919253
poi_500_35,poi_500_35,294,59.521413389077004
poi_500_35,poi_500_35,295,56.20756501059511
poi_500_35,poi_500_35,296,56.08149896214074
poi_500_35,poi_500_35,297,59.20477686203838
poi_500_35,poi_500_35,298,62.233905754560666
poi_500_35,poi_500_35,299,62.258401220656054
poi_500_35,poi_500_35,300,58.95131126950651
poi_500_35,poi_500_35,301,55.924246478860624
poi_500_35,poi_500_35,302,54.232970998374114
poi_500_35,poi_500_35,303,55.17426292052504
poi_500_35,poi_500_35,304,56.90857945004069
poi_500_35,poi_500_35,305,58.14084957950699
poi_500_35,poi_500_35,306,56.90219129364998
poi_500_35,poi_500_35,307,54.29997388560379
poi_500_35,poi_500_35,308,55.14038195974252
poi_500_35,poi_500_35,309,58.44274307204074
poi_500_35,poi_500_35,310,61.87755247750825
poi_500_35,poi_500_35,311,62.49962124186161
poi_500_35,poi_500_35,312,59.23163164388385
poi_500_35,poi_500_35,313,55.07763675913068
poi_500_35,poi_500_35,314,53.690607873416106
poi_500_35,poi_500_35,315,55.83010873166689
poi_500_35,poi_500_35,316,57.43714069869465
poi_500_35,poi_500_35,317,56.886899175224315
poi_500_35,poi_500_35,318,55.53402583943545
poi_500_35,poi_500_35,319,53.52848022176233
poi_500_35,poi_500_35,320,52.35456445817749
poi_500_35,poi_500_35,321,55.52751156318371
poi_500_35,poi_500_35,322,57.41517870153588
poi_500_35,poi_500_35,323,58.004989657602536
poi_500_35,poi_500_35,324,56.805928441239246
poi_500_35,poi_500_35,325,54.242283307048936
poi_500_35,poi_500_35,326,55.1808698444447
poi_500_35,poi_500_35,327,58.50445432359848
poi_500_35,poi_500_35,328,61.92874040244735
poi_500_35,poi_500_35,329,62.25712476397906
poi_500_35,poi_500_35,330,59.082438388257465
poi_500_35,poi_500_35,331,56.5855671822822
poi_500_35,poi_500_35,332,56.08149896214074
poi_500_35,poi_500_35,333,58.72718935970924
poi_500_35,poi_500_35,334,61.96324009753053
poi_500_35,poi_500_35,335,62.234469272833664
poi_500_35,poi_500_35,336,58.88727762574129
poi_500_35,poi_500_35,337,55.76734059526042
poi_500_35,poi_500_35,338,53.94354078085495
poi_500_35,poi_500_35,339,54.880547306993606
poi_500_35,poi_500_35,340,56.65431018048739
poi_500_35,poi_500_35,341,57.879489937625905
poi_500_35,poi_500_35,342,56.35698631770761
poi_500_35,poi_500_35,343,52.3926780790756
poi_500_35,poi_500_35,344,51.900079544032316
poi_500_35,poi_500_35,345,53.959005466733046
poi_500_35,poi_500_35,346,56.25825042389832
poi_500_35,poi_500_35,347,57.666902840620445
poi_500_35,poi_500_35,348,56.12757820911821
poi_500_35,poi_500_35,349,51.93273396330671
poi_500_35,poi_500_35,350,51.487774786524376
poi_500_35,poi_500_35,351,53.75300139920128
poi_500_35,poi_500_35,352,56.15802367371068
poi_500_35,poi_500_35,353,56.52964728533525
poi_500_35,poi_500_35,354,55.10370074898465
poi_500_35,poi_500_35,355,52.878665843677666
poi_500_35,poi_500_35,356,51.487774786524376
poi_500_35,poi_500_35,357,55.10564609364815
poi_500_35,poi_500_35,358,57.10894599930641
poi_500_35,poi_500_35,359,56.618002491155934
poi_500_35,poi_500_35,360,55.25518767619042
poi_500_35,poi_500_35,361,53.178778010001146
poi_500_35,poi_500_35,362,51.98502247206112
poi_500_35,poi_500_35,363,55.38499276552913
poi_500_35,poi_500_35,364,57.33859921162333
poi_500_35,poi_500_35,365,56.96402534127848
poi_500_35,poi_500_35,366,55.94589209837306
poi_500_35,poi_500_35,367,54.82266967731366
poi_500_35,poi_500_35,368,55.1808698444447
poi_500_35,poi_500_35,369,58.50445432359848
poi_500_35,poi_500_35,370,61.92874040244735
poi_500_35,poi_500_35,371,62.25712476397906
poi_500_35,poi_500_35,372,59.082438388257465
poi_500_35,poi_500_35,373,56.5855671822822
poi_500_35,poi_500_35,374,56.08149896214074
poi_500_35,poi_500_35,375,58.72718935970924
poi_500_35,poi_500_35,376,61.96324009753053
poi_500_35,poi_500_35,377,62.234469272833664
poi_500_35,poi_500_35,378,58.88727762574129
poi_500_35,poi_500_35,379,55.76734059526042
poi_500_35,poi_500_35,380,53.94354078085495
poi_500_35,poi_500_35,381,55.95894795356804
poi_500_35,poi_500_35,382,57.512016887903684
poi_500_35,poi_500_35,383,57.94441655135276
poi_500_35,poi_500_35,384,56.47099296139182
poi_500_35,poi_500_35,385,52.726989787281596
poi_500_35,poi_500_35,386,52.35456445817749
poi_500_35,poi_500_35,387,55.52751156318371
poi_500_35,poi_500_35,388,57.41517870153588
poi_500_35,poi_500_35,389,58.004989657602536
poi_500_35,poi_500_35,390,56.805928441239246
poi_500_35,poi_500_35,391,54.242283307048936
poi_500_35,poi_500_35,392,55.1808698444447
poi_500_35,poi_500_35,393,59.005777067646015
poi_500_35,poi_500_35,394,62.20149835299209
poi_500_35,poi_500_35,395,62.28093253367688
poi_500_35,poi_500_35,396,59.143677964732355
poi_500_35,poi_500_35,397,56.71592920156564
poi_500_35,poi_500_35,398,56.26068728698539
poi_500_35,poi_500_35,399,59.315622486334675
poi_500_35,poi_500_35,400,62.30576979836029
poi_500_35,poi_500_35,401,62.35558917802222
poi_500_35,poi_500_35,402,59.25974355411049
poi_500_35,poi_500_35,403,56.874288535294575
poi_500_35,poi_500_35,404,56.40246155687183
poi_500_35,poi_500_35,405,58.91548270747374
poi_500_35,poi_500_35,406,62.06577854803903
poi_500_35,poi_500_35,407,62.66115700958473
poi_500_35,poi_500_35,408,59.6279280828104
poi_500_35,poi_500_35,409,56.38519261571559
poi_500_35,poi_500_35,410,56.229144744669
poi_500_35,poi_500_35,411,59.26448729561497
poi_500_35,poi_500_35,412,62.258861355842
poi_500_35,poi_500_35,413,62.59279532804679
poi_500_35,poi_500_35,414,59.40306588684433
poi_500_35,poi_500_35,415,55.48079376426044
poi_500_35,poi_500_35,416,54.232970998374114
poi_500_35,poi_500_35,417,56.18976275837853
poi_500_35,poi_500_35,418,57.72179848807572
poi_500_35,poi_500_35,419,58.20201071194353
poi_500_35,poi_500_35,420,57.002902356826354
poi_500_35,poi_500_35,421,54.51838684286187
poi_500_35,poi_500_35,422,55.36184011150006
poi_500_35,poi_500_35,423,59.068267121263474
poi_500_35,poi_500_35,424,62.22664033148667
poi_500_35,poi_500_35,425,62.613660907333326
poi_500_35,poi_500_35,426,59.576802938761226
poi_500_35,poi_500_35,427,56.34959010754096
poi_500_35,poi_500_35,428,56.26068728698539
poi_500_35,poi_500_35,429,59.315622486334675
poi_500_35,poi_500_35,430,62.30576979836029
poi_500_35,poi_500_35,431,62.35558917802222
poi_500_35,poi_500_35,432,59.25974355411049
poi_500_35,poi_500_35,433,56.874288535294575
poi_500_35,poi_500_35,434,56.40246155687183
poi_500_35,poi_500_35,435,58.91548270747374
poi_500_35,poi_500_35,436,62.06577854803903
poi_500_35,poi_500_35,437,62.66115700958473
poi_500_35,poi_500_35,438,59.6279280828104
poi_500_35,poi_500_35,439,56.38519261571559
poi_500_35,poi_500_35,440,56.229144744669
poi_500_35,poi_500_35,441,59.26448729561497
poi_500_35,poi_500_35,442,62.258861355842
poi_500_35,poi_500_35,443,62.59279532804679
poi_500_35,poi_500_35,444,59.40306588684433
poi_500_35,poi_500_35,445,55.48079376426044
poi_500_35,poi_500_35,446,54.232970998374114
poi_500_35,poi_500_35,447,56.18976275837853
poi_500_35,poi_500_35,448,57.72179848807572
poi_500_35,poi_500_35,449,58.20201071194353
poi_500_35,poi_500_35,450,57.002902356826354
poi_500_35,poi_500_35,451,54.51838684286187
poi_500_35,poi_500_35,452,55.36184011150006
poi_500_35,poi_500_35,453,59.068267121263474
poi_500_35,poi_500_35,454,62.22664033148667
poi_500_35,poi_500_35,455,62.613660907333326
poi_500_35,poi_500_35,456,59.576802938761226
poi_500_35,poi_500_35,457,56.34959010754096
poi_500_35,poi_500_35,458,56.26068728698539
poi_500_35,poi_500_35,459,58.850738372015314
poi_500_35,poi_500_35,460,62.0396849985034
poi_500_35,poi_500_35,461,62.332188269239104
poi_500_35,poi_500_35,462,59.200130070196124
poi_500_35,poi_500_35,463,56.74866254234837
poi_500_35,poi_500_35,464,56.229144744669
poi_500_35,poi_500_35,465,59.26448729561497
poi_500_35,poi_500_35,466,62.258861355842
poi_500_35,poi_500_35,467,62.59279532804679
poi_500_35,poi_500_35,468,59.40306588684433
poi_500_35,poi_500_35,469,55.48079376426044
poi_500_35,poi_500_35,470,54.232970998374114
poi_500_35,poi_500_35,471,55.17426292052504
poi_500_35,poi_500_35,472,56.90857945004069
poi_500_35,poi_500_35,473,58.14084957950699
poi_500_35,poi_500_35,474,56.90219129364998
poi_500_35,poi_500_35,475,54.29997388560379
poi_500_35,poi_500_35,476,55.14038195974252
poi_500_35,poi_500_35,477,58.95083635215781
poi_500_35,poi_500_35,478,62.15344370905622
poi_500_35,poi_500_35,479,62.52213943817444
poi_500_35,poi_500_35,480,59.290817207934495
poi_500_35,poi_500_35,481,55.26098587450739
poi_500_35,poi_500_35,482,53.996796915821214
poi_500_35,poi_500_35,483,55.01944963361383
poi_500_35,poi_500_35,484,56.822430623287524
poi_500_35,poi_500_35,485,57.13596387068924
poi_500_35,poi_500_35,486,56.06295468522002
poi_500_35,poi_500_35,487,54.87318530453659
poi_500_35,poi_500_35,488,55.14038195974252
poi_500_35,poi_500_35,489,58.44274307204074
poi_500_35,poi_500_35,490,61.87755247750825
poi_500_35,poi_500_35,491,62.49962124186161
poi_500_35,poi_500_35,492,59.23163164388385
poi_500_35,poi_500_35,493,55.07763675913068
poi_500_35,poi_500_35,494,53.690607873416106
poi_500_35,poi_500_35,495,55.83010873166689
poi_500_35,poi_500_35,496,57.43714069869465
poi_500_35,poi_500_35,497,56.886899175224315
poi_500_35,poi_500_35,498,55.53402583943545
poi_500_35,poi_500_35,499,53.52848022176233
poi_500_35,poi_500_35,500,52.35456445817749
poi_500_35,poi_500_35,501,55.52751156318371
poi_500_35,poi_500_35,502,57.41517870153588
poi_500_35,poi_500_35,503,58.004989657602536
poi_500_35,poi_500_35,504,56.805928441239246
poi_500_35,poi_500_35,505,54.242283307048936
poi_500_35,poi_500_35,506,55.1808698444447
poi_500_35,poi_500_35,507,58.50445432359848
poi_500_35,poi_500_35,508,61.92874040244735
poi_500_35,poi_500_35,509,62.25712476397906
poi_500_35,poi_500_35,510,59.082438388257465
poi_500_35,poi_500_35,511,56.5855671822822
poi_500_35,poi_500_35,512,56.08149896214074
poi_500_35,poi_500_35,513,58.72718935970924
poi_500_35,poi_500_35,514,61.96324009753053
poi_500_35,poi_500_35,515,62.234469272833664
poi_500_35,poi_500_35,516,58.88727762574129
poi_500_35,poi_500_35,517,55.76734059526042
poi_500_35,poi_500_35,518,53.94354078085495
poi_500_35,poi_500_35,519,54.880547306993606
poi_500_35,poi_500_35,520,56.65431018048739
poi_500_35,poi_500_35,521,57.879489937625905
poi_500_35,poi_500_35,522,56.35698631770761
poi_500_35,poi_500_35,523,52.3926780790756
poi_500_35,poi_500_35,524,51.900079544032316
poi_500_35,poi_500_35,525,55.257469578291406
poi_500_35,poi_500_35,526,57.18964555902126
poi_500_35,poi_500_35,527,57.73506125206154
poi_500_35,poi_500_35,528,56.247684190014084
poi_500_35,poi_500_35,529,52.302844840087445
poi_500_35,poi_500_35,530,51.98502247206112
poi_500_35,poi_500_35,531,55.38499276552913
poi_500_35,poi_500_35,532,57.33859921162333
poi_500_35,poi_500_35,533,56.96402534127848
poi_500_35,poi_500_35,534,55.94589209837306
poi_500_35,poi_500_35,535,54.82266967731366
poi_500_35,poi_500_35,536,55.1808698444447
poi_500_35,poi_500_35,537,59.005777067646015
poi_500_35,poi_500_35,538,62.20149835299209
poi_500_35,poi_500_35,539,62.28093253367688
poi_500_35,poi_500_35,540,59.143677964732355
poi_500_35,poi_500_35,541,56.71592920156564
poi_500_35,poi_500_35,542,56.26068728698539
poi_500_35,poi_500_35,543,58.850738372015314
poi_500_35,poi_500_35,544,62.0396849985034
poi_500_35,poi_500_35,545,62.332188269239104
poi_500_35,poi_500_35,546,59.200130070196124
poi_500_35,poi_500_35,547,56.74866254234837
poi_500_35,poi_500_35,548,56.229144744669
poi_500_35,poi_500_35,549,59.26448729561497
poi_500_35,poi_500_35,550,62.258861355842
poi_500_35,poi_500_35,551,62.59279532804679
poi_500_35,poi_500_35,552,59.40306588684433
poi_500_35,poi_500_35,553,55.48079376426044
poi_500_35,poi_500_35,554,54.232970998374114
poi_500_35,poi_500_35,555,56.18976275837853
poi_500_35,poi_500_35,556,57.72179848807572
poi_500_35,poi_500_35,557,58.20201071194353
poi_500_35,poi_500_35,558,57.002902356826354
poi_500_35,poi_500_35,559,54.51838684286187
poi_500_35,poi_500_35,560,55.36184011150006
poi_500_35,poi_500_35,561,59.068267121263474
poi_500_35,poi_500_35,562,62.22664033148667
poi_500_35,poi_500_35,563,62.613660907333326
poi_500_35,poi_500_35,564,59.576802938761226
poi_500_35,poi_500_35,565,56.34959010754096
poi_500_35,poi_500_35,566,56.26068728698539
poi_500_35,poi_500_35,567,58.850738372015314
poi_500_35,poi_500_35,568,62.0396849985034
poi_500_35,poi_500_35,569,62.332188269239104
poi_500_35,poi_500_35,570,59.200130070196124
poi_500_35,poi_500_35,571,56.74866254234837
poi_500_35,poi_500_35,572,56.229144744669
poi_500_35,poi_500_35,573,58.793787751555186
poi_500_35,poi_500_35,574,61.98979560039538
poi_500_35,poi_500_35,575,62.5706414473906
poi_500_35,poi_500_35,576,59.34540051674191
poi_500_35,poi_500_35,577,55.30667741280905
poi_500_35,poi_500_35,578,53.94354078085495
poi_500_35,poi_500_35,579,54.880547306993606
poi_500_35,poi_500_35,580,56.65431018048739
poi_500_35,poi_500_35,581,57.879489937625905
poi_500_35,poi_500_35,582,56.35698631770761
poi_500_35,poi_500_35,583,52.3926780790756
poi_500_35,poi_500_35,584,51.900079544032316
poi_500_35,poi_500_35,585,53.959005466733046
poi_500_35,poi_500_35,586,56.25825042389832
poi_500_35,poi_500_35,587,57.666902840620445
poi_500_35,poi_500_35,588,56.12757820911821
poi_500_35,poi_500_35,589,51.93273396330671
poi_500_35,poi_500_35,590,51.487774786524376
poi_500_35,poi_500_35,591,53.75300139920128
poi_500_35,poi_500_35,592,56.15802367371068
poi_500_35,poi_500_35,593,56.52964728533525
poi_500_35,poi_500_35,594,55.10370074898465
poi_500_35,poi_500_35,595,52.878665843677666
poi_500_35,poi_500_35,596,51.487774786524376
poi_500_35,poi_500_35,597,55.10564609364815
poi_500_35,poi_500_35,598,57.10894599930641
poi_500_35,poi_500_35,599,56.618002491155934
poi_500_45,poi_500_45,0,40.0
poi_500_45,poi_500_45,1,40.0
poi_500_45,poi_500_45,2,40.0
poi_500_45,poi_500_45,3,40.0
poi_500_45,poi_500_45,4,40.0
poi_500_45,poi_500_45,5,40.0
poi_500_45,poi_500_45,6,40.0
poi_500_45,poi_500_45,7,40.0
poi_500_45,poi_500_45,8,40.0
poi_500_45,poi_500_45,9,50.99021693163985
poi_500_45,poi_500_45,10,51.59864908313673
poi_500_45,poi_500_45,11,52.26340308359377
poi_500_45,poi_500_45,12,52.993756094050624
poi_500_45,poi_500_45,13,53.80152229682569
poi_500_45,poi_500_45,14,54.702055699513956
poi_500_45,poi_500_45,15,56.15116568778415
poi_500_45,poi_500_45,16,49.55615662581603
poi_500_45,poi_500_45,17,50.36252960504548
poi_500_45,poi_500_45,18,51.46682958189914
poi_500_45,poi_500_45,19,52.91111114250204
poi_500_45,poi_500_45,20,54.64824684819562
poi_500_45,poi_500_45,21,58.78402132700227
poi_500_45,poi_500_45,22,60.58572647217784
poi_500_45,poi_500_45,23,60.39683773597751
poi_500_45,poi_500_45,24,59.06480262024119
poi_500_45,poi_500_45,25,57.027051651657516
poi_500_45,poi_500_45,26,56.874816066604495
poi_500_45,poi_500_45,27,57.938057142969406
poi_500_45,poi_500_45,28,55.67390494090599
poi_500_45,poi_500_45,29,56.13841780015215
poi_500_45,poi_500_45,30,58.53024813158977
poi_500_45,poi_500_45,31,57.75158923742208
poi_500_45,poi_500_45,32,57.6757209623582
poi_500_45,poi_500_45,33,59.964011876241315
poi_500_45,poi_500_45,34,61.27534765890185
poi_500_45,poi_500_45,35,61.016614486841824
poi_500_45,poi_500_45,36,60.21059030397292
poi_500_45,poi_500_45,37,57.75503419088643
poi_500_45,poi_500_45,38,57.50109725932138
poi_500_45,poi_500_45,39,58.87527935101875
poi_500_45,poi_500_45,40,57.195986739313334
poi_500_45,poi_500_45,41,57.6123814910077
poi_500_45,poi_500_45,42,59.52694652950896
poi_500_45,poi_500_45,43,59.06449959796059
poi_500_45,poi_500_45,44,59.03040971305007
poi_500_45,poi_500_45,45,61.02105849167836
poi_500_45,poi_500_45,46,61.00709187563494
poi_500_45,poi_500_45,47,61.14197623667303
poi_500_45,poi_500_45,48,60.4343278906364
poi_500_45,poi_500_45,49,58.37049042764346
poi_500_45,poi_500_45,50,58.558129802979344
poi_500_45,poi_500_45,51,60.38059975852572
poi_500_45,poi_500_45,52,60.334265062093955
poi_500_45,poi_500_45,53,60.451913243210164
poi_500_45,poi_500_45,54,60.598279181811556
poi_500_45,poi_500_45,55,58.833876992297796
poi_500_45,poi_500_45,56,58.286099537767
poi_500_45,poi_500_45,57,59.81704262193623
poi_500_45,poi_500_45,58,61.06481019361384
poi_500_45,poi_500_45,59,60.69068499401823
poi_500_45,poi_500_45,60,60.71105251530442
poi_500_45,poi_500_45,61,58.03370722369223
poi_500_45,poi_500_45,62,57.151009632603305
poi_500_45,poi_500_45,63,57.42496722422739
poi_500_45,poi_500_45,64,57.935714603402815
poi_500_45,poi_500_45,65,57.171134016260325
poi_500_45,poi_500_45,66,58.950208563243336
poi_500_45,poi_500_45,67,57.03366311411404
poi_500_45,poi_500_45,68,56.340327741039815
poi_500_45,poi_500_45,69,57.67682168017116
poi_500_45,poi_500_45,70,58.35792304774668
poi_500_45,poi_500_45,71,57.87248852244985
poi_500_45,poi_500_45,72,58.17609681474907
poi_500_45,poi_500_45,73,56.679818728198924
poi_500_45,poi_500_45,74,56.758899797096205
poi_500_45,poi_500_45,75,58.56458746539914
poi_500_45,poi_500_45,76,56.87808852601392
poi_500_45,poi_500_45,77,57.40350580465176
poi_500_45,poi_500_45,78,57.97180543011993
poi_500_45,poi_500_45,79,57.739407883536494
poi_500_45,poi_500_45,80,57.98736042301769
poi_500_45,poi_500_45,81,60.16324030711603
poi_500_45,poi_500_45,82,60.18283510656318
poi_500_45,poi_500_45,83,60.34454142234982
poi_500_45,poi_500_45,84,59.43383277757313
poi_500_45,poi_500_45,85,57.42344708134414
poi_500_45,poi_500_45,86,57.01685803580216
poi_500_45,poi_500_45,87,59.564481795623045
poi_500_45,poi_500_45,88,61.006579037185645
poi_500_45,poi_500_45,89,60.759561495393164
poi_500_45,poi_500_45,90,60.91287628852327
poi_500_45,poi_500_45,91,59.27476428711217
poi_500_45,poi_500_45,92,58.65263585999521
poi_500_45,poi_500_45,93,59.6013510123089
poi_500_45,poi_500_45,94,58.074164954140144
poi_500_45,poi_500_45,95,58.304668084242515
poi_500_45,poi_500_45,96,59.92325927062571
poi_500_45,poi_500_45,97,58.85565788897889
poi_500_45,poi_500_45,98,59.03040971305007
poi_500_45,poi_500_45,99,61.02105849167836
poi_500_45,poi_500_45,100,61.00709187563494
poi_500_45,poi_500_45,101,61.14197623667303
poi_500_45,poi_500_45,102,60.4343278906364
poi_500_45,poi_500_45,103,58.37049042764346
poi_500_45,poi_500_45,104,58.558129802979344
poi_500_45,poi_500_45,105,60.71100849841965
poi_500_45,poi_500_45,106,60.72062144301949
poi_500_45,poi_500_45,107,60.892451424715105
poi_500_45,poi_500_45,108,61.10393089172138
poi_500_45,poi_500_45,109,59.71739431782058
poi_500_45,poi_500_45,110,59.4854561815362
poi_500_45,poi_500_45,111,60.90626396735022
poi_500_45,poi_500_45,112,60.7827875927607
poi_500_45,poi_500_45,113,60.825666602515156
poi_500_45,poi_500_45,114,60.91098918241755
poi_500_45,poi_500_45,115,58.61335146088017
poi_500_45,poi_500_45,116,58.286099537767
poi_500_45,poi_500_45,117,60.19131221720967
poi_500_45,poi_500_45,118,61.393551191488704
poi_500_45,poi_500_45,119,61.108754342070455
poi_500_45,poi_500_45,120,61.20445179347308
poi_500_45,poi_500_45,121,59.076022250875
poi_500_45,poi_500_45,122,58.65263585999521
poi_500_45,poi_500_45,123,59.16983309509409
poi_500_45,poi_500_45,124,57.3347180298432
poi_500_45,poi_500_45,125,57.468997964486014
poi_500_45,poi_500_45,126,59.24676003566341
poi_500_45,poi_500_45,127,57.75158923742208
poi_500_45,poi_500_45,128,57.6757209623582
poi_500_45,poi_500_45,129,59.568689232105555
poi_500_45,poi_500_45,130,60.93717396425282
poi_500_45,poi_500_45,131,60.58912475154692
poi_500_45,poi_500_45,132,59.580704319424164
poi_500_45,poi_500_45,133,56.27234042815437
poi_500_45,poi_500_45,134,55.41747240425507
poi_500_45,poi_500_45,135,56.97703662239821
poi_500_45,poi_500_45,136,57.815163755535494
poi_500_45,poi_500_45,137,57.32451896092884
poi_500_45,poi_500_45,138,59.24952809364521
poi_500_45,poi_500_45,139,58.545612503749105
poi_500_45,poi_500_45,140,58.09497683832993
poi_500_45,poi_500_45,141,58.88020997231593
poi_500_45,poi_500_45,142,57.02717681742467
poi_500_45,poi_500_45,143,57.25293380336183
poi_500_45,poi_500_45,144,57.56517468823947
poi_500_45,poi_500_45,145,55.841932156671064
poi_500_45,poi_500_45,146,56.178124837017194
poi_500_45,poi_500_45,147,58.8366475361278
poi_500_45,poi_500_45,148,60.50512197179308
poi_500_45,poi_500_45,149,60.193468274717006
poi_500_45,poi_500_45,150,59.15020158714703
poi_500_45,poi_500_45,151,56.643813122778816
poi_500_45,poi_500_45,152,55.41747240425507
poi_500_45,poi_500_45,153,56.151667786941026
poi_500_45,poi_500_45,154,57.02589445566443
poi_500_45,poi_500_45,155,56.249042918456865
poi_500_45,poi_500_45,156,58.448413543577246
poi_500_45,poi_500_45,157,57.347507196975116
poi_500_45,poi_500_45,158,56.340327741039815
poi_500_45,poi_500_45,159,56.984667787687464
poi_500_45,poi_500_45,160,57.66916587368125
poi_500_45,poi_500_45,161,56.93931442691941
poi_500_45,poi_500_45,162,57.1210203770024
poi_500_45,poi_500_45,163,54.66993556623442
poi_500_45,poi_500_45,164,54.14594145723592
poi_500_45,poi_500_45,165,55.550551825334615
poi_500_45,poi_500_45,166,56.69480237394283
poi_500_45,poi_500_45,167,55.96052976357839
poi_500_45,poi_500_45,168,56.331277144988725
poi_500_45,poi_500_45,169,55.197445867836976
poi_500_45,poi_500_45,170,54.14594145723592
poi_500_45,poi_500_45,171,56.48609714406966
poi_500_45,poi_500_45,172,57.5408706428592
poi_500_45,poi_500_45,173,57.10095464739414
poi_500_45,poi_500_45,174,57.56925100848576
poi_500_45,poi_500_45,175,57.01928844745771
poi_500_45,poi_500_45,176,56.758899797096205
poi_500_45,poi_500_45,177,58.008988054580364
poi_500_45,poi_500_45,178,55.87521559596876
poi_500_45,poi_500_45,179,56.349968587283854
poi_500_45,poi_500_45,180,56.85882378549178
poi_500_45,poi_500_45,181,56.25033933562737
poi_500_45,poi_500_45,182,56.178124837017194
poi_500_45,poi_500_45,183,58.8366475361278
poi_500_45,poi_500_45,184,60.50512197179308
poi_500_45,poi_500_45,185,60.193468274717006
poi_500_45,poi_500_45,186,59.15020158714703
poi_500_45,poi_500_45,187,56.643813122778816
poi_500_45,poi_500_45,188,55.41747240425507
poi_500_45,poi_500_45,189,56.151667786941026
poi_500_45,poi_500_45,190,57.02589445566443
poi_500_45,poi_500_45,191,56.249042918456865
poi_500_45,poi_500_45,192,58.448413543577246
poi_500_45,poi_500_45,193,57.347507196975116
poi_500_45,poi_500_45,194,56.340327741039815
poi_500_45,poi_500_45,195,57.67682168017116
poi_500_45,poi_500_45,196,58.35792304774668
poi_500_45,poi_500_45,197,57.87248852244985
poi_500_45,poi_500_45,198,58.17609681474907
poi_500_45,poi_500_45,199,56.679818728198924
poi_500_45,poi_500_45,200,56.758899797096205
poi_500_45,poi_500_45,201,58.56458746539914
poi_500_45,poi_500_45,202,56.87808852601392
poi_500_45,poi_500_45,203,57.40350580465176
poi_500_45,poi_500_45,204,57.97180543011993
poi_500_45,poi_500_45,205,57.739407883536494
poi_500_45,poi_500_45,206,57.98736042301769
poi_500_45,poi_500_45,207,60.16324030711603
poi_500_45,poi_500_45,208,60.18283510656318
poi_500_45,poi_500_45,209,60.34454142234982
poi_500_45,poi_500_45,210,59.43383277757313
poi_500_45,poi_500_45,211,57.42344708134414
poi_500_45,poi_500_45,212,57.01685803580216
poi_500_45,poi_500_45,213,59.12909423277281
poi_500_45,poi_500_45,214,60.645894837099796
poi_500_45,poi_500_45,215,60.30459262121855
poi_500_45,poi_500_45,216,60.38303941749974
poi_500_45,poi_500_45,217,58.28482634249154
poi_500_45,poi_500_45,218,57.151009632603305
poi_500_45,poi_500_45,219,57.42496722422739
poi_500_45,poi_500_45,220,57.935714603402815
poi_500_45,poi_500_45,221,57.171134016260325
poi_500_45,poi_500_45,222,58.950208563243336
poi_500_45,poi_500_45,223,57.03366311411404
poi_500_45,poi_500_45,224,56.340327741039815
poi_500_45,poi_500_45,225,57.67682168017116
poi_500_45,poi_500_45,226,58.35792304774668
poi_500_45,poi_500_45,227,57.87248852244985
poi_500_45,poi_500_45,228,58.17609681474907
poi_500_45,poi_500_45,229,56.679818728198924
poi_500_45,poi_500_45,230,56.758899797096205
poi_500_45,poi_500_45,231,58.008988054580364
poi_500_45,poi_500_45,232,55.87521559596876
poi_500_45,poi_500_45,233,56.349968587283854
poi_500_45,poi_500_45,234,56.85882378549178
poi_500_45,poi_500_45,235,56.25033933562737
poi_500_45,poi_500_45,236,56.178124837017194
poi_500_45,poi_500_45,237,59.300796921564746
poi_500_45,poi_500_45,238,60.877193989241135
poi_500_45,poi_500_45,239,60.6596177625764
poi_500_45,poi_500_45,240,59.84076197474234
poi_500_45,poi_500_45,241,58.022293025184624
poi_500_45,poi_500_45,242,57.50109725932138
poi_500_45,poi_500_45,243,58.36040891142885
poi_500_45,poi_500_45,244,56.272019552593164
poi_500_45,poi_500_45,245,56.61447417597641
poi_500_45,poi_500_45,246,58.77993380604923
poi_500_45,poi_500_45,247,58.01905375485249
poi_500_45,poi_500_45,248,57.6757209623582
poi_500_45,poi_500_45,249,59.964011876241315
poi_500_45,poi_500_45,250,61.27534765890185
poi_500_45,poi_500_45,251,61.016614486841824
poi_500_45,poi_500_45,252,60.21059030397292
poi_500_45,poi_500_45,253,57.75503419088643
poi_500_45,poi_500_45,254,57.50109725932138
poi_500_45,poi_500_45,255,58.36040891142885
poi_500_45,poi_500_45,256,56.272019552593164
poi_500_45,poi_500_45,257,56.61447417597641
poi_500_45,poi_500_45,258,58.77993380604923
poi_500_45,poi_500_45,259,58.01905375485249
poi_500_45,poi_500_45,260,57.6757209623582
poi_500_45,poi_500_45,261,59.568689232105555
poi_500_45,poi_500_45,262,60.93717396425282
poi_500_45,poi_500_45,263,60.58912475154692
poi_500_45,poi_500_45,264,59.580704319424164
poi_500_45,poi_500_45,265,56.27234042815437
poi_500_45,poi_500_45,266,55.41747240425507
poi_500_45,poi_500_45,267,56.97703662239821
poi_500_45,poi_500_45,268,57.815163755535494
poi_500_45,poi_500_45,269,57.32451896092884
poi_500_45,poi_500_45,270,59.24952809364521
poi_500_45,poi_500_45,271,58.545612503749105
poi_500_45,poi_500_45,272,58.09497683832993
poi_500_45,poi_500_45,273,58.88020997231593
poi_500_45,poi_500_45,274,57.02717681742467
poi_500_45,poi_500_45,275,57.25293380336183
poi_500_45,poi_500_45,276,57.56517468823947
poi_500_45,poi_500_45,277,55.841932156671064
poi_500_45,poi_500_45,278,56.178124837017194
poi_500_45,poi_500_45,279,59.300796921564746
poi_500_45,poi_500_45,280,60.877193989241135
poi_500_45,poi_500_45,281,60.6596177625764
poi_500_45,poi_500_45,282,59.84076197474234
poi_500_45,poi_500_45,283,58.022293025184624
poi_500_45,poi_500_45,284,57.50109725932138
poi_500_45,poi_500_45,285,58.87527935101875
poi_500_45,poi_500_45,286,57.195986739313334
poi_500_45,poi_500_45,287,57.6123814910077
poi_500_45,poi_500_45,288,59.52694652950896
poi_500_45,poi_500_45,289,59.06449959796059
poi_500_45,poi_500_45,290,59.03040971305007
poi_500_45,poi_500_45,291,60.71424006939141
poi_500_45,poi_500_45,292,60.646452082866496
poi_500_45,poi_500_45,293,60.72724985769588
poi_500_45,poi_500_45,294,59.83834632381894
poi_500_45,poi_500_45,295,57.115240840232275
poi_500_45,poi_500_45,296,57.01685803580216
poi_500_45,poi_500_45,297,59.564481795623045
poi_500_45,poi_500_45,298,61.006579037185645
poi_500_45,poi_500_45,299,60.759561495393164
poi_500_45,poi_500_45,300,60.91287628852327
poi_500_45,poi_500_45,301,59.27476428711217
poi_500_45,poi_500_45,302,58.65263585999521
poi_500_45,poi_500_45,303,59.16983309509409
poi_500_45,poi_500_45,304,57.3347180298432
poi_500_45,poi_500_45,305,57.468997964486014
poi_500_45,poi_500_45,306,59.24676003566341
poi_500_45,poi_500_45,307,57.75158923742208
poi_500_45,poi_500_45,308,57.6757209623582
poi_500_45,poi_500_45,309,59.568689232105555
poi_500_45,poi_500_45,310,60.93717396425282
poi_500_45,poi_500_45,311,60.58912475154692
poi_500_45,poi_500_45,312,59.580704319424164
poi_500_45,poi_500_45,313,56.27234042815437
poi_500_45,poi_500_45,314,55.41747240425507
poi_500_45,poi_500_45,315,56.97703662239821
poi_500_45,poi_500_45,316,57.815163755535494
poi_500_45,poi_500_45,317,57.32451896092884
poi_500_45,poi_500_45,318,59.24952809364521
poi_500_45,poi_500_45,319,58.545612503749105
poi_500_45,poi_500_45,320,58.09497683832993
poi_500_45,poi_500_45,321,59.33996365522583
poi_500_45,poi_500_45,322,57.81623304252648
poi_500_45,poi_500_45,323,58.12720824559804
poi_500_45,poi_500_45,324,58.52822270289651
poi_500_45,poi_500_45,325,57.45355646786884
poi_500_45,poi_500_45,326,57.98736042301769
poi_500_45,poi_500_45,327,60.16324030711603
poi_500_45,poi_500_45,328,60.18283510656318
poi_500_45,poi_500_45,329,60.34454142234982
poi_500_45,poi_500_45,330,59.43383277757313
poi_500_45,poi_500_45,331,57.42344708134414
poi_500_45,poi_500_45,332,57.01685803580216
poi_500_45,poi_500_45,333,59.12909423277281
poi_500_45,poi_500_45,334,60.645894837099796
poi_500_45,poi_500_45,335,60.30459262121855
poi_500_45,poi_500_45,336,60.38303941749974
poi_500_45,poi_500_45,337,58.28482634249154
poi_500_45,poi_500_45,338,57.151009632603305
poi_500_45,poi_500_45,339,57.42496722422739
poi_500_45,poi_500_45,340,57.935714603402815
poi_500_45,poi_500_45,341,57.171134016260325
poi_500_45,poi_500_45,342,58.950208563243336
poi_500_45,poi_500_45,343,57.03366311411404
poi_500_45,poi_500_45,344,56.340327741039815
poi_500_45,poi_500_45,345,56.984667787687464
poi_500_45,poi_500_45,346,57.66916587368125
poi_500_45,poi_500_45,347,56.93931442691941
poi_500_45,poi_500_45,348,57.1210203770024
poi_500_45,poi_500_45,349,54.66993556623442
poi_500_45,poi_500_45,350,54.14594145723592
poi_500_45,poi_500_45,351,55.550551825334615
poi_500_45,poi_500_45,352,56.69480237394283
poi_500_45,poi_500_45,353,55.96052976357839
poi_500_45,poi_500_45,354,56.331277144988725
poi_500_45,poi_500_45,355,55.197445867836976
poi_500_45,poi_500_45,356,54.14594145723592
poi_500_45,poi_500_45,357,56.48609714406966
poi_500_45,poi_500_45,358,57.5408706428592
poi_500_45,poi_500_45,359,57.10095464739414
poi_500_45,poi_500_45,360,57.56925100848576
poi_500_45,poi_500_45,361,57.01928844745771
poi_500_45,poi_500_45,362,56.758899797096205
poi_500_45,poi_500_45,363,58.56458746539914
poi_500_45,poi_500_45,364,56.87808852601392
poi_500_45,poi_500_45,365,57.40350580465176
poi_500_45,poi_500_45,366,57.97180543011993
poi_500_45,poi_500_45,367,57.739407883536494
poi_500_45,poi_500_45,368,57.98736042301769
poi_500_45,poi_500_45,369,60.16324030711603
poi_500_45,poi_500_45,370,60.18283510656318
poi_500_45,poi_500_45,371,60.34454142234982
poi_500_45,poi_500_45,372,59.43383277757313
poi_500_45,poi_500_45,373,57.42344708134414
poi_500_45,poi_500_45,374,57.01685803580216
poi_500_45,poi_500_45,375,59.12909423277281
poi_500_45,poi_500_45,376,60.645894837099796
poi_500_45,poi_500_45,377,60.30459262121855
poi_500_45,poi_500_45,378,60.38303941749974
poi_500_45,poi_500_45,379,58.28482634249154
poi_500_45,poi_500_45,380,57.151009632603305
poi_500_45,poi_500_45,381,58.05499244611774
poi_500_45,poi_500_45,382,58.58638983873898
poi_500_45,poi_500_45,383,58.06043917427314
poi_500_45,poi_500_45,384,59.6707536383566
poi_500_45,poi_500_45,385,58.30953415763624
poi_500_45,poi_500_45,386,58.09497683832993
poi_500_45,poi_500_45,387,59.33996365522583
poi_500_45,poi_500_45,388,57.81623304252648
poi_500_45,poi_500_45,389,58.12720824559804
poi_500_45,poi_500_45,390,58.52822270289651
poi_500_45,poi_500_45,391,57.45355646786884
poi_500_45,poi_500_45,392,57.98736042301769
poi_500_45,poi_500_45,393,60.50994681748034
poi_500_45,poi_500_45,394,60.582288716713535
poi_500_45,poi_500_45,395,60.795553413800214
poi_500_45,poi_500_45,396,60.08384021729684
poi_500_45,poi_500_45,397,58.603365045240025
poi_500_45,poi_500_45,398,58.558129802979344
poi_500_45,poi_500_45,399,60.71100849841965
poi_500_45,poi_500_45,400,60.72062144301949
poi_500_45,poi_500_45,401,60.892451424715105
poi_500_45,poi_500_45,402,61.10393089172138
poi_500_45,poi_500_45,403,59.71739431782058
poi_500_45,poi_500_45,404,59.4854561815362
poi_500_45,poi_500_45,405,60.90626396735022
poi_500_45,poi_500_45,406,60.7827875927607
poi_500_45,poi_500_45,407,60.825666602515156
poi_500_45,poi_500_45,408,60.91098918241755
poi_500_45,poi_500_45,409,58.61335146088017
poi_500_45,poi_500_45,410,58.286099537767
poi_500_45,poi_500_45,411,60.19131221720967
poi_500_45,poi_500_45,412,61.393551191488704
poi_500_45,poi_500_45,413,61.108754342070455
poi_500_45,poi_500_45,414,61.20445179347308
poi_500_45,poi_500_45,415,59.076022250875
poi_500_45,poi_500_45,416,58.65263585999521
poi_500_45,poi_500_45,417,59.6013510123089
poi_500_45,poi_500_45,418,58.074164954140144
poi_500_45,poi_500_45,419,58.304668084242515
poi_500_45,poi_500_45,420,59.92325927062571
poi_500_45,poi_500_45,421,58.85565788897889
poi_500_45,poi_500_45,422,59.03040971305007
poi_500_45,poi_500_45,423,61.02105849167836
poi_500_45,poi_500_45,424,61.00709187563494
poi_500_45,poi_500_45,425,61.14197623667303
poi_500_45,poi_500_45,426,60.4343278906364
poi_500_45,poi_500_45,427,58.37049042764346
poi_500_45,poi_500_45,428,58.558129802979344
poi_500_45,poi_500_45,429,60.71100849841965
poi_500_45,poi_500_45,430,60.72062144301949
poi_500_45,poi_500_45,431,60.892451424715105
poi_500_45,poi_500_45,432,61.10393089172138
poi_500_45,poi_500_45,433,59.71739431782058
poi_500_45,poi_500_45,434,59.4854561815362
poi_500_45,poi_500_45,435,60.90626396735022
poi_500_45,poi_500_45,436,60.7827875927607
poi_500_45,poi_500_45,437,60.825666602515156
poi_500_45,poi_500_45,438,60.91098918241755
poi_500_45,poi_500_45,439,58.61335146088017
poi_500_45,poi_500_45,440,58.286099537767
poi_500_45,poi_500_45,441,60.19131221720967
poi_500_45,poi_500_45,442,61.393551191488704
poi_500_45,poi_500_45,443,61.108754342070455
poi_500_45,poi_500_45,444,61.20445179347308
poi_500_45,poi_500_45,445,59.076022250875
poi_500_45,poi_500_45,446,58.65263585999521
poi_500_45,poi_500_45,447,59.6013510123089
poi_500_45,poi_500_45,448,58.074164954140144
poi_500_45,poi_500_45,449,58.304668084242515
poi_500_45,poi_500_45,450,59.92325927062571
poi_500_45,poi_500_45,451,58.85565788897889
poi_500_45,poi_500_45,452,59.03040971305007
poi_500_45,poi_500_45,453,61.02105849167836
poi_500_45,poi_500_45,454,61.00709187563494
poi_500_45,poi_500_45,455,61.14197623667303
poi_500_45,poi_500_45,456,60.4343278906364
poi_500_45,poi_500_45,457,58.37049042764346
poi_500_45,poi_500_45,458,58.558129802979344
poi_500_45,poi_500_45,459,60.38059975852572
poi_500_45,poi_500_45,460,60.334265062093955
poi_500_45,poi_500_45,461,60.451913243210164
poi_500_45,poi_500_45,462,60.598279181811556
poi_500_45,poi_500_45,463,58.833876992297796
poi_500_45,poi_500_45,464,58.286099537767
poi_500_45,poi_500_45,465,60.19131221720967
poi_500_45,poi_500_45,466,61.393551191488704
poi_500_45,poi_500_45,467,61.108754342070455
poi_500_45,poi_500_45,468,61.20445179347308
poi_500_45,poi_500_45,469,59.076022250875
poi_500_45,poi_500_45,470,58.65263585999521
poi_500_45,poi_500_45,471,59.16983309509409
poi_500_45,poi_500_45,472,57.3347180298432
poi_500_45,poi_500_45,473,57.468997964486014
poi_500_45,poi_500_45,474,59.24676003566341
poi_500_45,poi_500_45,475,57.75158923742208
poi_500_45,poi_500_45,476,57.6757209623582
poi_500_45,poi_500_45,477,59.964011876241315
poi_500_45,poi_500_45,478,61.27534765890185
poi_500_45,poi_500_45,479,61.016614486841824
poi_500_45,poi_500_45,480,60.21059030397292
poi_500_45,poi_500_45,481,57.75503419088643
poi_500_45,poi_500_45,482,57.50109725932138
poi_500_45,poi_500_45,483,58.36040891142885
poi_500_45,poi_500_45,484,56.272019552593164
poi_500_45,poi_500_45,485,56.61447417597641
poi_500_45,poi_500_45,486,58.77993380604923
poi_500_45,poi_500_45,487,58.01905375485249
poi_500_45,poi_500_45,488,57.6757209623582
poi_500_45,poi_500_45,489,59.568689232105555
poi_500_45,poi_500_45,490,60.93717396425282
poi_500_45,poi_500_45,491,60.58912475154692
poi_500_45,poi_500_45,492,59.580704319424164
poi_500_45,poi_500_45,493,56.27234042815437
poi_500_45,poi_500_45,494,55.41747240425507
poi_500_45,poi_500_45,495,56.97703662239821
poi_500_45,poi_500_45,496,57.815163755535494
poi_500_45,poi_500_45,497,57.32451896092884
poi_500_45,poi_500_45,498,59.24952809364521
poi_500_45,poi_500_45,499,58.545612503749105
poi_500_45,poi_500_45,500,58.09497683832993
poi_500_45,poi_500_45,501,59.33996365522583
poi_500_45,poi_500_45,502,57.81623304252648
poi_500_45,poi_500_45,503,58.12720824559804
poi_500_45,poi_500_45,504,58.52822270289651
poi_500_45,poi_500_45,505,57.45355646786884
poi_500_45,poi_500_45,506,57.98736042301769
poi_500_45,poi_500_45,507,60.16324030711603
poi_500_45,poi_500_45,508,60.18283510656318
poi_500_45,poi_500_45,509,60.34454142234982
poi_500_45,poi_500_45,510,59.43383277757313
poi_500_45,poi_500_45,511,57.42344708134414
poi_500_45,poi_500_45,512,57.01685803580216
poi_500_45,poi_500_45,513,59.12909423277281
poi_500_45,poi_500_45,514,60.645894837099796
poi_500_45,poi_500_45,515,60.30459262121855
poi_500_45,poi_500_45,516,60.38303941749974
poi_500_45,poi_500_45,517,58.28482634249154
poi_500_45,poi_500_45,518,57.151009632603305
poi_500_45,poi_500_45,519,57.42496722422739
poi_500_45,poi_500_45,520,57.935714603402815
poi_500_45,poi_500_45,521,57.171134016260325
poi_500_45,poi_500_45,522,58.950208563243336
poi_500_45,poi_500_45,523,57.03366311411404
poi_500_45,poi_500_45,524,56.340327741039815
poi_500_45,poi_500_45,525,57.67682168017116
poi_500_45,poi_500_45,526,58.35792304774668
poi_500_45,poi_500_45,527,57.87248852244985
poi_500_45,poi_500_45,528,58.17609681474907
poi_500_45,poi_500_45,529,56.679818728198924
poi_500_45,poi_500_45,530,56.758899797096205
poi_500_45,poi_500_45,531,58.56458746539914
poi_500_45,poi_500_45,532,56.87808852601392
poi_500_45,poi_500_45,533,57.40350580465176
poi_500_45,poi_500_45,534,57.97180543011993
poi_500_45,poi_500_45,535,57.739407883536494
poi_500_45,poi_500_45,536,57.98736042301769
poi_500_45,poi_500_45,537,60.50994681748034
poi_500_45,poi_500_45,538,60.582288716713535
poi_500_45,poi_500_45,539,60.795553413800214
poi_500_45,poi_500_45,540,60.08384021729684
poi_500_45,poi_500_45,541,58.603365045240025
poi_500_45,poi_500_45,542,58.558129802979344
poi_500_45,poi_500_45,543,60.38059975852572
poi_500_45,poi_500_45,544,60.334265062093955
poi_500_45,poi_500_45,545,60.451913243210164
poi_500_45,poi_500_45,546,60.598279181811556
poi_500_45,poi_500_45,547,58.833876992297796
poi_500_45,poi_500_45,548,58.286099537767
poi_500_45,poi_500_45,549,60.19131221720967
poi_500_45,poi_500_45,550,61.393551191488704
poi_500_45,poi_500_45,551,61.108754342070455
poi_500_45,poi_500_45,552,61.20445179347308
poi_500_45,poi_500_45,553,59.076022250875
poi_500_45,poi_500_45,554,58.65263585999521
poi_500_45,poi_500_45,555,59.6013510123089
poi_500_45,poi_500_45,556,58.074164954140144
poi_500_45,poi_500_45,557,58.304668084242515
poi_500_45,poi_500_45,558,59.92325927062571
poi_500_45,poi_500_45,559,58.85565788897889
poi_500_45,poi_500_45,560,59.03040971305007
poi_500_45,poi_500_45,561,61.02105849167836
poi_500_45,poi_500_45,562,61.00709187563494
poi_500_45,poi_500_45,563,61.14197623667303
poi_500_45,poi_500_45,564,60.4343278906364
poi_500_45,poi_500_45,565,58.37049042764346
poi_500_45,poi_500_45,566,58.558129802979344
poi_500_45,poi_500_45,567,60.38059975852572
poi_500_45,poi_500_45,568,60.334265062093955
poi_500_45,poi_500_45,569,60.451913243210164
poi_500_45,poi_500_45,570,60.598279181811556
poi_500_45,poi_500_45,571,58.833876992297796
poi_500_45,poi_500_45,572,58.286099537767
poi_500_45,poi_500_45,573,59.81704262193623
poi_500_45,poi_500_45,574,61.06481019361384
poi_500_45,poi_500_45,575,60.69068499401823
poi_500_45,poi_500_45,576,60.71105251530442
poi_500_45,poi_500_45,577,58.03370722369223
poi_500_45,poi_500_45,578,57.151009632603305
poi_500_45,poi_500_45,579,57.42496722422739
poi_500_45,poi_500_45,580,57.935714603402815
poi_500_45,poi_500_45,581,57.171134016260325
poi_500_45,poi_500_45,582,58.950208563243336
poi_500_45,poi_500_45,583,57.03366311411404
poi_500_45,poi_500_45,584,56.340327741039815
poi_500_45,poi_500_45,585,56.984667787687464
poi_500_45,poi_500_45,586,57.66916587368125
poi_500_45,poi_500_45,587,56.93931442691941
poi_500_45,poi_500_45,588,57.1210203770024
poi_500_45,poi_500_45,589,54.66993556623442
poi_500_45,poi_500_45,590,54.14594145723592
poi_500_45,poi_500_45,591,55.550551825334615
poi_500_45,poi_500_45,592,56.69480237394283
poi_500_45,poi_500_45,593,55.96052976357839
poi_500_45,poi_500_45,594,56.331277144988725
poi_500_45,poi_500_45,595,55.197445867836976
poi_500_45,poi_500_45,596,54.14594145723592
poi_500_45,poi_500_45,597,56.48609714406966
poi_500_45,poi_500_45,598,57.5408706428592
poi_500_45,poi_500_45,599,57.10095464739414
poi_500_55,poi_500_55,0,40.0
poi_500_55,poi_500_55,1,40.0
poi_500_55,poi_500_55,2,40.0
poi_500_55,poi_500_55,3,40.0
poi_500_55,poi_500_55,4,40.0
poi_500_55,poi_500_55,5,40.0
poi_500_55,poi_500_55,6,40.0
poi_500_55,poi_500_55,7,40.0
poi_500_55,poi_500_55,8,40.0
poi_500_55,poi_500_55,9,50.96537913988527
poi_500_55,poi_500_55,10,51.56944110283251
poi_500_55,poi_500_55,11,52.22866424747589
poi_500_55,poi_500_55,12,52.95188272339282
poi_500_55,poi_500_55,13,53.75023657991104
poi_500_55,poi_500_55,14,54.63801540226172
poi_500_55,poi_500_55,15,56.07527373633964
poi_500_55,poi_500_55,16,57.14591849788341
poi_500_55,poi_500_55,17,58.382293051471265
poi_500_55,poi_500_55,18,51.343330550307414
poi_500_55,poi_500_55,19,52.70241397260171
poi_500_55,poi_500_55,20,54.25407280075518
poi_500_55,poi_500_55,21,58.24799277831545
poi_500_55,poi_500_55,22,58.96272208793743
poi_500_55,poi_500_55,23,59.24624426054986
poi_500_55,poi_500_55,24,58.28570191007147
poi_500_55,poi_500_55,25,56.73608576588257
poi_500_55,poi_500_55,26,56.61962220540417
poi_500_55,poi_500_55,27,57.77793637316017
poi_500_55,poi_500_55,28,61.21865575798476
poi_500_55,poi_500_55,29,61.23655054819253
poi_500_55,poi_500_55,30,58.085470979085514
poi_500_55,poi_500_55,31,57.602696303805914
poi_500_55,poi_500_55,32,57.4342937122633
poi_500_55,poi_500_55,33,59.54512070278202
poi_500_55,poi_500_55,34,59.92273725345175
poi_500_55,poi_500_55,35,60.544757210589076
poi_500_55,poi_500_55,36,59.610869488988484
poi_500_55,poi_500_55,37,57.49979676024963
poi_500_55,poi_500_55,38,57.273994306068694
poi_500_55,poi_500_55,39,58.740194965812606
poi_500_55,poi_500_55,40,61.6961832032808
poi_500_55,poi_500_55,41,61.74401676243559
poi_500_55,poi_500_55,42,59.16842220596676
poi_500_55,poi_500_55,43,58.942190387462226
poi_500_55,poi_500_55,44,58.83627682685027
poi_500_55,poi_500_55,45,60.67631058484266
poi_500_55,poi_500_55,46,61.248330227959755
poi_500_55,poi_500_55,47,62.06911633348427
poi_500_55,poi_500_55,48,59.85456075803204
poi_500_55,poi_500_55,49,58.10475785514272
poi_500_55,poi_500_55,50,58.25701135052918
poi_500_55,poi_500_55,51,59.973696171525816
poi_500_55,poi_500_55,52,62.455073464931345
poi_500_55,poi_500_55,53,62.40469731286837
poi_500_55,poi_500_55,54,60.027515521117095
poi_500_55,poi_500_55,55,58.58832066196619
poi_500_55,poi_500_55,56,57.973102799292604
poi_500_55,poi_500_55,57,59.37036373186784
poi_500_55,poi_500_55,58,61.83508394232013
poi_500_55,poi_500_55,59,61.34180390553104
poi_500_55,poi_500_55,60,60.16506669949314
poi_500_55,poi_500_55,61,57.78693860025739
poi_500_55,poi_500_55,62,56.91491330129353
poi_500_55,poi_500_55,63,57.27162545737503
poi_500_55,poi_500_55,64,60.58395175900576
poi_500_55,poi_500_55,65,59.9958863460228
poi_500_55,poi_500_55,66,58.56038268787649
poi_500_55,poi_500_55,67,56.91744689534316
poi_500_55,poi_500_55,68,56.21487158111421
poi_500_55,poi_500_55,69,57.55152697065582
poi_500_55,poi_500_55,70,57.78475233695908
poi_500_55,poi_500_55,71,58.86876573629641
poi_500_55,poi_500_55,72,57.733579787733326
poi_500_55,poi_500_55,73,56.56400340458155
poi_500_55,poi_500_55,74,56.63381815652366
poi_500_55,poi_500_55,75,58.43839390155796
poi_500_55,poi_500_55,76,59.214722999597484
poi_500_55,poi_500_55,77,60.6007637681281
poi_500_55,poi_500_55,78,57.48986472685965
poi_500_55,poi_500_55,79,57.59709780966567
poi_500_55,poi_500_55,80,57.75435333038943
poi_500_55,poi_500_55,81,59.74849035170117
poi_500_55,poi_500_55,82,60.4795895770106
poi_500_55,poi_500_55,83,61.4421955348061
poi_500_55,poi_500_55,84,58.70198059791859
poi_500_55,poi_500_55,85,57.10727346353473
poi_500_55,poi_500_55,86,56.612263118790366
poi_500_55,poi_500_55,87,59.09428394896394
poi_500_55,poi_500_55,88,61.78714070481999
poi_500_55,poi_500_55,89,61.40022659586897
poi_500_55,poi_500_55,90,60.38957879881063
poi_500_55,poi_500_55,91,59.078291533664114
poi_500_55,poi_500_55,92,58.46650445913238
poi_500_55,poi_500_55,93,59.4803589429017
poi_500_55,poi_500_55,94,62.02572880618557
poi_500_55,poi_500_55,95,62.02265135516637
poi_500_55,poi_500_55,96,59.5946655661853
poi_500_55,poi_500_55,97,58.72815404471478
poi_500_55,poi_500_55,98,58.83627682685027
poi_500_55,poi_500_55,99,60.67631058484266
poi_500_55,poi_500_55,100,61.248330227959755
poi_500_55,poi_500_55,101,62.06911633348427
poi_500_55,poi_500_55,102,59.85456075803204
poi_500_55,poi_500_55,103,58.10475785514272
poi_500_55,poi_500_55,104,58.25701135052918
poi_500_55,poi_500_55,105,60.33306683846633
poi_500_55,poi_500_55,106,62.694494738783256
poi_500_55,poi_500_55,107,62.68842954727746
poi_500_55,poi_500_55,108,60.59419480687549
poi_500_55,poi_500_55,109,59.507661563294164
poi_500_55,poi_500_55,110,59.23298326662249
poi_500_55,poi_500_55,111,60.54225261813283
poi_500_55,poi_500_55,112,62.733438927122045
poi_500_55,poi_500_55,113,62.645077541654324
poi_500_55,poi_500_55,114,60.38027399381061
poi_500_55,poi_500_55,115,58.35561884846021
poi_500_55,poi_500_55,116,57.973102799292604
poi_500_55,poi_500_55,117,59.780835305532
poi_500_55,poi_500_55,118,62.11010388481632
poi_500_55,poi_500_55,119,61.70103705303738
poi_500_55,poi_500_55,120,60.71515158832746
poi_500_55,poi_500_55,121,58.871018905080106
poi_500_55,poi_500_55,122,58.46650445913238
poi_500_55,poi_500_55,123,59.038938036735075
poi_500_55,poi_500_55,124,61.74513544265669
poi_500_55,poi_500_55,125,61.69006827063386
poi_500_55,poi_500_55,126,58.86844325651643
poi_500_55,poi_500_55,127,57.602696303805914
poi_500_55,poi_500_55,128,57.4342937122633
poi_500_55,poi_500_55,129,59.1105715490393
poi_500_55,poi_500_55,130,59.457723652365985
poi_500_55,poi_500_55,131,60.0697497225704
poi_500_55,poi_500_55,132,58.88759001041309
poi_500_55,poi_500_55,133,55.93264759264659
poi_500_55,poi_500_55,134,55.089100486781405
poi_500_55,poi_500_55,135,56.81472418922844
poi_500_55,poi_500_55,136,60.51988317727138
poi_500_55,poi_500_55,137,60.07534092515648
poi_500_55,poi_500_55,138,58.88161662494551
poi_500_55,poi_500_55,139,58.449602378578675
poi_500_55,poi_500_55,140,57.988869993568166
poi_500_55,poi_500_55,141,58.7578633531319
poi_500_55,poi_500_55,142,59.301029995228944
poi_500_55,poi_500_55,143,60.530436851676484
poi_500_55,poi_500_55,144,57.04081661464113
poi_500_55,poi_500_55,145,55.646991554550674
poi_500_55,poi_500_55,146,55.85704811493997
poi_500_55,poi_500_55,147,58.29808714682021
poi_500_55,poi_500_55,148,58.84294416901723
poi_500_55,poi_500_55,149,59.62456844769477
poi_500_55,poi_500_55,150,58.381427888295846
poi_500_55,poi_500_55,151,56.33139162901315
poi_500_55,poi_500_55,152,55.089100486781405
poi_500_55,poi_500_55,153,55.96056141678942
poi_500_55,poi_500_55,154,60.117469090207024
poi_500_55,poi_500_55,155,59.5426562605998
poi_500_55,poi_500_55,156,58.012006781705395
poi_500_55,poi_500_55,157,57.238197706650624
poi_500_55,poi_500_55,158,56.21487158111421
poi_500_55,poi_500_55,159,56.84221909509038
poi_500_55,poi_500_55,160,56.99575868034749
poi_500_55,poi_500_55,161,58.15068168438427
poi_500_55,poi_500_55,162,56.562421193233085
poi_500_55,poi_500_55,163,54.51757307332224
poi_500_55,poi_500_55,164,53.97276422767865
poi_500_55,poi_500_55,165,55.36911090134674
poi_500_55,poi_500_55,166,55.845535764947854
poi_500_55,poi_500_55,167,57.43688259351244
poi_500_55,poi_500_55,168,55.6584397099515
poi_500_55,poi_500_55,169,55.0606420828401
poi_500_55,poi_500_55,170,53.97276422767865
poi_500_55,poi_500_55,171,56.33495445474502
poi_500_55,poi_500_55,172,56.84797268775485
poi_500_55,poi_500_55,173,58.27161816541817
poi_500_55,poi_500_55,174,57.060866664141486
poi_500_55,poi_500_55,175,56.91089081847665
poi_500_55,poi_500_55,176,56.63381815652366
poi_500_55,poi_500_55,177,57.86912443853546
poi_500_55,poi_500_55,178,58.661919384917034
poi_500_55,poi_500_55,179,60.1321832038444
poi_500_55,poi_500_55,180,56.240410328815386
poi_500_55,poi_500_55,181,56.0715604423975
poi_500_55,poi_500_55,182,55.85704811493997
poi_500_55,poi_500_55,183,58.29808714682021
poi_500_55,poi_500_55,184,58.84294416901723
poi_500_55,poi_500_55,185,59.62456844769477
poi_500_55,poi_500_55,186,58.381427888295846
poi_500_55,poi_500_55,187,56.33139162901315
poi_500_55,poi_500_55,188,55.089100486781405
poi_500_55,poi_500_55,189,55.96056141678942
poi_500_55,poi_500_55,190,60.117469090207024
poi_500_55,poi_500_55,191,59.5426562605998
poi_500_55,poi_500_55,192,58.012006781705395
poi_500_55,poi_500_55,193,57.238197706650624
poi_500_55,poi_500_55,194,56.21487158111421
poi_500_55,poi_500_55,195,57.55152697065582
poi_500_55,poi_500_55,196,57.78475233695908
poi_500_55,poi_500_55,197,58.86876573629641
poi_500_55,poi_500_55,198,57.733579787733326
poi_500_55,poi_500_55,199,56.56400340458155
poi_500_55,poi_500_55,200,56.63381815652366
poi_500_55,poi_500_55,201,58.43839390155796
poi_500_55,poi_500_55,202,59.214722999597484
poi_500_55,poi_500_55,203,60.6007637681281
poi_500_55,poi_500_55,204,57.48986472685965
poi_500_55,poi_500_55,205,57.59709780966567
poi_500_55,poi_500_55,206,57.754353330389435
poi_500_55,poi_500_55,207,59.74849035170117
poi_500_55,poi_500_55,208,60.4795895770106
poi_500_55,poi_500_55,209,61.4421955348061
poi_500_55,poi_500_55,210,58.70198059791859
poi_500_55,poi_500_55,211,57.10727346353473
poi_500_55,poi_500_55,212,56.612263118790366
poi_500_55,poi_500_55,213,58.609450643529655
poi_500_55,poi_500_55,214,61.490147077256445
poi_500_55,poi_500_55,215,61.01405055300083
poi_500_55,poi_500_55,216,59.79359936617084
poi_500_55,poi_500_55,217,58.05122422622552
poi_500_55,poi_500_55,218,56.91491330129353
poi_500_55,poi_500_55,219,57.27162545737503
poi_500_55,poi_500_55,220,60.58395175900576
poi_500_55,poi_500_55,221,59.9958863460228
poi_500_55,poi_500_55,222,58.56038268787649
poi_500_55,poi_500_55,223,56.91744689534316
poi_500_55,poi_500_55,224,56.21487158111421
poi_500_55,poi_500_55,225,57.55152697065582
poi_500_55,poi_500_55,226,57.78475233695908
poi_500_55,poi_500_55,227,58.86876573629641
poi_500_55,poi_500_55,228,57.733579787733326
poi_500_55,poi_500_55,229,56.56400340458155
poi_500_55,poi_500_55,230,56.63381815652366
poi_500_55,poi_500_55,231,57.86912443853546
poi_500_55,poi_500_55,232,58.661919384917034
poi_500_55,poi_500_55,233,60.1321832038444
poi_500_55,poi_500_55,234,56.240410328815386
poi_500_55,poi_500_55,235,56.0715604423975
poi_500_55,poi_500_55,236,55.85704811493997
poi_500_55,poi_500_55,237,58.81688466321437
poi_500_55,poi_500_55,238,59.374504605368
poi_500_55,poi_500_55,239,60.14787637053327
poi_500_55,poi_500_55,240,59.18629370854086
poi_500_55,poi_500_55,241,57.78157278931697
poi_500_55,poi_500_55,242,57.273994306068694
poi_500_55,poi_500_55,243,58.21156911049997
poi_500_55,poi_500_55,244,61.392679036728964
poi_500_55,poi_500_55,245,61.38847007452618
poi_500_55,poi_500_55,246,58.359908500773294
poi_500_55,poi_500_55,247,57.87807932344367
poi_500_55,poi_500_55,248,57.4342937122633
poi_500_55,poi_500_55,249,59.54512070278202
poi_500_55,poi_500_55,250,59.92273725345175
poi_500_55,poi_500_55,251,60.544757210589076
poi_500_55,poi_500_55,252,59.610869488988484
poi_500_55,poi_500_55,253,57.49979676024963
poi_500_55,poi_500_55,254,57.273994306068694
poi_500_55,poi_500_55,255,58.21156911049997
poi_500_55,poi_500_55,256,61.392679036728964
poi_500_55,poi_500_55,257,61.38847007452618
poi_500_55,poi_500_55,258,58.359908500773294
poi_500_55,poi_500_55,259,57.87807932344367
poi_500_55,poi_500_55,260,57.4342937122633
poi_500_55,poi_500_55,261,59.1105715490393
poi_500_55,poi_500_55,262,59.457723652365985
poi_500_55,poi_500_55,263,60.0697497225704
poi_500_55,poi_500_55,264,58.88759001041309
poi_500_55,poi_500_55,265,55.93264759264659
poi_500_55,poi_500_55,266,55.089100486781405
poi_500_55,poi_500_55,267,56.81472418922844
poi_500_55,poi_500_55,268,60.51988317727138
poi_500_55,poi_500_55,269,60.07534092515648
poi_500_55,poi_500_55,270,58.88161662494551
poi_500_55,poi_500_55,271,58.449602378578675
poi_500_55,poi_500_55,272,57.988869993568166
poi_500_55,poi_500_55,273,58.7578633531319
poi_500_55,poi_500_55,274,59.301029995228944
poi_500_55,poi_500_55,275,60.530436851676484
poi_500_55,poi_500_55,276,57.04081661464113
poi_500_55,poi_500_55,277,55.646991554550674
poi_500_55,poi_500_55,278,55.85704811493997
poi_500_55,poi_500_55,279,58.81688466321437
poi_500_55,poi_500_55,280,59.374504605368
poi_500_55,poi_500_55,281,60.14787637053327
poi_500_55,poi_500_55,282,59.18629370854086
poi_500_55,poi_500_55,283,57.78157278931697
poi_500_55,poi_500_55,284,57.273994306068694
poi_500_55,poi_500_55,285,58.740194965812606
poi_500_55,poi_500_55,286,61.6961832032808
poi_500_55,poi_500_55,287,61.74401676243559
poi_500_55,poi_500_55,288,59.16842220596676
poi_500_55,poi_500_55,289,58.942190387462226
poi_500_55,poi_500_55,290,58.83627682685027
poi_500_55,poi_500_55,291,60.34531809787555
poi_500_55,poi_500_55,292,60.91054316782805
poi_500_55,poi_500_55,293,61.74021006433438
poi_500_55,poi_500_55,294,59.174014101657804
poi_500_55,poi_500_55,295,56.7763223664988
poi_500_55,poi_500_55,296,56.612263118790366
poi_500_55,poi_500_55,297,59.09428394896394
poi_500_55,poi_500_55,298,61.78714070481999
poi_500_55,poi_500_55,299,61.40022659586897
poi_500_55,poi_500_55,300,60.38957879881063
poi_500_55,poi_500_55,301,59.078291533664114
poi_500_55,poi_500_55,302,58.46650445913238
poi_500_55,poi_500_55,303,59.038938036735075
poi_500_55,poi_500_55,304,61.74513544265669
poi_500_55,poi_500_55,305,61.69006827063386
poi_500_55,poi_500_55,306,58.86844325651643
poi_500_55,poi_500_55,307,57.602696303805914
poi_500_55,poi_500_55,308,57.4342937122633
poi_500_55,poi_500_55,309,59.1105715490393
poi_500_55,poi_500_55,310,59.457723652365985
poi_500_55,poi_500_55,311,60.0697497225704
poi_500_55,poi_500_55,312,58.88759001041309
poi_500_55,poi_500_55,313,55.93264759264659
poi_500_55,poi_500_55,314,55.089100486781405
poi_500_55,poi_500_55,315,56.81472418922844
poi_500_55,poi_500_55,316,60.51988317727138
poi_500_55,poi_500_55,317,60.07534092515648
poi_500_55,poi_500_55,318,58.88161662494551
poi_500_55,poi_500_55,319,58.449602378578675
poi_500_55,poi_500_55,320,57.988869993568166
poi_500_55,poi_500_55,321,59.227257084726034
poi_500_55,poi_500_55,322,59.78221467372827
poi_500_55,poi_500_55,323,60.959921252120786
poi_500_55,poi_500_55,324,58.103561345437235
poi_500_55,poi_500_55,325,57.30267118559155
poi_500_55,poi_500_55,326,57.754353330389435
poi_500_55,poi_500_55,327,59.74849035170117
poi_500_55,poi_500_55,328,60.4795895770106
poi_500_55,poi_500_55,329,61.4421955348061
poi_500_55,poi_500_55,330,58.70198059791859
poi_500_55,poi_500_55,331,57.10727346353473
poi_500_55,poi_500_55,332,56.612263118790366
poi_500_55,poi_500_55,333,58.609450643529655
poi_500_55,poi_500_55,334,61.490147077256445
poi_500_55,poi_500_55,335,61.01405055300083
poi_500_55,poi_500_55,336,59.79359936617084
poi_500_55,poi_500_55,337,58.05122422622552
poi_500_55,poi_500_55,338,56.91491330129353
poi_500_55,poi_500_55,339,57.27162545737503
poi_500_55,poi_500_55,340,60.58395175900576
poi_500_55,poi_500_55,341,59.9958863460228
poi_500_55,poi_500_55,342,58.56038268787649
poi_500_55,poi_500_55,343,56.91744689534316
poi_500_55,poi_500_55,344,56.21487158111421
poi_500_55,poi_500_55,345,56.84221909509038
poi_500_55,poi_500_55,346,56.99575868034749
poi_500_55,poi_500_55,347,58.15068168438427
poi_500_55,poi_500_55,348,56.562421193233085
poi_500_55,poi_500_55,349,54.51757307332224
poi_500_55,poi_500_55,350,53.97276422767865
poi_500_55,poi_500_55,351,55.36911090134674
poi_500_55,poi_500_55,352,55.845535764947854
poi_500_55,poi_500_55,353,57.43688259351244
poi_500_55,poi_500_55,354,55.6584397099515
poi_500_55,poi_500_55,355,55.0606420828401
poi_500_55,poi_500_55,356,53.97276422767865
poi_500_55,poi_500_55,357,56.33495445474502
poi_500_55,poi_500_55,358,56.84797268775485
poi_500_55,poi_500_55,359,58.27161816541817
poi_500_55,poi_500_55,360,57.060866664141486
poi_500_55,poi_500_55,361,56.91089081847665
poi_500_55,poi_500_55,362,56.63381815652366
poi_500_55,poi_500_55,363,58.43839390155796
poi_500_55,poi_500_55,364,59.214722999597484
poi_500_55,poi_500_55,365,60.6007637681281
poi_500_55,poi_500_55,366,57.48986472685965
poi_500_55,poi_500_55,367,57.59709780966567
poi_500_55,poi_500_55,368,57.754353330389435
poi_500_55,poi_500_55,369,59.74849035170117
poi_500_55,poi_500_55,370,60.4795895770106
poi_500_55,poi_500_55,371,61.4421955348061
poi_500_55,poi_500_55,372,58.70198059791859
poi_500_55,poi_500_55,373,57.10727346353473
poi_500_55,poi_500_55,374,56.612263118790366
poi_500_55,poi_500_55,375,58.609450643529655
poi_500_55,poi_500_55,376,61.490147077256445
poi_500_55,poi_500_55,377,61.01405055300083
poi_500_55,poi_500_55,378,59.79359936617084
poi_500_55,poi_500_55,379,58.05122422622552
poi_500_55,poi_500_55,380,56.91491330129353
poi_500_55,poi_500_55,381,57.91888337121247
poi_500_55,poi_500_55,382,60.9470463323326
poi_500_55,poi_500_55,383,60.47860507303639
poi_500_55,poi_500_55,384,59.33548866089855
poi_500_55,poi_500_55,385,58.20913489732695
poi_500_55,poi_500_55,386,57.988869993568166
poi_500_55,poi_500_55,387,59.227257084726034
poi_500_55,poi_500_55,388,59.78221467372827
poi_500_55,poi_500_55,389,60.959921252120786
poi_500_55,poi_500_55,390,58.103561345437235
poi_500_55,poi_500_55,391,57.30267118559155
poi_500_55,poi_500_55,392,57.754353330389435
poi_500_55,poi_500_55,393,60.12617935372126
poi_500_55,poi_500_55,394,60.851147760613216
poi_500_55,poi_500_55,395,61.79354305858823
poi_500_55,poi_500_55,396,59.454255042589104
poi_500_55,poi_500_55,397,58.35091195463057
poi_500_55,poi_500_55,398,58.25701135052918
poi_500_55,poi_500_55,399,60.33306683846633
poi_500_55,poi_500_55,400,62.694494738783256
poi_500_55,poi_500_55,401,62.68842954727746
poi_500_55,poi_500_55,402,60.59419480687549
poi_500_55,poi_500_55,403,59.507661563294164
poi_500_55,poi_500_55,404,59.23298326662249
poi_500_55,poi_500_55,405,60.54225261813283
poi_500_55,poi_500_55,406,62.733438927122045
poi_500_55,poi_500_55,407,62.645077541654324
poi_500_55,poi_500_55,408,60.38027399381061
poi_500_55,poi_500_55,409,58.35561884846021
poi_500_55,poi_500_55,410,57.973102799292604
poi_500_55,poi_500_55,411,59.780835305532
poi_500_55,poi_500_55,412,62.11010388481632
poi_500_55,poi_500_55,413,61.70103705303738
poi_500_55,poi_500_55,414,60.71515158832746
poi_500_55,poi_500_55,415,58.871018905080106
poi_500_55,poi_500_55,416,58.46650445913238
poi_500_55,poi_500_55,417,59.4803589429017
poi_500_55,poi_500_55,418,62.02572880618557
poi_500_55,poi_500_55,419,62.02265135516637
poi_500_55,poi_500_55,420,59.5946655661853
poi_500_55,poi_500_55,421,58.72815404471478
poi_500_55,poi_500_55,422,58.83627682685027
poi_500_55,poi_500_55,423,60.67631058484266
poi_500_55,poi_500_55,424,61.248330227959755
poi_500_55,poi_500_55,425,62.06911633348427
poi_500_55,poi_500_55,426,59.85456075803204
poi_500_55,poi_500_55,427,58.10475785514272
poi_500_55,poi_500_55,428,58.25701135052918
poi_500_55,poi_500_55,429,60.33306683846633
poi_500_55,poi_500_55,430,62.694494738783256
poi_500_55,poi_500_55,431,62.68842954727746
poi_500_55,poi_500_55,432,60.59419480687549
poi_500_55,poi_500_55,433,59.507661563294164
poi_500_55,poi_500_55,434,59.23298326662249
poi_500_55,poi_500_55,435,60.54225261813283
poi_500_55,poi_500_55,436,62.733438927122045
poi_500_55,poi_500_55,437,62.645077541654324
poi_500_55,poi_500_55,438,60.38027399381061
poi_500_55,poi_500_55,439,58.35561884846021
poi_500_55,poi_500_55,440,57.973102799292604
poi_500_55,poi_500_55,441,59.780835305532
poi_500_55,poi_500_55,442,62.11010388481632
poi_500_55,poi_500_55,443,61.70103705303738
poi_500_55,poi_500_55,444,60.71515158832746
poi_500_55,poi_500_55,445,58.871018905080106
poi_500_55,poi_500_55,446,58.46650445913238
poi_500_55,poi_500_55,447,59.4803589429017
poi_500_55,poi_500_55,448,62.02572880618557
poi_500_55,poi_500_55,449,62.02265135516637
poi_500_55,poi_500_55,450,59.5946655661853
poi_500_55,poi_500_55,451,58.72815404471478
poi_500_55,poi_500_55,452,58.83627682685027
poi_500_55,poi_500_55,453,60.67631058484266
poi_500_55,poi_500_55,454,61.248330227959755
poi_500_55,poi_500_55,455,62.06911633348427
poi_500_55,poi_500_55,456,59.85456075803204
poi_500_55,poi_500_55,457,58.10475785514272
poi_500_55,poi_500_55,458,58.25701135052918
poi_500_55,poi_500_55,459,59.973696171525816
poi_500_55,poi_500_55,460,62.455073464931345
poi_500_55,poi_500_55,461,62.40469731286837
poi_500_55,poi_500_55,462,60.027515521117095
poi_500_55,poi_500_55,463,58.58832066196619
poi_500_55,poi_500_55,464,57.973102799292604
poi_500_55,poi_500_55,465,59.780835305532
poi_500_55,poi_500_55,466,62.11010388481632
poi_500_55,poi_500_55,467,61.70103705303738
poi_500_55,poi_500_55,468,60.71515158832746
poi_500_55,poi_500_55,469,58.871018905080106
poi_500_55,poi_500_55,470,58.46650445913238
poi_500_55,poi_500_55,471,59.038938036735075
poi_500_55,poi_500_55,472,61.74513544265669
poi_500_55,poi_500_55,473,61.69006827063386
poi_500_55,poi_500_55,474,58.86844325651643
poi_500_55,poi_500_55,475,57.602696303805914
poi_500_55,poi_500_55,476,57.4342937122633
poi_500_55,poi_500_55,477,59.54512070278202
poi_500_55,poi_500_55,478,59.92273725345175
poi_500_55,poi_500_55,479,60.544757210589076
poi_500_55,poi_500_55,480,59.610869488988484
poi_500_55,poi_500_55,481,57.49979676024963
poi_500_55,poi_500_55,482,57.273994306068694
poi_500_55,poi_500_55,483,58.21156911049997
poi_500_55,poi_500_55,484,61.392679036728964
poi_500_55,poi_500_55,485,61.38847007452618
poi_500_55,poi_500_55,486,58.359908500773294
poi_500_55,poi_500_55,487,57.87807932344367
poi_500_55,poi_500_55,488,57.4342937122633
poi_500_55,poi_500_55,489,59.1105715490393
poi_500_55,poi_500_55,490,59.457723652365985
poi_500_55,poi_500_55,491,60.0697497225704
poi_500_55,poi_500_55,492,58.88759001041309
poi_500_55,poi_500_55,493,55.93264759264659
poi_500_55,poi_500_55,494,55.089100486781405
poi_500_55,poi_500_55,495,56.81472418922844
poi_500_55,poi_500_55,496,60.51988317727138
poi_500_55,poi_500_55,497,60.07534092515648
poi_500_55,poi_500_55,498,58.88161662494551
poi_500_55,poi_500_55,499,58.449602378578675
poi_500_55,poi_500_55,500,57.988869993568166
poi_500_55,poi_500_55,501,59.227257084726034
poi_500_55,poi_500_55,502,59.78221467372827
poi_500_55,poi_500_55,503,60.959921252120786
poi_500_55,poi_500_55,504,58.103561345437235
poi_500_55,poi_500_55,505,57.30267118559155
poi_500_55,poi_500_55,506,57.754353330389435
poi_500_55,poi_500_55,507,59.74849035170117
poi_500_55,poi_500_55,508,60.4795895770106
poi_500_55,poi_500_55,509,61.4421955348061
poi_500_55,poi_500_55,510,58.70198059791859
poi_500_55,poi_500_55,511,57.10727346353473
poi_500_55,poi_500_55,512,56.612263118790366
poi_500_55,poi_500_55,513,58.609450643529655
poi_500_55,poi_500_55,514,61.490147077256445
poi_500_55,poi_500_55,515,61.01405055300083
poi_500_55,poi_500_55,516,59.79359936617084
poi_500_55,poi_500_55,517,58.05122422622552
poi_500_55,poi_500_55,518,56.91491330129353
poi_500_55,poi_500_55,519,57.27162545737503
poi_500_55,poi_500_55,520,60.58395175900576
poi_500_55,poi_500_55,521,59.9958863460228
poi_500_55,poi_500_55,522,58.56038268787649
poi_500_55,poi_500_55,523,56.91744689534316
poi_500_55,poi_500_55,524,56.21487158111421
poi_500_55,poi_500_55,525,57.55152697065582
poi_500_55,poi_500_55,526,57.78475233695908
poi_500_55,poi_500_55,527,58.86876573629641
poi_500_55,poi_500_55,528,57.733579787733326
poi_500_55,poi_500_55,529,56.56400340458155
poi_500_55,poi_500_55,530,56.63381815652366
poi_500_55,poi_500_55,531,58.43839390155796
poi_500_55,poi_500_55,532,59.214722999597484
poi_500_55,poi_500_55,533,60.6007637681281
poi_500_55,poi_500_55,534,57.48986472685965
poi_500_55,poi_500_55,535,57.59709780966567
poi_500_55,poi_500_55,536,57.754353330389435
poi_500_55,poi_500_55,537,60.12617935372126
poi_500_55,poi_500_55,538,60.851147760613216
poi_500_55,poi_500_55,539,61.79354305858823
poi_500_55,poi_500_55,540,59.454255042589104
poi_500_55,poi_500_55,541,58.35091195463057
poi_500_55,poi_500_55,542,58.25701135052918
poi_500_55,poi_500_55,543,59.973696171525816
poi_500_55,poi_500_55,544,62.455073464931345
poi_500_55,poi_500_55,545,62.40469731286837
poi_500_55,poi_500_55,546,60.027515521117095
poi_500_55,poi_500_55,547,58.58832066196619
poi_500_55,poi_500_55,548,57.973102799292604
poi_500_55,poi_500_55,549,59.780835305532
poi_500_55,poi_500_55,550,62.11010388481632
poi_500_55,poi_500_55,551,61.70103705303738
poi_500_55,poi_500_55,552,60.71515158832746
poi_500_55,poi_500_55,553,58.871018905080106
poi_500_55,poi_500_55,554,58.46650445913238
poi_500_55,poi_500_55,555,59.4803589429017
poi_500_55,poi_500_55,556,62.02572880618557
poi_500_55,poi_500_55,557,62.02265135516637
poi_500_55,poi_500_55,558,59.5946655661853
poi_500_55,poi_500_55,559,58.72815404471478
poi_500_55,poi_500_55,560,58.83627682685027
poi_500_55,poi_500_55,561,60.67631058484266
poi_500_55,poi_500_55,562,61.248330227959755
poi_500_55,poi_500_55,563,62.06911633348427
poi_500_55,poi_500_55,564,59.85456075803204
poi_500_55,poi_500_55,565,58.10475785514272
poi_500_55,poi_500_55,566,58.25701135052918
poi_500_55,poi_500_55,567,59.973696171525816
poi_500_55,poi_500_55,568,62.455073464931345
poi_500_55,poi_500_55,569,62.40469731286837
poi_500_55,poi_500_55,570,60.027515521117095
poi_500_55,poi_500_55,571,58.58832066196619
poi_500_55,poi_500_55,572,57.973102799292604
poi_500_55,poi_500_55,573,59.37036373186784
poi_500_55,poi_500_55,574,61.83508394232013
poi_500_55,poi_500_55,575,61.34180390553104
poi_500_55,poi_500_55,576,60.16506669949314
poi_500_55,poi_500_55,577,57.78693860025739
poi_500_55,poi_500_55,578,56.91491330129353
poi_500_55,poi_500_55,579,57.27162545737503
poi_500_55,poi_500_55,580,60.58395175900576
poi_500_55,poi_500_55,581,59.9958863460228
poi_500_55,poi_500_55,582,58.56038268787649
poi_500_55,poi_500_55,583,56.91744689534316
poi_500_55,poi_500_55,584,56.21487158111421
poi_500_55,poi_500_55,585,56.84221909509038
poi_500_55,poi_500_55,586,56.99575868034749
poi_500_55,poi_500_55,587,58.15068168438427
poi_500_55,poi_500_55,588,56.562421193233085
poi_500_55,poi_500_55,589,54.51757307332224
poi_500_55,poi_500_55,590,53.97276422767865
poi_500_55,poi_500_55,591,55.36911090134674
poi_500_55,poi_500_55,592,55.845535764947854
poi_500_55,poi_500_55,593,57.43688259351244
poi_500_55,poi_500_55,594,55.6584397099515
poi_500_55,poi_500_55,595,55.0606420828401
poi_500_55,poi_500_55,596,53.97276422767865
poi_500_55,poi_500_55,597,56.33495445474502
poi_500_55,poi_500_55,598,56.84797268775485
poi_500_55,poi_500_55,599,58.27161816541817
poi_500_65,poi_500_65,0,40.0
poi_500_65,poi_500_65,1,40.0
poi_500_65,poi_500_65,2,40.0
poi_500_65,poi_500_65,3,40.0
poi_500_65,poi_500_65,4,40.0
poi_500_65,poi_500_65,5,40.0
poi_500_65,poi_500_65,6,40.0
poi_500_65,poi_500_65,7,40.0
poi_500_65,poi_500_65,8,40.0
poi_500_65,poi_500_65,9,50.935216127843674
poi_500_65,poi_500_65,10,51.53401071906855
poi_500_65,poi_500_65,11,52.18658428854128
poi_500_65,poi_500_65,12,52.90125263167202
poi_500_65,poi_500_65,13,53.68837369564459
poi_500_65,poi_500_65,14,54.56101591223961
poi_500_65,poi_500_65,15,55.98450500543439
poi_500_65,poi_500_65,16,57.02615229370941
poi_500_65,poi_500_65,17,58.21860607958497
poi_500_65,poi_500_65,18,51.20178301291403
poi_500_65,poi_500_65,19,52.47110525976779
poi_500_65,poi_500_65,20,53.84662648714219
poi_500_65,poi_500_65,21,57.352205069306834
poi_500_65,poi_500_65,22,57.90699023683135
poi_500_65,poi_500_65,23,58.36546197360243
poi_500_65,poi_500_65,24,58.62911638742882
poi_500_65,poi_500_65,25,56.98519724735044
poi_500_65,poi_500_65,26,56.45984180497148
poi_500_65,poi_500_65,27,57.556356558340475
poi_500_65,poi_500_65,28,60.930845515635255
poi_500_65,poi_500_65,29,60.959380314061065
poi_500_65,poi_500_65,30,57.726522002297706
poi_500_65,poi_500_65,31,57.4325713263181
poi_500_65,poi_500_65,32,57.186170532326415
poi_500_65,poi_500_65,33,58.88072758989489
poi_500_65,poi_500_65,34,59.89605531231313
poi_500_65,poi_500_65,35,59.88371960867163
poi_500_65,poi_500_65,36,59.850835910390174
poi_500_65,poi_500_65,37,57.69789825268444
poi_500_65,poi_500_65,38,57.12824344577648
poi_500_65,poi_500_65,39,58.55541044548456
poi_500_65,poi_500_65,40,61.43498721800222
poi_500_65,poi_500_65,41,61.49347128762643
poi_500_65,poi_500_65,42,58.88009982874188
poi_500_65,poi_500_65,43,58.80218077431942
poi_500_65,poi_500_65,44,58.63485600716153
poi_500_65,poi_500_65,45,60.147264916209615
poi_500_65,poi_500_65,46,61.19368352110385
poi_500_65,poi_500_65,47,61.55577916788475
poi_500_65,poi_500_65,48,59.18186076021452
poi_500_65,poi_500_65,49,58.23214832462548
poi_500_65,poi_500_65,50,58.019881343449775
poi_500_65,poi_500_65,51,59.348333486204794
poi_500_65,poi_500_65,52,61.91016056136824
poi_500_65,poi_500_65,53,61.908622030262805
poi_500_65,poi_500_65,54,59.364403355269516
poi_500_65,poi_500_65,55,58.69391089044953
poi_500_65,poi_500_65,56,57.72976167656341
poi_500_65,poi_500_65,57,58.670560210298135
poi_500_65,poi_500_65,58,61.23117457462194
poi_500_65,poi_500_65,59,60.765730126015214
poi_500_65,poi_500_65,60,60.35951146878554
poi_500_65,poi_500_65,61,57.963840376427164
poi_500_65,poi_500_65,62,56.769202393409344
poi_500_65,poi_500_65,63,57.05504816280178
poi_500_65,poi_500_65,64,60.28567747600132
poi_500_65,poi_500_65,65,59.70860762350438
poi_500_65,poi_500_65,66,59.32789030080011
poi_500_65,poi_500_65,67,56.78185252171311
poi_500_65,poi_500_65,68,56.07984533172483
poi_500_65,poi_500_65,69,57.356694226910314
poi_500_65,poi_500_65,70,58.552694548581925
poi_500_65,poi_500_65,71,58.548352267135286
poi_500_65,poi_500_65,72,58.67205203003745
poi_500_65,poi_500_65,73,56.42926513813954
poi_500_65,poi_500_65,74,56.49776425627834
poi_500_65,poi_500_65,75,58.25068734471983
poi_500_65,poi_500_65,76,59.737182635268766
poi_500_65,poi_500_65,77,60.31388871580205
poi_500_65,poi_500_65,78,57.110523257201294
poi_500_65,poi_500_65,79,57.43520021780179
poi_500_65,poi_500_65,80,57.51354984329069
poi_500_65,poi_500_65,81,59.09597205883976
poi_500_65,poi_500_65,82,60.42249954822795
poi_500_65,poi_500_65,83,60.85087247998659
poi_500_65,poi_500_65,84,57.81942846891016
poi_500_65,poi_500_65,85,57.28618419227619
poi_500_65,poi_500_65,86,56.3014069771464
poi_500_65,poi_500_65,87,58.351052566789136
poi_500_65,poi_500_65,88,61.1770901584125
poi_500_65,poi_500_65,89,60.83111397784387
poi_500_65,poi_500_65,90,60.570267454258556
poi_500_65,poi_500_65,91,59.196044316027915
poi_500_65,poi_500_65,92,58.34027937616102
poi_500_65,poi_500_65,93,59.316384662341605
poi_500_65,poi_500_65,94,61.78069916140438
poi_500_65,poi_500_65,95,61.785602504587665
poi_500_65,poi_500_65,96,59.33086180492508
poi_500_65,poi_500_65,97,58.58210041966602
poi_500_65,poi_500_65,98,58.63485600716153
poi_500_65,poi_500_65,99,60.147264916209615
poi_500_65,poi_500_65,100,61.19368352110385
poi_500_65,poi_500_65,101,61.55577916788475
poi_500_65,poi_500_65,102,59.18186076021452
poi_500_65,poi_500_65,103,58.23214832462548
poi_500_65,poi_500_65,104,58.019881343449775
poi_500_65,poi_500_65,105,59.75779950011201
poi_500_65,poi_500_65,106,62.178290913147016
poi_500_65,poi_500_65,107,62.22228497765707
poi_500_65,poi_500_65,108,60.010324572929974
poi_500_65,poi_500_65,109,59.581098071282675
poi_500_65,poi_500_65,110,59.03104883966058
poi_500_65,poi_500_65,111,59.99122920260595
poi_500_65,poi_500_65,112,62.22129474273962
poi_500_65,poi_500_65,113,62.17492032125563
poi_500_65,poi_500_65,114,59.76974857592384
poi_500_65,poi_500_65,115,58.4681280402165
poi_500_65,poi_500_65,116,57.72976167656341
poi_500_65,poi_500_65,117,59.14552838330876
poi_500_65,poi_500_65,118,61.54308591500352
poi_500_65,poi_500_65,119,61.16954540148772
poi_500_65,poi_500_65,120,60.8807567143582
poi_500_65,poi_500_65,121,58.99549260501482
poi_500_65,poi_500_65,122,58.34027937616102
poi_500_65,poi_500_65,123,58.860735942455946
poi_500_65,poi_500_65,124,61.48597166945408
poi_500_65,poi_500_65,125,61.43739614069358
poi_500_65,poi_500_65,126,58.56536620369583
poi_500_65,poi_500_65,127,57.4325713263181
poi_500_65,poi_500_65,128,57.186170532326415
poi_500_65,poi_500_65,129,58.374088971145184
poi_500_65,poi_500_65,130,59.43238502765888
poi_500_65,poi_500_65,131,59.331584571162246
poi_500_65,poi_500_65,132,59.1787855017039
poi_500_65,poi_500_65,133,56.240553625184184
poi_500_65,poi_500_65,134,54.90060909302841
poi_500_65,poi_500_65,135,56.58350796925369
poi_500_65,poi_500_65,136,60.21833591661228
poi_500_65,poi_500_65,137,59.79183914310113
poi_500_65,poi_500_65,138,59.59345868240235
poi_500_65,poi_500_65,139,58.33730251416023
poi_500_65,poi_500_65,140,57.87197372256763
poi_500_65,poi_500_65,141,58.57739065160469
poi_500_65,poi_500_65,142,59.81234602128201
poi_500_65,poi_500_65,143,60.240164710357014
poi_500_65,poi_500_65,144,56.62841849405804
poi_500_65,poi_500_65,145,55.42492209287451
poi_500_65,poi_500_65,146,55.52624294941814
poi_500_65,poi_500_65,147,57.40675721700463
poi_500_65,poi_500_65,148,58.82059056533812
poi_500_65,poi_500_65,149,58.80364440137975
poi_500_65,poi_500_65,150,58.711063313847106
poi_500_65,poi_500_65,151,56.6113330139528
poi_500_65,poi_500_65,152,54.90060909302841
poi_500_65,poi_500_65,153,55.68508331163568
poi_500_65,poi_500_65,154,59.78952266973319
poi_500_65,poi_500_65,155,59.22709699098047
poi_500_65,poi_500_65,156,58.876803209502455
poi_500_65,poi_500_65,157,57.11078454200677
poi_500_65,poi_500_65,158,56.07984533172483
poi_500_65,poi_500_65,159,56.618069443743764
poi_500_65,poi_500_65,160,57.90791979957251
poi_500_65,poi_500_65,161,57.77891786673737
poi_500_65,poi_500_65,162,57.76722143537968
poi_500_65,poi_500_65,163,54.340716655482495
poi_500_65,poi_500_65,164,53.78977261940026
poi_500_65,poi_500_65,165,55.07417137364502
poi_500_65,poi_500_65,166,57.01067368032653
poi_500_65,poi_500_65,167,57.00275655817775
poi_500_65,poi_500_65,168,57.10556750720354
poi_500_65,poi_500_65,169,54.902268731243296
poi_500_65,poi_500_65,170,53.78977261940026
poi_500_65,poi_500_65,171,56.09348151900517
poi_500_65,poi_500_65,172,57.790824948844495
poi_500_65,poi_500_65,173,57.90802600616804
poi_500_65,poi_500_65,174,58.142778695039866
poi_500_65,poi_500_65,175,56.78490620012138
poi_500_65,poi_500_65,176,56.49776425627834
poi_500_65,poi_500_65,177,57.659331407055475
poi_500_65,poi_500_65,178,59.25524208052348
poi_500_65,poi_500_65,179,59.816924191621304
poi_500_65,poi_500_65,180,55.74701780941767
poi_500_65,poi_500_65,181,55.86851168518124
poi_500_65,poi_500_65,182,55.52624294941814
poi_500_65,poi_500_65,183,57.40675721700463
poi_500_65,poi_500_65,184,58.82059056533812
poi_500_65,poi_500_65,185,58.80364440137975
poi_500_65,poi_500_65,186,58.711063313847106
poi_500_65,poi_500_65,187,56.6113330139528
poi_500_65,poi_500_65,188,54.90060909302841
poi_500_65,poi_500_65,189,55.68508331163568
poi_500_65,poi_500_65,190,59.78952266973319
poi_500_65,poi_500_65,191,59.22709699098047
poi_500_65,poi_500_65,192,58.876803209502455
poi_500_65,poi_500_65,193,57.11078454200677
poi_500_65,poi_500_65,194,56.07984533172483
poi_500_65,poi_500_65,195,57.356694226910314
poi_500_65,poi_500_65,196,58.552694548581925
poi_500_65,poi_500_65,197,58.548352267135286
poi_500_65,poi_500_65,198,58.67205203003745
poi_500_65,poi_500_65,199,56.42926513813954
poi_500_65,poi_500_65,200,56.49776425627834
poi_500_65,poi_500_65,201,58.25068734471983
poi_500_65,poi_500_65,202,59.737182635268766
poi_500_65,poi_500_65,203,60.31388871580205
poi_500_65,poi_500_65,204,57.110523257201294
poi_500_65,poi_500_65,205,57.43520021780179
poi_500_65,poi_500_65,206,57.51354984329069
poi_500_65,poi_500_65,207,59.09597205883976
poi_500_65,poi_500_65,208,60.42249954822795
poi_500_65,poi_500_65,209,60.85087247998659
poi_500_65,poi_500_65,210,57.81942846891016
poi_500_65,poi_500_65,211,57.28618419227619
poi_500_65,poi_500_65,212,56.3014069771464
poi_500_65,poi_500_65,213,57.77414503508549
poi_500_65,poi_500_65,214,60.83665118735527
poi_500_65,poi_500_65,215,60.3928662264708
poi_500_65,poi_500_65,216,60.00778355026465
poi_500_65,poi_500_65,217,58.21662871994729
poi_500_65,poi_500_65,218,56.769202393409344
poi_500_65,poi_500_65,219,57.05504816280178
poi_500_65,poi_500_65,220,60.28567747600132
poi_500_65,poi_500_65,221,59.70860762350438
poi_500_65,poi_500_65,222,59.32789030080011
poi_500_65,poi_500_65,223,56.78185252171311
poi_500_65,poi_500_65,224,56.07984533172483
poi_500_65,poi_500_65,225,57.356694226910314
poi_500_65,poi_500_65,226,58.552694548581925
poi_500_65,poi_500_65,227,58.548352267135286
poi_500_65,poi_500_65,228,58.67205203003745
poi_500_65,poi_500_65,229,56.42926513813954
poi_500_65,poi_500_65,230,56.49776425627834
poi_500_65,poi_500_65,231,57.659331407055475
poi_500_65,poi_500_65,232,59.25524208052348
poi_500_65,poi_500_65,233,59.816924191621304
poi_500_65,poi_500_65,234,55.74701780941767
poi_500_65,poi_500_65,235,55.86851168518124
poi_500_65,poi_500_65,236,55.52624294941814
poi_500_65,poi_500_65,237,58.031093948695116
poi_500_65,poi_500_65,238,59.350284061499956
poi_500_65,poi_500_65,239,59.42228626009612
poi_500_65,poi_500_65,240,59.45334264722333
poi_500_65,poi_500_65,241,57.96616665053466
poi_500_65,poi_500_65,242,57.12824344577648
poi_500_65,poi_500_65,243,58.00677032011113
poi_500_65,poi_500_65,244,61.11491794349254
poi_500_65,poi_500_65,245,61.119965548985256
poi_500_65,poi_500_65,246,58.022071807085254
poi_500_65,poi_500_65,247,57.71719801288428
poi_500_65,poi_500_65,248,57.186170532326415
poi_500_65,poi_500_65,249,58.88072758989489
poi_500_65,poi_500_65,250,59.89605531231313
poi_500_65,poi_500_65,251,59.88371960867163
poi_500_65,poi_500_65,252,59.850835910390174
poi_500_65,poi_500_65,253,57.69789825268444
poi_500_65,poi_500_65,254,57.12824344577648
poi_500_65,poi_500_65,255,58.00677032011113
poi_500_65,poi_500_65,256,61.11491794349254
poi_500_65,poi_500_65,257,61.119965548985256
poi_500_65,poi_500_65,258,58.022071807085254
poi_500_65,poi_500_65,259,57.71719801288428
poi_500_65,poi_500_65,260,57.186170532326415
poi_500_65,poi_500_65,261,58.374088971145184
poi_500_65,poi_500_65,262,59.43238502765888
poi_500_65,poi_500_65,263,59.331584571162246
poi_500_65,poi_500_65,264,59.1787855017039
poi_500_65,poi_500_65,265,56.240553625184184
poi_500_65,poi_500_65,266,54.90060909302841
poi_500_65,poi_500_65,267,56.58350796925369
poi_500_65,poi_500_65,268,60.21833591661228
poi_500_65,poi_500_65,269,59.79183914310113
poi_500_65,poi_500_65,270,59.59345868240235
poi_500_65,poi_500_65,271,58.33730251416023
poi_500_65,poi_500_65,272,57.87197372256763
poi_500_65,poi_500_65,273,58.57739065160469
poi_500_65,poi_500_65,274,59.81234602128201
poi_500_65,poi_500_65,275,60.240164710357014
poi_500_65,poi_500_65,276,56.62841849405804
poi_500_65,poi_500_65,277,55.42492209287451
poi_500_65,poi_500_65,278,55.52624294941814
poi_500_65,poi_500_65,279,58.031093948695116
poi_500_65,poi_500_65,280,59.350284061499956
poi_500_65,poi_500_65,281,59.42228626009612
poi_500_65,poi_500_65,282,59.45334264722333
poi_500_65,poi_500_65,283,57.96616665053466
poi_500_65,poi_500_65,284,57.12824344577648
poi_500_65,poi_500_65,285,58.55541044548456
poi_500_65,poi_500_65,286,61.43498721800222
poi_500_65,poi_500_65,287,61.49347128762643
poi_500_65,poi_500_65,288,58.88009982874188
poi_500_65,poi_500_65,289,58.80218077431942
poi_500_65,poi_500_65,290,58.63485600716153
poi_500_65,poi_500_65,291,59.774474211539264
poi_500_65,poi_500_65,292,60.85459483547552
poi_500_65,poi_500_65,293,61.18782576539101
poi_500_65,poi_500_65,294,58.38704806514258
poi_500_65,poi_500_65,295,56.970756876557644
poi_500_65,poi_500_65,296,56.3014069771464
poi_500_65,poi_500_65,297,58.351052566789136
poi_500_65,poi_500_65,298,61.1770901584125
poi_500_65,poi_500_65,299,60.83111397784387
poi_500_65,poi_500_65,300,60.570267454258556
poi_500_65,poi_500_65,301,59.196044316027915
poi_500_65,poi_500_65,302,58.34027937616102
poi_500_65,poi_500_65,303,58.860735942455946
poi_500_65,poi_500_65,304,61.48597166945408
poi_500_65,poi_500_65,305,61.43739614069358
poi_500_65,poi_500_65,306,58.56536620369583
poi_500_65,poi_500_65,307,57.4325713263181
poi_500_65,poi_500_65,308,57.186170532326415
poi_500_65,poi_500_65,309,58.374088971145184
poi_500_65,poi_500_65,310,59.43238502765888
poi_500_65,poi_500_65,311,59.331584571162246
poi_500_65,poi_500_65,312,59.1787855017039
poi_500_65,poi_500_65,313,56.240553625184184
poi_500_65,poi_500_65,314,54.90060909302841
poi_500_65,poi_500_65,315,56.58350796925369
poi_500_65,poi_500_65,316,60.21833591661228
poi_500_65,poi_500_65,317,59.79183914310113
poi_500_65,poi_500_65,318,59.59345868240235
poi_500_65,poi_500_65,319,58.33730251416023
poi_500_65,poi_500_65,320,57.87197372256763
poi_500_65,poi_500_65,321,59.062104269882425
poi_500_65,poi_500_65,322,60.23901852084998
poi_500_65,poi_500_65,323,60.69330481099408
poi_500_65,poi_500_65,324,57.77147721373459
poi_500_65,poi_500_65,325,57.13079423451772
poi_500_65,poi_500_65,326,57.51354984329069
poi_500_65,poi_500_65,327,59.09597205883976
poi_500_65,poi_500_65,328,60.42249954822795
poi_500_65,poi_500_65,329,60.85087247998659
poi_500_65,poi_500_65,330,57.81942846891016
poi_500_65,poi_500_65,331,57.28618419227619
poi_500_65,poi_500_65,332,56.3014069771464
poi_500_65,poi_500_65,333,57.77414503508549
poi_500_65,poi_500_65,334,60.83665118735527
poi_500_65,poi_500_65,335,60.3928662264708
poi_500_65,poi_500_65,336,60.00778355026465
poi_500_65,poi_500_65,337,58.21662871994729
poi_500_65,poi_500_65,338,56.769202393409344
poi_500_65,poi_500_65,339,57.05504816280178
poi_500_65,poi_500_65,340,60.28567747600132
poi_500_65,poi_500_65,341,59.70860762350438
poi_500_65,poi_500_65,342,59.32789030080011
poi_500_65,poi_500_65,343,56.78185252171311
poi_500_65,poi_500_65,344,56.07984533172483
poi_500_65,poi_500_65,345,56.618069443743764
poi_500_65,poi_500_65,346,57.90791979957251
poi_500_65,poi_500_65,347,57.77891786673737
poi_500_65,poi_500_65,348,57.76722143537968
poi_500_65,poi_500_65,349,54.340716655482495
poi_500_65,poi_500_65,350,53.78977261940026
poi_500_65,poi_500_65,351,55.07417137364502
poi_500_65,poi_500_65,352,57.01067368032653
poi_500_65,poi_500_65,353,57.00275655817775
poi_500_65,poi_500_65,354,57.10556750720354
poi_500_65,poi_500_65,355,54.902268731243296
poi_500_65,poi_500_65,356,53.78977261940026
poi_500_65,poi_500_65,357,56.09348151900517
poi_500_65,poi_500_65,358,57.790824948844495
poi_500_65,poi_500_65,359,57.90802600616804
poi_500_65,poi_500_65,360,58.142778695039866
poi_500_65,poi_500_65,361,56.78490620012138
poi_500_65,poi_500_65,362,56.49776425627834
poi_500_65,poi_500_65,363,58.25068734471983
poi_500_65,poi_500_65,364,59.737182635268766
poi_500_65,poi_500_65,365,60.31388871580205
poi_500_65,poi_500_65,366,57.110523257201294
poi_500_65,poi_500_65,367,57.43520021780179
poi_500_65,poi_500_65,368,57.51354984329069
poi_500_65,poi_500_65,369,59.09597205883976
poi_500_65,poi_500_65,370,60.42249954822795
poi_500_65,poi_500_65,371,60.85087247998659
poi_500_65,poi_500_65,372,57.81942846891016
poi_500_65,poi_500_65,373,57.28618419227619
poi_500_65,poi_500_65,374,56.3014069771464
poi_500_65,poi_500_65,375,57.77414503508549
poi_500_65,poi_500_65,376,60.83665118735527
poi_500_65,poi_500_65,377,60.3928662264708
poi_500_65,poi_500_65,378,60.00778355026465
poi_500_65,poi_500_65,379,58.21662871994729
poi_500_65,poi_500_65,380,56.769202393409344
poi_500_65,poi_500_65,381,57.728164474915516
poi_500_65,poi_500_65,382,60.67018307090141
poi_500_65,poi_500_65,383,60.217415086024815
poi_500_65,poi_500_65,384,59.97887583963799
poi_500_65,poi_500_65,385,58.09164122881948
poi_500_65,poi_500_65,386,57.87197372256763
poi_500_65,poi_500_65,387,59.062104269882425
poi_500_65,poi_500_65,388,60.23901852084998
poi_500_65,poi_500_65,389,60.69330481099408
poi_500_65,poi_500_65,390,57.77147721373459
poi_500_65,poi_500_65,391,57.13079423451772
poi_500_65,poi_500_65,392,57.51354984329069
poi_500_65,poi_500_65,393,59.52875422650897
poi_500_65,poi_500_65,394,60.79557796068968
poi_500_65,poi_500_65,395,61.24719512742459
poi_500_65,poi_500_65,396,58.71448812294199
poi_500_65,poi_500_65,397,58.47019934910942
poi_500_65,poi_500_65,398,58.019881343449775
poi_500_65,poi_500_65,399,59.75779950011201
poi_500_65,poi_500_65,400,62.178290913147016
poi_500_65,poi_500_65,401,62.22228497765707
poi_500_65,poi_500_65,402,60.010324572929974
poi_500_65,poi_500_65,403,59.581098071282675
poi_500_65,poi_500_65,404,59.03104883966058
poi_500_65,poi_500_65,405,59.99122920260595
poi_500_65,poi_500_65,406,62.22129474273962
poi_500_65,poi_500_65,407,62.17492032125563
poi_500_65,poi_500_65,408,59.76974857592384
poi_500_65,poi_500_65,409,58.4681280402165
poi_500_65,poi_500_65,410,57.72976167656341
poi_500_65,poi_500_65,411,59.14552838330876
poi_500_65,poi_500_65,412,61.54308591500352
poi_500_65,poi_500_65,413,61.16954540148772
poi_500_65,poi_500_65,414,60.8807567143582
poi_500_65,poi_500_65,415,58.99549260501482
poi_500_65,poi_500_65,416,58.34027937616102
poi_500_65,poi_500_65,417,59.316384662341605
poi_500_65,poi_500_65,418,61.78069916140438
poi_500_65,poi_500_65,419,61.785602504587665
poi_500_65,poi_500_65,420,59.33086180492508
poi_500_65,poi_500_65,421,58.58210041966602
poi_500_65,poi_500_65,422,58.63485600716153
poi_500_65,poi_500_65,423,60.147264916209615
poi_500_65,poi_500_65,424,61.19368352110385
poi_500_65,poi_500_65,425,61.55577916788475
poi_500_65,poi_500_65,426,59.18186076021452
poi_500_65,poi_500_65,427,58.23214832462548
poi_500_65,poi_500_65,428,58.019881343449775
poi_500_65,poi_500_65,429,59.75779950011201
poi_500_65,poi_500_65,430,62.178290913147016
poi_500_65,poi_500_65,431,62.22228497765707
poi_500_65,poi_500_65,432,60.010324572929974
poi_500_65,poi_500_65,433,59.581098071282675
poi_500_65,poi_500_65,434,59.03104883966058
poi_500_65,poi_500_65,435,59.99122920260595
poi_500_65,poi_500_65,436,62.22129474273962
poi_500_65,poi_500_65,437,62.17492032125563
poi_500_65,poi_500_65,438,59.76974857592384
poi_500_65,poi_500_65,439,58.4681280402165
poi_500_65,poi_500_65,440,57.72976167656341
poi_500_65,poi_500_65,441,59.14552838330876
poi_500_65,poi_500_65,442,61.54308591500352
poi_500_65,poi_500_65,443,61.16954540148772
poi_500_65,poi_500_65,444,60.8807567143582
poi_500_65,poi_500_65,445,58.99549260501482
poi_500_65,poi_500_65,446,58.34027937616102
poi_500_65,poi_500_65,447,59.316384662341605
poi_500_65,poi_500_65,448,61.78069916140438
poi_500_65,poi_500_65,449,61.785602504587665
poi_500_65,poi_500_65,450,59.33086180492508
poi_500_65,poi_500_65,451,58.58210041966602
poi_500_65,poi_500_65,452,58.63485600716153
poi_500_65,poi_500_65,453,60.147264916209615
poi_500_65,poi_500_65,454,61.19368352110385
poi_500_65,poi_500_65,455,61.55577916788475
poi_500_65,poi_500_65,456,59.18186076021452
poi_500_65,poi_500_65,457,58.23214832462548
poi_500_65,poi_500_65,458,58.019881343449775
poi_500_65,poi_500_65,459,59.348333486204794
poi_500_65,poi_500_65,460,61.91016056136824
poi_500_65,poi_500_65,461,61.908622030262805
poi_500_65,poi_500_65,462,59.364403355269516
poi_500_65,poi_500_65,463,58.69391089044953
poi_500_65,poi_500_65,464,57.72976167656341
poi_500_65,poi_500_65,465,59.14552838330876
poi_500_65,poi_500_65,466,61.54308591500352
poi_500_65,poi_500_65,467,61.16954540148772
poi_500_65,poi_500_65,468,60.8807567143582
poi_500_65,poi_500_65,469,58.99549260501482
poi_500_65,poi_500_65,470,58.34027937616102
poi_500_65,poi_500_65,471,58.860735942455946
poi_500_65,poi_500_65,472,61.48597166945408
poi_500_65,poi_500_65,473,61.43739614069358
poi_500_65,poi_500_65,474,58.56536620369583
poi_500_65,poi_500_65,475,57.4325713263181
poi_500_65,poi_500_65,476,57.186170532326415
poi_500_65,poi_500_65,477,58.88072758989489
poi_500_65,poi_500_65,478,59.89605531231313
poi_500_65,poi_500_65,479,59.88371960867163
poi_500_65,poi_500_65,480,59.850835910390174
poi_500_65,poi_500_65,481,57.69789825268444
poi_500_65,poi_500_65,482,57.12824344577648
poi_500_65,poi_500_65,483,58.00677032011113
poi_500_65,poi_500_65,484,61.11491794349254
poi_500_65,poi_500_65,485,61.119965548985256
poi_500_65,poi_500_65,486,58.022071807085254
poi_500_65,poi_500_65,487,57.71719801288428
poi_500_65,poi_500_65,488,57.186170532326415
poi_500_65,poi_500_65,489,58.374088971145184
poi_500_65,poi_500_65,490,59.43238502765888
poi_500_65,poi_500_65,491,59.331584571162246
poi_500_65,poi_500_65,492,59.1787855017039
poi_500_65,poi_500_65,493,56.240553625184184
poi_500_65,poi_500_65,494,54.90060909302841
poi_500_65,poi_500_65,495,56.58350796925369
poi_500_65,poi_500_65,496,60.21833591661228
poi_500_65,poi_500_65,497,59.79183914310113
poi_500_65,poi_500_65,498,59.59345868240235
poi_500_65,poi_500_65,499,58.33730251416023
poi_500_65,poi_500_65,500,57.87197372256763
poi_500_65,poi_500_65,501,59.062104269882425
poi_500_65,poi_500_65,502,60.23901852084998
poi_500_65,poi_500_65,503,60.69330481099408
poi_500_65,poi_500_65,504,57.77147721373459
poi_500_65,poi_500_65,505,57.13079423451772
poi_500_65,poi_500_65,506,57.51354984329069
poi_500_65,poi_500_65,507,59.09597205883976
poi_500_65,poi_500_65,508,60.42249954822795
poi_500_65,poi_500_65,509,60.85087247998659
poi_500_65,poi_500_65,510,57.81942846891016
poi_500_65,poi_500_65,511,57.28618419227619
poi_500_65,poi_500_65,512,56.3014069771464
poi_500_65,poi_500_65,513,57.77414503508549
poi_500_65,poi_500_65,514,60.83665118735527
poi_500_65,poi_500_65,515,60.3928662264708
poi_500_65,poi_500_65,516,60.00778355026465
poi_500_65,poi_500_65,517,58.21662871994729
poi_500_65,poi_500_65,518,56.769202393409344
poi_500_65,poi_500_65,519,57.05504816280178
poi_500_65,poi_500_65,520,60.28567747600132
poi_500_65,poi_500_65,521,59.70860762350438
poi_500_65,poi_500_65,522,59.32789030080011
poi_500_65,poi_500_65,523,56.78185252171311
poi_500_65,poi_500_65,524,56.07984533172483
poi_500_65,poi_500_65,525,57.356694226910314
poi_500_65,poi_500_65,526,58.552694548581925
poi_500_65,poi_500_65,527,58.548352267135286
poi_500_65,poi_500_65,528,58.67205203003745
poi_500_65,poi_500_65,529,56.42926513813954
poi_500_65,poi_500_65,530,56.49776425627834
poi_500_65,poi_500_65,531,58.25068734471983
poi_500_65,poi_500_65,532,59.737182635268766
poi_500_65,poi_500_65,533,60.31388871580205
poi_500_65,poi_500_65,534,57.110523257201294
poi_500_65,poi_500_65,535,57.43520021780179
poi_500_65,poi_500_65,536,57.51354984329069
poi_500_65,poi_500_65,537,59.52875422650897
poi_500_65,poi_500_65,538,60.79557796068968
poi_500_65,poi_500_65,539,61.24719512742459
poi_500_65,poi_500_65,540,58.71448812294199
poi_500_65,poi_500_65,541,58.47019934910942
poi_500_65,poi_500_65,542,58.019881343449775
poi_500_65,poi_500_65,543,59.348333486204794
poi_500_65,poi_500_65,544,61.91016056136824
poi_500_65,poi_500_65,545,61.908622030262805
poi_500_65,poi_500_65,546,59.364403355269516
poi_500_65,poi_500_65,547,58.69391089044953
poi_500_65,poi_500_65,548,57.72976167656341
poi_500_65,poi_500_65,549,59.14552838330876
poi_500_65,poi_500_65,550,61.54308591500352
poi_500_65,poi_500_65,551,61.16954540148772
poi_500_65,poi_500_65,552,60.8807567143582
poi_500_65,poi_500_65,553,58.99549260501482
poi_500_65,poi_500_65,554,58.34027937616102
poi_500_65,poi_500_65,555,59.316384662341605
poi_500_65,poi_500_65,556,61.78069916140438
poi_500_65,poi_500_65,557,61.785602504587665
poi_500_65,poi_500_65,558,59.33086180492508
poi_500_65,poi_500_65,559,58.58210041966602
poi_500_65,poi_500_65,560,58.63485600716153
poi_500_65,poi_500_65,561,60.147264916209615
poi_500_65,poi_500_65,562,61.19368352110385
poi_500_65,poi_500_65,563,61.55577916788475
poi_500_65,poi_500_65,564,59.18186076021452
poi_500_65,poi_500_65,565,58.23214832462548
poi_500_65,poi_500_65,566,58.019881343449775
poi_500_65,poi_500_65,567,59.348333486204794
poi_500_65,poi_500_65,568,61.91016056136824
poi_500_65,poi_500_65,569,61.908622030262805
poi_500_65,poi_500_65,570,59.364403355269516
poi_500_65,poi_500_65,571,58.69391089044953
poi_500_65,poi_500_65,572,57.72976167656341
poi_500_65,poi_500_65,573,58.670560210298135
poi_500_65,poi_500_65,574,61.23117457462194
poi_500_65,poi_500_65,575,60.765730126015214
poi_500_65,poi_500_65,576,60.35951146878554
poi_500_65,poi_500_65,577,57.963840376427164
poi_500_65,poi_500_65,578,56.769202393409344
poi_500_65,poi_500_65,579,57.05504816280178
poi_500_65,poi_500_65,580,60.28567747600132
poi_500_65,poi_500_65,581,59.70860762350438
poi_500_65,poi_500_65,582,59.32789030080011
poi_500_65,poi_500_65,583,56.78185252171311
poi_500_65,poi_500_65,584,56.07984533172483
poi_500_65,poi_500_65,585,56.618069443743764
poi_500_65,poi_500_65,586,57.90791979957251
poi_500_65,poi_500_65,587,57.77891786673737
poi_500_65,poi_500_65,588,57.76722143537968
poi_500_65,poi_500_65,589,54.340716655482495
poi_500_65,poi_500_65,590,53.78977261940026
poi_500_65,poi_500_65,591,55.07417137364502
poi_500_65,poi_500_65,592,57.01067368032653
poi_500_65,poi_500_65,593,57.00275655817775
poi_500_65,poi_500_65,594,57.10556750720354
poi_500_65,poi_500_65,595,54.902268731243296
poi_500_65,poi_500_65,596,53.78977261940026
poi_500_65,poi_500_65,597,56.09348151900517
poi_500_65,poi_500_65,598,57.790824948844495
poi_500_65,poi_500_65,599,57.90802600616804
