sensor_id,receiver_id,time_index,value_db
poi_500_115,poi_500_115,0,40.0
poi_500_115,poi_500_115,1,40.0
poi_500_115,poi_500_115,2,40.0
poi_500_115,poi_500_115,3,40.0
poi_500_115,poi_500_115,4,40.0
poi_500_115,poi_500_115,5,40.0
poi_500_115,poi_500_115,6,40.0
poi_500_115,poi_500_115,7,40.0
poi_500_115,poi_500_115,8,40.0
poi_500_115,poi_500_115,9,50.70975410460015
poi_500_115,poi_500_115,10,51.270519401770606
poi_500_115,poi_500_115,11,51.87562068659175
poi_500_115,poi_500_115,12,52.53010658058807
poi_500_115,poi_500_115,13,53.23958542986525
poi_500_115,poi_500_115,14,54.01005792219671
poi_500_115,poi_500_115,15,55.34922504697255
poi_500_115,poi_500_115,16,56.21008480943824
poi_500_115,poi_500_115,17,54.96032411558609
poi_500_115,poi_500_115,18,55.22040856371127
poi_500_115,poi_500_115,19,56.02567379517939
poi_500_115,poi_500_115,20,56.85109277839784
poi_500_115,poi_500_115,21,58.45795893905127
poi_500_115,poi_500_115,22,59.16103741461113
poi_500_115,poi_500_115,23,59.49875953396137
poi_500_115,poi_500_115,24,59.796271054243945
poi_500_115,poi_500_115,25,59.92062173736908
poi_500_115,poi_500_115,26,59.895695825907744
poi_500_115,poi_500_115,27,60.006004930373635
poi_500_115,poi_500_115,28,60.0493293409128
poi_500_115,poi_500_115,29,59.295095114621574
poi_500_115,poi_500_115,30,59.12893937406433
poi_500_115,poi_500_115,31,59.21382677357584
poi_500_115,poi_500_115,32,59.3662225927243
poi_500_115,poi_500_115,33,60.11824085965756
poi_500_115,poi_500_115,34,60.42233901304933
poi_500_115,poi_500_115,35,60.520082017156824
poi_500_115,poi_500_115,36,60.63027763257124
poi_500_115,poi_500_115,37,60.630384543480446
poi_500_115,poi_500_115,38,60.52411066312628
poi_500_115,poi_500_115,39,60.84812279824152
poi_500_115,poi_500_115,40,60.87472828315094
poi_500_115,poi_500_115,41,60.27265599378113
poi_500_115,poi_500_115,42,59.92340140877162
poi_500_115,poi_500_115,43,60.08127130589587
poi_500_115,poi_500_115,44,60.320128389892595
poi_500_115,poi_500_115,45,61.06450184166824
poi_500_115,poi_500_115,46,61.47329992114202
poi_500_115,poi_500_115,47,61.28952672818393
poi_500_115,poi_500_115,48,61.336007777328085
poi_500_115,poi_500_115,49,61.47869783406136
poi_500_115,poi_500_115,50,61.56360753383624
poi_500_115,poi_500_115,51,61.77497695231131
poi_500_115,poi_500_115,52,61.94891354033955
poi_500_115,poi_500_115,53,61.60259861171477
poi_500_115,poi_500_115,54,61.35898892840422
poi_500_115,poi_500_115,55,61.340646356574275
poi_500_115,poi_500_115,56,61.262640924606195
poi_500_115,poi_500_115,57,61.31027838584876
poi_500_115,poi_500_115,58,61.29463109743619
poi_500_115,poi_500_115,59,61.135520820895934
poi_500_115,poi_500_115,60,60.92661757174472
poi_500_115,poi_500_115,61,60.70784365938954
poi_500_115,poi_500_115,62,60.370781366160784
poi_500_115,poi_500_115,63,60.14017478256332
poi_500_115,poi_500_115,64,59.80539710256765
poi_500_115,poi_500_115,65,59.2925514546073
poi_500_115,poi_500_115,66,58.612569504404625
poi_500_115,poi_500_115,67,58.35020462177094
poi_500_115,poi_500_115,68,58.10938996695196
poi_500_115,poi_500_115,69,58.67376109954399
poi_500_115,poi_500_115,70,58.67768839497352
poi_500_115,poi_500_115,71,58.46823419143323
poi_500_115,poi_500_115,72,58.09485434056402
poi_500_115,poi_500_115,73,58.21603303740886
poi_500_115,poi_500_115,74,58.36444742074289
poi_500_115,poi_500_115,75,59.23939808638338
poi_500_115,poi_500_115,76,59.59961403718904
poi_500_115,poi_500_115,77,59.08661049804769
poi_500_115,poi_500_115,78,58.89003471473952
poi_500_115,poi_500_115,79,59.2827444171709
poi_500_115,poi_500_115,80,59.705667943151795
poi_500_115,poi_500_115,81,60.32756181348886
poi_500_115,poi_500_115,82,60.82969707474267
poi_500_115,poi_500_115,83,60.61416871482429
poi_500_115,poi_500_115,84,60.6421879206608
poi_500_115,poi_500_115,85,60.75736945586777
poi_500_115,poi_500_115,86,60.77507650227262
poi_500_115,poi_500_115,87,61.18415287183514
poi_500_115,poi_500_115,88,61.26778780436971
poi_500_115,poi_500_115,89,61.20628686988464
poi_500_115,poi_500_115,90,61.10524395144115
poi_500_115,poi_500_115,91,61.01250567263514
poi_500_115,poi_500_115,92,60.84024803573555
poi_500_115,poi_500_115,93,61.087393671911975
poi_500_115,poi_500_115,94,61.069791843793965
poi_500_115,poi_500_115,95,60.45751502518687
poi_500_115,poi_500_115,96,60.24052989115491
poi_500_115,poi_500_115,97,60.34899091686568
poi_500_115,poi_500_115,98,60.54355509377736
poi_500_115,poi_500_115,99,61.23188339746471
poi_500_115,poi_500_115,100,61.60925902422694
poi_500_115,poi_500_115,101,61.4165273993289
poi_500_115,poi_500_115,102,61.336007777328085
poi_500_115,poi_500_115,103,61.47869783406136
poi_500_115,poi_500_115,104,61.56360753383624
poi_500_115,poi_500_115,105,62.000907179706
poi_500_115,poi_500_115,106,62.19817961581437
poi_500_115,poi_500_115,107,61.9141679083434
poi_500_115,poi_500_115,108,61.74296413028528
poi_500_115,poi_500_115,109,61.795423556399655
poi_500_115,poi_500_115,110,61.814352002015525
poi_500_115,poi_500_115,111,61.96927645742203
poi_500_115,poi_500_115,112,62.101977044650205
poi_500_115,poi_500_115,113,61.73945384757203
poi_500_115,poi_500_115,114,61.58916995496436
poi_500_115,poi_500_115,115,61.54251319701472
poi_500_115,poi_500_115,116,61.443372949147424
poi_500_115,poi_500_115,117,61.710607822214946
poi_500_115,poi_500_115,118,61.71572362569766
poi_500_115,poi_500_115,119,61.602690996221185
poi_500_115,poi_500_115,120,61.348892878419136
poi_500_115,poi_500_115,121,61.22982590940093
poi_500_115,poi_500_115,122,61.03902479047237
poi_500_115,poi_500_115,123,60.98423717541105
poi_500_115,poi_500_115,124,60.90410578740112
poi_500_115,poi_500_115,125,60.18474510551357
poi_500_115,poi_500_115,126,59.68736582942738
poi_500_115,poi_500_115,127,59.700469804944106
poi_500_115,poi_500_115,128,59.78712173675145
poi_500_115,poi_500_115,129,60.111685467773995
poi_500_115,poi_500_115,130,60.33721286729352
poi_500_115,poi_500_115,131,60.35148422809829
poi_500_115,poi_500_115,132,60.12745710718232
poi_500_115,poi_500_115,133,60.02552555993179
poi_500_115,poi_500_115,134,59.76396785089254
poi_500_115,poi_500_115,135,59.97429639054004
poi_500_115,poi_500_115,136,59.76752582930513
poi_500_115,poi_500_115,137,59.40026447649095
poi_500_115,poi_500_115,138,58.91263941878479
poi_500_115,poi_500_115,139,58.861963269256876
poi_500_115,poi_500_115,140,58.87270539719668
poi_500_115,poi_500_115,141,59.17946416525491
poi_500_115,poi_500_115,142,59.42299271749398
poi_500_115,poi_500_115,143,58.7451517341305
poi_500_115,poi_500_115,144,58.58834321934908
poi_500_115,poi_500_115,145,58.82085255784428
poi_500_115,poi_500_115,146,59.08560587049142
poi_500_115,poi_500_115,147,59.57601220554305
poi_500_115,poi_500_115,148,59.91184453831265
poi_500_115,poi_500_115,149,59.99157478932415
poi_500_115,poi_500_115,150,59.801641779112806
poi_500_115,poi_500_115,151,59.736400622074086
poi_500_115,poi_500_115,152,59.4952241742945
poi_500_115,poi_500_115,153,59.36278763978865
poi_500_115,poi_500_115,154,59.088609109970996
poi_500_115,poi_500_115,155,58.594446986558395
poi_500_115,poi_500_115,156,58.14318446778454
poi_500_115,poi_500_115,157,57.91801756109379
poi_500_115,poi_500_115,158,57.71014689610526
poi_500_115,poi_500_115,159,57.826722354974834
poi_500_115,poi_500_115,160,57.78393407779215
poi_500_115,poi_500_115,161,57.44512148782513
poi_500_115,poi_500_115,162,57.14737470812486
poi_500_115,poi_500_115,163,57.09962613644095
poi_500_115,poi_500_115,164,57.03315252771968
poi_500_115,poi_500_115,165,57.30316628482717
poi_500_115,poi_500_115,166,57.35714844219747
poi_500_115,poi_500_115,167,57.066993256385814
poi_500_115,poi_500_115,168,56.474389281515684
poi_500_115,poi_500_115,169,56.51308787847803
poi_500_115,poi_500_115,170,56.51469027441345
poi_500_115,poi_500_115,171,57.54022974406808
poi_500_115,poi_500_115,172,57.72345790191131
poi_500_115,poi_500_115,173,57.60887646663634
poi_500_115,poi_500_115,174,57.56225487910946
poi_500_115,poi_500_115,175,57.769564396195214
poi_500_115,poi_500_115,176,57.98899059273131
poi_500_115,poi_500_115,177,58.505097977991475
poi_500_115,poi_500_115,178,58.891631907841116
poi_500_115,poi_500_115,179,58.21396925811227
poi_500_115,poi_500_115,180,58.11618446080497
poi_500_115,poi_500_115,181,58.43508805387387
poi_500_115,poi_500_115,182,58.769738920064896
poi_500_115,poi_500_115,183,59.328691853901034
poi_500_115,poi_500_115,184,59.70933014668705
poi_500_115,poi_500_115,185,59.814236105887446
poi_500_115,poi_500_115,186,59.801641779112806
poi_500_115,poi_500_115,187,59.736400622074086
poi_500_115,poi_500_115,188,59.4952241742945
poi_500_115,poi_500_115,189,59.36278763978865
poi_500_115,poi_500_115,190,59.088609109970996
poi_500_115,poi_500_115,191,58.594446986558395
poi_500_115,poi_500_115,192,58.14318446778454
poi_500_115,poi_500_115,193,57.91801756109379
poi_500_115,poi_500_115,194,57.71014689610526
poi_500_115,poi_500_115,195,58.36727424183085
poi_500_115,poi_500_115,196,58.406498133744506
poi_500_115,poi_500_115,197,58.214170842371985
poi_500_115,poi_500_115,198,58.09485434056402
poi_500_115,poi_500_115,199,58.21603303740886
poi_500_115,poi_500_115,200,58.36444742074289
poi_500_115,poi_500_115,201,59.23939808638338
poi_500_115,poi_500_115,202,59.59961403718904
poi_500_115,poi_500_115,203,59.08661049804769
poi_500_115,poi_500_115,204,58.89003471473952
poi_500_115,poi_500_115,205,59.2827444171709
poi_500_115,poi_500_115,206,59.705667943151795
poi_500_115,poi_500_115,207,60.32756181348886
poi_500_115,poi_500_115,208,60.82969707474267
poi_500_115,poi_500_115,209,60.61416871482429
poi_500_115,poi_500_115,210,60.6421879206608
poi_500_115,poi_500_115,211,60.75736945586777
poi_500_115,poi_500_115,212,60.77507650227262
poi_500_115,poi_500_115,213,60.909970696999764
poi_500_115,poi_500_115,214,60.95679115747045
poi_500_115,poi_500_115,215,60.837153443010685
poi_500_115,poi_500_115,216,60.65730118741024
poi_500_115,poi_500_115,217,60.46196920064187
poi_500_115,poi_500_115,218,60.1380397088542
poi_500_115,poi_500_115,219,59.923747151493515
poi_500_115,poi_500_115,220,59.59773561311088
poi_500_115,poi_500_115,221,59.083486930372295
poi_500_115,poi_500_115,222,58.612569504404625
poi_500_115,poi_500_115,223,58.35020462177094
poi_500_115,poi_500_115,224,58.10938996695196
poi_500_115,poi_500_115,225,58.67376109954399
poi_500_115,poi_500_115,226,58.67768839497352
poi_500_115,poi_500_115,227,58.46823419143323
poi_500_115,poi_500_115,228,58.09485434056402
poi_500_115,poi_500_115,229,58.21603303740886
poi_500_115,poi_500_115,230,58.36444742074289
poi_500_115,poi_500_115,231,58.80233131566104
poi_500_115,poi_500_115,232,59.134946554105284
poi_500_115,poi_500_115,233,58.46804406184375
poi_500_115,poi_500_115,234,58.11618446080497
poi_500_115,poi_500_115,235,58.43508805387387
poi_500_115,poi_500_115,236,58.769738920064896
poi_500_115,poi_500_115,237,59.71803775724115
poi_500_115,poi_500_115,238,60.11905934799783
poi_500_115,poi_500_115,239,60.27635294474783
poi_500_115,poi_500_115,240,60.34129651007257
poi_500_115,poi_500_115,241,60.37995538459132
poi_500_115,poi_500_115,242,60.299655021124245
poi_500_115,poi_500_115,243,60.35467392256797
poi_500_115,poi_500_115,244,60.358112952292586
poi_500_115,poi_500_115,245,59.625055445141456
poi_500_115,poi_500_115,246,59.32531590670039
poi_500_115,poi_500_115,247,59.38804711244343
poi_500_115,poi_500_115,248,59.519851910642075
poi_500_115,poi_500_115,249,60.23746661533003
poi_500_115,poi_500_115,250,60.525507162953794
poi_500_115,poi_500_115,251,60.61428471027372
poi_500_115,poi_500_115,252,60.63027763257124
poi_500_115,poi_500_115,253,60.630384543480446
poi_500_115,poi_500_115,254,60.52411066312628
poi_500_115,poi_500_115,255,60.5511127735523
poi_500_115,poi_500_115,256,60.53308343170575
poi_500_115,poi_500_115,257,59.81012388784131
poi_500_115,poi_500_115,258,59.32531590670039
poi_500_115,poi_500_115,259,59.38804711244343
poi_500_115,poi_500_115,260,59.519851910642075
poi_500_115,poi_500_115,261,59.89379708971943
poi_500_115,poi_500_115,262,60.15399777930508
poi_500_115,poi_500_115,263,60.18851762073332
poi_500_115,poi_500_115,264,60.12745710718232
poi_500_115,poi_500_115,265,60.02552555993179
poi_500_115,poi_500_115,266,59.76396785089254
poi_500_115,poi_500_115,267,59.97429639054004
poi_500_115,poi_500_115,268,59.76752582930513
poi_500_115,poi_500_115,269,59.40026447649095
poi_500_115,poi_500_115,270,58.91263941878479
poi_500_115,poi_500_115,271,58.861963269256876
poi_500_115,poi_500_115,272,58.87270539719668
poi_500_115,poi_500_115,273,59.17946416525491
poi_500_115,poi_500_115,274,59.42299271749398
poi_500_115,poi_500_115,275,58.7451517341305
poi_500_115,poi_500_115,276,58.58834321934908
poi_500_115,poi_500_115,277,58.82085255784428
poi_500_115,poi_500_115,278,59.08560587049142
poi_500_115,poi_500_115,279,59.94469409226619
poi_500_115,poi_500_115,280,60.30372329932668
poi_500_115,poi_500_115,281,60.436115965460374
poi_500_115,poi_500_115,282,60.34129651007257
poi_500_115,poi_500_115,283,60.37995538459132
poi_500_115,poi_500_115,284,60.299655021124245
poi_500_115,poi_500_115,285,60.66494701394611
poi_500_115,poi_500_115,286,60.713243969668056
poi_500_115,poi_500_115,287,60.10664661431669
poi_500_115,poi_500_115,288,59.92340140877162
poi_500_115,poi_500_115,289,60.08127130589587
poi_500_115,poi_500_115,290,60.320128389892595
poi_500_115,poi_500_115,291,60.78240660684115
poi_500_115,poi_500_115,292,61.17717880173561
poi_500_115,poi_500_115,293,60.9277012752912
poi_500_115,poi_500_115,294,60.9124145345815
poi_500_115,poi_500_115,295,60.98749665177578
poi_500_115,poi_500_115,296,60.97678991996428
poi_500_115,poi_500_115,297,61.34707014264172
poi_500_115,poi_500_115,298,61.410228372807474
poi_500_115,poi_500_115,299,61.335708938268354
poi_500_115,poi_500_115,300,61.10524395144115
poi_500_115,poi_500_115,301,61.01250567263514
poi_500_115,poi_500_115,302,60.84024803573555
poi_500_115,poi_500_115,303,60.806830414533614
poi_500_115,poi_500_115,304,60.743730486984724
poi_500_115,poi_500_115,305,60.01527399019149
poi_500_115,poi_500_115,306,59.68736582942738
poi_500_115,poi_500_115,307,59.700469804944106
poi_500_115,poi_500_115,308,59.78712173675145
poi_500_115,poi_500_115,309,60.111685467773995
poi_500_115,poi_500_115,310,60.33721286729352
poi_500_115,poi_500_115,311,60.35148422809829
poi_500_115,poi_500_115,312,60.12745710718232
poi_500_115,poi_500_115,313,60.02552555993179
poi_500_115,poi_500_115,314,59.76396785089254
poi_500_115,poi_500_115,315,59.97429639054004
poi_500_115,poi_500_115,316,59.76752582930513
poi_500_115,poi_500_115,317,59.40026447649095
poi_500_115,poi_500_115,318,58.91263941878479
poi_500_115,poi_500_115,319,58.861963269256876
poi_500_115,poi_500_115,320,58.87270539719668
poi_500_115,poi_500_115,321,59.5818091145074
poi_500_115,poi_500_115,322,59.859288266634096
poi_500_115,poi_500_115,323,59.32793361829232
poi_500_115,poi_500_115,324,59.28855150927612
poi_500_115,poi_500_115,325,59.60255935485361
poi_500_115,poi_500_115,326,59.9620675184153
poi_500_115,poi_500_115,327,60.52520325460429
poi_500_115,poi_500_115,328,60.9869852667659
poi_500_115,poi_500_115,329,60.76217695545385
poi_500_115,poi_500_115,330,60.6421879206608
poi_500_115,poi_500_115,331,60.75736945586777
poi_500_115,poi_500_115,332,60.77507650227262
poi_500_115,poi_500_115,333,60.909970696999764
poi_500_115,poi_500_115,334,60.95679115747045
poi_500_115,poi_500_115,335,60.837153443010685
poi_500_115,poi_500_115,336,60.65730118741024
poi_500_115,poi_500_115,337,60.46196920064187
poi_500_115,poi_500_115,338,60.1380397088542
poi_500_115,poi_500_115,339,59.923747151493515
poi_500_115,poi_500_115,340,59.59773561311088
poi_500_115,poi_500_115,341,59.083486930372295
poi_500_115,poi_500_115,342,58.612569504404625
poi_500_115,poi_500_115,343,58.35020462177094
poi_500_115,poi_500_115,344,58.10938996695196
poi_500_115,poi_500_115,345,58.172255954629264
poi_500_115,poi_500_115,346,58.09545790483217
poi_500_115,poi_500_115,347,57.74673050738248
poi_500_115,poi_500_115,348,57.14737470812486
poi_500_115,poi_500_115,349,57.09962613644095
poi_500_115,poi_500_115,350,57.03315252771968
poi_500_115,poi_500_115,351,57.30316628482717
poi_500_115,poi_500_115,352,57.35714844219747
poi_500_115,poi_500_115,353,57.066993256385814
poi_500_115,poi_500_115,354,56.474389281515684
poi_500_115,poi_500_115,355,56.51308787847803
poi_500_115,poi_500_115,356,56.51469027441345
poi_500_115,poi_500_115,357,57.54022974406808
poi_500_115,poi_500_115,358,57.72345790191131
poi_500_115,poi_500_115,359,57.60887646663634
poi_500_115,poi_500_115,360,57.56225487910946
poi_500_115,poi_500_115,361,57.769564396195214
poi_500_115,poi_500_115,362,57.98899059273131
poi_500_115,poi_500_115,363,58.97151885140795
poi_500_115,poi_500_115,364,59.38161893716503
poi_500_115,poi_500_115,365,58.8671325817237
poi_500_115,poi_500_115,366,58.89003471473952
poi_500_115,poi_500_115,367,59.2827444171709
poi_500_115,poi_500_115,368,59.705667943151795
poi_500_115,poi_500_115,369,60.32756181348886
poi_500_115,poi_500_115,370,60.82969707474267
poi_500_115,poi_500_115,371,60.61416871482429
poi_500_115,poi_500_115,372,60.6421879206608
poi_500_115,poi_500_115,373,60.75736945586777
poi_500_115,poi_500_115,374,60.77507650227262
poi_500_115,poi_500_115,375,60.909970696999764
poi_500_115,poi_500_115,376,60.95679115747045
poi_500_115,poi_500_115,377,60.837153443010685
poi_500_115,poi_500_115,378,60.65730118741024
poi_500_115,poi_500_115,379,60.46196920064187
poi_500_115,poi_500_115,380,60.1380397088542
poi_500_115,poi_500_115,381,60.265145237510566
poi_500_115,poi_500_115,382,60.01762995612982
poi_500_115,poi_500_115,383,59.62520110865975
poi_500_115,poi_500_115,384,59.30917898522058
poi_500_115,poi_500_115,385,59.21303348014013
poi_500_115,poi_500_115,386,59.181428419174544
poi_500_115,poi_500_115,387,59.81549691853479
poi_500_115,poi_500_115,388,60.05508195291882
poi_500_115,poi_500_115,389,59.525812445422716
poi_500_115,poi_500_115,390,59.28855150927612
poi_500_115,poi_500_115,391,59.60255935485361
poi_500_115,poi_500_115,392,59.9620675184153
poi_500_115,poi_500_115,393,60.823930754670826
poi_500_115,poi_500_115,394,61.29590206501643
poi_500_115,poi_500_115,395,61.137468450348386
poi_500_115,poi_500_115,396,61.09161413711621
poi_500_115,poi_500_115,397,61.27377124315722
poi_500_115,poi_500_115,398,61.38791165698102
poi_500_115,poi_500_115,399,61.86113102560025
poi_500_115,poi_500_115,400,62.07969920155545
poi_500_115,poi_500_115,401,61.80109757916688
poi_500_115,poi_500_115,402,61.74296413028528
poi_500_115,poi_500_115,403,61.795423556399655
poi_500_115,poi_500_115,404,61.814352002015525
poi_500_115,poi_500_115,405,61.96927645742203
poi_500_115,poi_500_115,406,62.101977044650205
poi_500_115,poi_500_115,407,61.73945384757203
poi_500_115,poi_500_115,408,61.58916995496436
poi_500_115,poi_500_115,409,61.54251319701472
poi_500_115,poi_500_115,410,61.443372949147424
poi_500_115,poi_500_115,411,61.710607822214946
poi_500_115,poi_500_115,412,61.71572362569766
poi_500_115,poi_500_115,413,61.602690996221185
poi_500_115,poi_500_115,414,61.348892878419136
poi_500_115,poi_500_115,415,61.22982590940093
poi_500_115,poi_500_115,416,61.03902479047237
poi_500_115,poi_500_115,417,61.25391192981262
poi_500_115,poi_500_115,418,61.218763927493576
poi_500_115,poi_500_115,419,60.61086462706414
poi_500_115,poi_500_115,420,60.24052989115491
poi_500_115,poi_500_115,421,60.34899091686568
poi_500_115,poi_500_115,422,60.54355509377736
poi_500_115,poi_500_115,423,61.23188339746471
poi_500_115,poi_500_115,424,61.60925902422694
poi_500_115,poi_500_115,425,61.4165273993289
poi_500_115,poi_500_115,426,61.336007777328085
poi_500_115,poi_500_115,427,61.47869783406136
poi_500_115,poi_500_115,428,61.56360753383624
poi_500_115,poi_500_115,429,62.000907179706
poi_500_115,poi_500_115,430,62.19817961581437
poi_500_115,poi_500_115,431,61.9141679083434
poi_500_115,poi_500_115,432,61.74296413028528
poi_500_115,poi_500_115,433,61.795423556399655
poi_500_115,poi_500_115,434,61.814352002015525
poi_500_115,poi_500_115,435,61.96927645742203
poi_500_115,poi_500_115,436,62.101977044650205
poi_500_115,poi_500_115,437,61.73945384757203
poi_500_115,poi_500_115,438,61.58916995496436
poi_500_115,poi_500_115,439,61.54251319701472
poi_500_115,poi_500_115,440,61.443372949147424
poi_500_115,poi_500_115,441,61.710607822214946
poi_500_115,poi_500_115,442,61.71572362569766
poi_500_115,poi_500_115,443,61.602690996221185
poi_500_115,poi_500_115,444,61.348892878419136
poi_500_115,poi_500_115,445,61.22982590940093
poi_500_115,poi_500_115,446,61.03902479047237
poi_500_115,poi_500_115,447,61.25391192981262
poi_500_115,poi_500_115,448,61.218763927493576
poi_500_115,poi_500_115,449,60.61086462706414
poi_500_115,poi_500_115,450,60.24052989115491
poi_500_115,poi_500_115,451,60.34899091686568
poi_500_115,poi_500_115,452,60.54355509377736
poi_500_115,poi_500_115,453,61.23188339746471
poi_500_115,poi_500_115,454,61.60925902422694
poi_500_115,poi_500_115,455,61.4165273993289
poi_500_115,poi_500_115,456,61.336007777328085
poi_500_115,poi_500_115,457,61.47869783406136
poi_500_115,poi_500_115,458,61.56360753383624
poi_500_115,poi_500_115,459,61.77497695231131
poi_500_115,poi_500_115,460,61.94891354033955
poi_500_115,poi_500_115,461,61.60259861171477
poi_500_115,poi_500_115,462,61.35898892840422
poi_500_115,poi_500_115,463,61.340646356574275
poi_500_115,poi_500_115,464,61.262640924606195
poi_500_115,poi_500_115,465,61.561000849832766
poi_500_115,poi_500_115,466,61.58310774583329
poi_500_115,poi_500_115,467,61.48109459214048
poi_500_115,poi_500_115,468,61.348892878419136
poi_500_115,poi_500_115,469,61.22982590940093
poi_500_115,poi_500_115,470,61.03902479047237
poi_500_115,poi_500_115,471,60.98423717541105
poi_500_115,poi_500_115,472,60.90410578740112
poi_500_115,poi_500_115,473,60.18474510551357
poi_500_115,poi_500_115,474,59.68736582942738
poi_500_115,poi_500_115,475,59.700469804944106
poi_500_115,poi_500_115,476,59.78712173675145
poi_500_115,poi_500_115,477,60.43915624629604
poi_500_115,poi_500_115,478,60.69398855922969
poi_500_115,poi_500_115,479,60.762289064413444
poi_500_115,poi_500_115,480,60.63027763257124
poi_500_115,poi_500_115,481,60.630384543480446
poi_500_115,poi_500_115,482,60.52411066312628
poi_500_115,poi_500_115,483,60.5511127735523
poi_500_115,poi_500_115,484,60.53308343170575
poi_500_115,poi_500_115,485,59.81012388784131
poi_500_115,poi_500_115,486,59.32531590670039
poi_500_115,poi_500_115,487,59.38804711244343
poi_500_115,poi_500_115,488,59.519851910642075
poi_500_115,poi_500_115,489,59.89379708971943
poi_500_115,poi_500_115,490,60.15399777930508
poi_500_115,poi_500_115,491,60.18851762073332
poi_500_115,poi_500_115,492,60.12745710718232
poi_500_115,poi_500_115,493,60.02552555993179
poi_500_115,poi_500_115,494,59.76396785089254
poi_500_115,poi_500_115,495,59.97429639054004
poi_500_115,poi_500_115,496,59.76752582930513
poi_500_115,poi_500_115,497,59.40026447649095
poi_500_115,poi_500_115,498,58.91263941878479
poi_500_115,poi_500_115,499,58.861963269256876
poi_500_115,poi_500_115,500,58.87270539719668
poi_500_115,poi_500_115,501,59.5818091145074
poi_500_115,poi_500_115,502,59.859288266634096
poi_500_115,poi_500_115,503,59.32793361829232
poi_500_115,poi_500_115,504,59.28855150927612
poi_500_115,poi_500_115,505,59.60255935485361
poi_500_115,poi_500_115,506,59.9620675184153
poi_500_115,poi_500_115,507,60.52520325460429
poi_500_115,poi_500_115,508,60.9869852667659
poi_500_115,poi_500_115,509,60.76217695545385
poi_500_115,poi_500_115,510,60.6421879206608
poi_500_115,poi_500_115,511,60.75736945586777
poi_500_115,poi_500_115,512,60.77507650227262
poi_500_115,poi_500_115,513,60.909970696999764
poi_500_115,poi_500_115,514,60.95679115747045
poi_500_115,poi_500_115,515,60.837153443010685
poi_500_115,poi_500_115,516,60.65730118741024
poi_500_115,poi_500_115,517,60.46196920064187
poi_500_115,poi_500_115,518,60.1380397088542
poi_500_115,poi_500_115,519,59.923747151493515
poi_500_115,poi_500_115,520,59.59773561311088
poi_500_115,poi_500_115,521,59.083486930372295
poi_500_115,poi_500_115,522,58.612569504404625
poi_500_115,poi_500_115,523,58.35020462177094
poi_500_115,poi_500_115,524,58.10938996695196
poi_500_115,poi_500_115,525,58.67376109954399
poi_500_115,poi_500_115,526,58.67768839497352
poi_500_115,poi_500_115,527,58.46823419143323
poi_500_115,poi_500_115,528,58.09485434056402
poi_500_115,poi_500_115,529,58.21603303740886
poi_500_115,poi_500_115,530,58.36444742074289
poi_500_115,poi_500_115,531,59.23939808638338
poi_500_115,poi_500_115,532,59.59961403718904
poi_500_115,poi_500_115,533,59.08661049804769
poi_500_115,poi_500_115,534,58.89003471473952
poi_500_115,poi_500_115,535,59.2827444171709
poi_500_115,poi_500_115,536,59.705667943151795
poi_500_115,poi_500_115,537,60.63970974556866
poi_500_115,poi_500_115,538,61.149597300907566
poi_500_115,poi_500_115,539,61.00190649688646
poi_500_115,poi_500_115,540,61.09161413711621
poi_500_115,poi_500_115,541,61.27377124315722
poi_500_115,poi_500_115,542,61.38791165698102
poi_500_115,poi_500_115,543,61.62760880704109
poi_500_115,poi_500_115,544,61.823331777191896
poi_500_115,poi_500_115,545,61.48099958441645
poi_500_115,poi_500_115,546,61.35898892840422
poi_500_115,poi_500_115,547,61.340646356574275
poi_500_115,poi_500_115,548,61.262640924606195
poi_500_115,poi_500_115,549,61.561000849832766
poi_500_115,poi_500_115,550,61.58310774583329
poi_500_115,poi_500_115,551,61.48109459214048
poi_500_115,poi_500_115,552,61.348892878419136
poi_500_115,poi_500_115,553,61.22982590940093
poi_500_115,poi_500_115,554,61.03902479047237
poi_500_115,poi_500_115,555,61.25391192981262
poi_500_115,poi_500_115,556,61.218763927493576
poi_500_115,poi_500_115,557,60.61086462706414
poi_500_115,poi_500_115,558,60.24052989115491
poi_500_115,poi_500_115,559,60.34899091686568
poi_500_115,poi_500_115,560,60.54355509377736
poi_500_115,poi_500_115,561,61.23188339746471
poi_500_115,poi_500_115,562,61.60925902422694
poi_500_115,poi_500_115,563,61.4165273993289
poi_500_115,poi_500_115,564,61.336007777328085
poi_500_115,poi_500_115,565,61.47869783406136
poi_500_115,poi_500_115,566,61.56360753383624
poi_500_115,poi_500_115,567,61.77497695231131
poi_500_115,poi_500_115,568,61.94891354033955
poi_500_115,poi_500_115,569,61.60259861171477
poi_500_115,poi_500_115,570,61.35898892840422
poi_500_115,poi_500_115,571,61.340646356574275
poi_500_115,poi_500_115,572,61.262640924606195
poi_500_115,poi_500_115,573,61.31027838584876
poi_500_115,poi_500_115,574,61.29463109743619
poi_500_115,poi_500_115,575,61.135520820895934
poi_500_115,poi_500_115,576,60.92661757174472
poi_500_115,poi_500_115,577,60.70784365938954
poi_500_115,poi_500_115,578,60.370781366160784
poi_500_115,poi_500_115,579,60.14017478256332
poi_500_115,poi_500_115,580,59.80539710256765
poi_500_115,poi_500_115,581,59.2925514546073
poi_500_115,poi_500_115,582,58.612569504404625
poi_500_115,poi_500_115,583,58.35020462177094
poi_500_115,poi_500_115,584,58.10938996695196
poi_500_115,poi_500_115,585,58.172255954629264
poi_500_115,poi_500_115,586,58.09545790483217
poi_500_115,poi_500_115,587,57.74673050738248
poi_500_115,poi_500_115,588,57.14737470812486
poi_500_115,poi_500_115,589,57.09962613644095
poi_500_115,poi_500_115,590,57.03315252771968
poi_500_115,poi_500_115,591,57.30316628482717
poi_500_115,poi_500_115,592,57.35714844219747
poi_500_115,poi_500_115,593,57.066993256385814
poi_500_115,poi_500_115,594,56.474389281515684
poi_500_115,poi_500_115,595,56.51308787847803
poi_500_115,poi_500_115,596,56.51469027441345
poi_500_115,poi_500_115,597,57.54022974406808
poi_500_115,poi_500_115,598,57.72345790191131
poi_500_115,poi_500_115,599,57.60887646663634
poi_500_165,poi_500_165,0,40.0
poi_500_165,poi_500_165,1,40.0
poi_500_165,poi_500_165,2,40.0
poi_500_165,poi_500_165,3,40.0
poi_500_165,poi_500_165,4,40.0
poi_500_165,poi_500_165,5,40.0
poi_500_165,poi_500_165,6,40.0
poi_500_165,poi_500_165,7,40.0
poi_500_165,poi_500_165,8,40.0
poi_500_165,poi_500_165,9,40.0
poi_500_165,poi_500_165,10,50.88646293782105
poi_500_165,poi_500_165,11,51.42819954842316
poi_500_165,poi_500_165,12,52.004628822045575
poi_500_165,poi_500_165,13,52.61697266302846
poi_500_165,poi_500_165,14,53.26536652952428
poi_500_165,poi_500_165,15,53.94796654357191
poi_500_165,poi_500_165,16,55.19893637876778
poi_500_165,poi_500_165,17,53.83010424894203
poi_500_165,poi_500_165,18,53.900395450675234
poi_500_165,poi_500_165,19,54.450553804890404
poi_500_165,poi_500_165,20,54.98352004282512
poi_500_165,poi_500_165,21,55.47772433135668
poi_500_165,poi_500_165,22,57.096487570689206
poi_500_165,poi_500_165,23,57.18838682143528
poi_500_165,poi_500_165,24,57.41043496374533
poi_500_165,poi_500_165,25,57.615736547116406
poi_500_165,poi_500_165,26,57.77263950909007
poi_500_165,poi_500_165,27,57.913855187448256
poi_500_165,poi_500_165,28,58.32615192409701
poi_500_165,poi_500_165,29,57.53537792588618
poi_500_165,poi_500_165,30,57.37218264519229
poi_500_165,poi_500_165,31,57.43384575112958
poi_500_165,poi_500_165,32,57.519352813537
poi_500_165,poi_500_165,33,57.619713353031045
poi_500_165,poi_500_165,34,58.53749562867048
poi_500_165,poi_500_165,35,58.473083064706216
poi_500_165,poi_500_165,36,58.523887694617784
poi_500_165,poi_500_165,37,58.58361921862294
poi_500_165,poi_500_165,38,58.623713862390446
poi_500_165,poi_500_165,39,58.66685830847609
poi_500_165,poi_500_165,40,59.397747570096826
poi_500_165,poi_500_165,41,58.45142517356632
poi_500_165,poi_500_165,42,58.39303544530721
poi_500_165,poi_500_165,43,58.535821013244956
poi_500_165,poi_500_165,44,58.71897499451379
poi_500_165,poi_500_165,45,58.93678371480866
poi_500_165,poi_500_165,46,59.77859810208808
poi_500_165,poi_500_165,47,59.26987714105098
poi_500_165,poi_500_165,48,59.30885861858977
poi_500_165,poi_500_165,49,59.4597807895838
poi_500_165,poi_500_165,50,59.59672559976295
poi_500_165,poi_500_165,51,59.73098081799557
poi_500_165,poi_500_165,52,60.041002398881474
poi_500_165,poi_500_165,53,59.242643463931145
poi_500_165,poi_500_165,54,59.142751276145106
poi_500_165,poi_500_165,55,59.147769098595155
poi_500_165,poi_500_165,56,59.12798354482472
poi_500_165,poi_500_165,57,59.0903448819204
poi_500_165,poi_500_165,58,59.24362679107608
poi_500_165,poi_500_165,59,58.86956950987901
poi_500_165,poi_500_165,60,58.7148235563346
poi_500_165,poi_500_165,61,58.55658370943493
poi_500_165,poi_500_165,62,58.361367402452444
poi_500_165,poi_500_165,63,58.142463134878454
poi_500_165,poi_500_165,64,58.18146275886009
poi_500_165,poi_500_165,65,57.28148385966708
poi_500_165,poi_500_165,66,57.01338942472227
poi_500_165,poi_500_165,67,56.81460454062006
poi_500_165,poi_500_165,68,56.638265680190976
poi_500_165,poi_500_165,69,56.49041428328915
poi_500_165,poi_500_165,70,57.45667542688451
poi_500_165,poi_500_165,71,56.6977380021101
poi_500_165,poi_500_165,72,56.72781481463922
poi_500_165,poi_500_165,73,56.85491963058364
poi_500_165,poi_500_165,74,57.02285512872763
poi_500_165,poi_500_165,75,57.237637595782815
poi_500_165,poi_500_165,76,58.35954288473913
poi_500_165,poi_500_165,77,57.29679507870511
poi_500_165,poi_500_165,78,57.38595844334596
poi_500_165,poi_500_165,79,57.70345028970924
poi_500_165,poi_500_165,80,58.036021946181215
poi_500_165,poi_500_165,81,58.378426218108686
poi_500_165,poi_500_165,82,58.94162094090919
poi_500_165,poi_500_165,83,58.3029029911863
poi_500_165,poi_500_165,84,58.31175866877406
poi_500_165,poi_500_165,85,58.43433930103028
poi_500_165,poi_500_165,86,58.51099972398571
poi_500_165,poi_500_165,87,58.55263823846242
poi_500_165,poi_500_165,88,59.250733394383175
poi_500_165,poi_500_165,89,59.00076622831299
poi_500_165,poi_500_165,90,58.98070492163982
poi_500_165,poi_500_165,91,58.97335632379588
poi_500_165,poi_500_165,92,58.955362868761824
poi_500_165,poi_500_165,93,58.948077632721414
poi_500_165,poi_500_165,94,59.602062772896645
poi_500_165,poi_500_165,95,58.87960869978119
poi_500_165,poi_500_165,96,58.77786619347059
poi_500_165,poi_500_165,97,58.867981662704864
poi_500_165,poi_500_165,98,59.00419845965892
poi_500_165,poi_500_165,99,59.18073936264648
poi_500_165,poi_500_165,100,59.96058682820541
poi_500_165,poi_500_165,101,59.26987714105098
poi_500_165,poi_500_165,102,59.30885861858977
poi_500_165,poi_500_165,103,59.4597807895838
poi_500_165,poi_500_165,104,59.59672559976295
poi_500_165,poi_500_165,105,59.73098081799557
poi_500_165,poi_500_165,106,60.388036027437494
poi_500_165,poi_500_165,107,59.71346237052416
poi_500_165,poi_500_165,108,59.693378327763746
poi_500_165,poi_500_165,109,59.78087647913913
poi_500_165,poi_500_165,110,59.86380661175575
poi_500_165,poi_500_165,111,59.95261707473553
poi_500_165,poi_500_165,112,60.21775404012169
poi_500_165,poi_500_165,113,59.602378140587845
poi_500_165,poi_500_165,114,59.46879628591371
poi_500_165,poi_500_165,115,59.43769713033875
poi_500_165,poi_500_165,116,59.38832394810469
poi_500_165,poi_500_165,117,59.326051093779
poi_500_165,poi_500_165,118,59.84439576286989
poi_500_165,poi_500_165,119,59.38022938366677
poi_500_165,poi_500_165,120,59.31867506805293
poi_500_165,poi_500_165,121,59.27476177503661
poi_500_165,poi_500_165,122,59.22593728352372
poi_500_165,poi_500_165,123,59.191417115961904
poi_500_165,poi_500_165,124,59.39087769528885
poi_500_165,poi_500_165,125,58.3022309139952
poi_500_165,poi_500_165,126,58.08724171493506
poi_500_165,poi_500_165,127,58.072433762423344
poi_500_165,poi_500_165,128,58.08922576915036
poi_500_165,poi_500_165,129,58.12886368633579
poi_500_165,poi_500_165,130,58.42442759462174
poi_500_165,poi_500_165,131,57.83468352121021
poi_500_165,poi_500_165,132,57.78794549481737
poi_500_165,poi_500_165,133,57.72858662420685
poi_500_165,poi_500_165,134,57.61446963290801
poi_500_165,poi_500_165,135,57.46284752896713
poi_500_165,poi_500_165,136,58.190536368597854
poi_500_165,poi_500_165,137,57.46936363526945
poi_500_165,poi_500_165,138,57.401233098384324
poi_500_165,poi_500_165,139,57.4231850687019
poi_500_165,poi_500_165,140,57.49454300530115
poi_500_165,poi_500_165,141,57.623700385472134
poi_500_165,poi_500_165,142,58.08462360513712
poi_500_165,poi_500_165,143,57.10112540678173
poi_500_165,poi_500_165,144,56.99668516574029
poi_500_165,poi_500_165,145,57.135506228749016
poi_500_165,poi_500_165,146,57.28930326770791
poi_500_165,poi_500_165,147,57.44694016606062
poi_500_165,poi_500_165,148,57.87554882842944
poi_500_165,poi_500_165,149,57.2823339889174
poi_500_165,poi_500_165,150,57.29885714792543
poi_500_165,poi_500_165,151,57.29161747006485
poi_500_165,poi_500_165,152,57.21662318533735
poi_500_165,poi_500_165,153,57.09539391607259
poi_500_165,poi_500_165,154,57.28038340494891
poi_500_165,poi_500_165,155,56.64837231661568
poi_500_165,poi_500_165,156,56.42203150590597
poi_500_165,poi_500_165,157,56.26859772527001
poi_500_165,poi_500_165,158,56.13411653052603
poi_500_165,poi_500_165,159,56.02564892713413
poi_500_165,poi_500_165,160,56.355999690777885
poi_500_165,poi_500_165,161,55.69737789086102
poi_500_165,poi_500_165,162,55.5603624518535
poi_500_165,poi_500_165,163,55.511386422889046
poi_500_165,poi_500_165,164,55.4751584488453
poi_500_165,poi_500_165,165,55.45618663638102
poi_500_165,poi_500_165,166,55.91268891477679
poi_500_165,poi_500_165,167,54.7533945926784
poi_500_165,poi_500_165,168,54.709694586084545
poi_500_165,poi_500_165,169,54.75683851496528
poi_500_165,poi_500_165,170,54.80365412408102
poi_500_165,poi_500_165,171,54.85747574566712
poi_500_165,poi_500_165,172,56.36980638303544
poi_500_165,poi_500_165,173,55.96544659020715
poi_500_165,poi_500_165,174,56.09318480996695
poi_500_165,poi_500_165,175,56.31428541957176
poi_500_165,poi_500_165,176,56.56377523464609
poi_500_165,poi_500_165,177,56.84972709494889
poi_500_165,poi_500_165,178,57.48786570758769
poi_500_165,poi_500_165,179,56.43901568483882
poi_500_165,poi_500_165,180,56.4028851986123
poi_500_165,poi_500_165,181,56.630743524829484
poi_500_165,poi_500_165,182,56.85894319602479
poi_500_165,poi_500_165,183,57.07807925997032
poi_500_165,poi_500_165,184,57.57749259623022
poi_500_165,poi_500_165,185,57.2823339889174
poi_500_165,poi_500_165,186,57.29885714792543
poi_500_165,poi_500_165,187,57.29161747006485
poi_500_165,poi_500_165,188,57.21662318533735
poi_500_165,poi_500_165,189,57.09539391607259
poi_500_165,poi_500_165,190,57.28038340494891
poi_500_165,poi_500_165,191,56.64837231661568
poi_500_165,poi_500_165,192,56.42203150590597
poi_500_165,poi_500_165,193,56.26859772527001
poi_500_165,poi_500_165,194,56.13411653052603
poi_500_165,poi_500_165,195,56.02564892713413
poi_500_165,poi_500_165,196,57.127267331178395
poi_500_165,poi_500_165,197,56.6977380021101
poi_500_165,poi_500_165,198,56.72781481463922
poi_500_165,poi_500_165,199,56.85491963058364
poi_500_165,poi_500_165,200,57.02285512872763
poi_500_165,poi_500_165,201,57.237637595782815
poi_500_165,poi_500_165,202,58.35954288473913
poi_500_165,poi_500_165,203,57.2967950787051
poi_500_165,poi_500_165,204,57.38595844334596
poi_500_165,poi_500_165,205,57.70345028970924
poi_500_165,poi_500_165,206,58.036021946181215
poi_500_165,poi_500_165,207,58.378426218108686
poi_500_165,poi_500_165,208,58.94162094090919
poi_500_165,poi_500_165,209,58.3029029911863
poi_500_165,poi_500_165,210,58.31175866877406
poi_500_165,poi_500_165,211,58.43433930103028
poi_500_165,poi_500_165,212,58.51099972398571
poi_500_165,poi_500_165,213,58.55263823846242
poi_500_165,poi_500_165,214,58.794177990704966
poi_500_165,poi_500_165,215,58.440344425548865
poi_500_165,poi_500_165,216,58.32410499881369
poi_500_165,poi_500_165,217,58.19868696807171
poi_500_165,poi_500_165,218,58.028857441567936
poi_500_165,poi_500_165,219,57.83020245304343
poi_500_165,poi_500_165,220,57.90434033114267
poi_500_165,poi_500_165,221,57.28148385966708
poi_500_165,poi_500_165,222,57.01338942472227
poi_500_165,poi_500_165,223,56.81460454062006
poi_500_165,poi_500_165,224,56.638265680190976
poi_500_165,poi_500_165,225,56.49041428328915
poi_500_165,poi_500_165,226,57.456675426884516
poi_500_165,poi_500_165,227,56.6977380021101
poi_500_165,poi_500_165,228,56.72781481463922
poi_500_165,poi_500_165,229,56.85491963058364
poi_500_165,poi_500_165,230,57.02285512872763
poi_500_165,poi_500_165,231,57.237637595782815
poi_500_165,poi_500_165,232,57.79192432039814
poi_500_165,poi_500_165,233,56.43901568483882
poi_500_165,poi_500_165,234,56.4028851986123
poi_500_165,poi_500_165,235,56.630743524829484
poi_500_165,poi_500_165,236,56.85894319602479
poi_500_165,poi_500_165,237,57.07807925997032
poi_500_165,poi_500_165,238,58.17195916842788
poi_500_165,poi_500_165,239,58.00051612015733
poi_500_165,poi_500_165,240,58.114754983245845
poi_500_165,poi_500_165,241,58.22803698641305
poi_500_165,poi_500_165,242,58.31141383773981
poi_500_165,poi_500_165,243,58.39126734035597
poi_500_165,poi_500_165,244,58.72662110686722
poi_500_165,poi_500_165,245,57.80958616702449
poi_500_165,poi_500_165,246,57.63249264606734
poi_500_165,poi_500_165,247,57.670317656659094
poi_500_165,poi_500_165,248,57.73431081561174
poi_500_165,poi_500_165,249,57.81558747675199
poi_500_165,poi_500_165,250,58.68668714700484
poi_500_165,poi_500_165,251,58.473083064706216
poi_500_165,poi_500_165,252,58.523887694617784
poi_500_165,poi_500_165,253,58.58361921862294
poi_500_165,poi_500_165,254,58.623713862390446
poi_500_165,poi_500_165,255,58.66685830847609
poi_500_165,poi_500_165,256,58.95718650141798
poi_500_165,poi_500_165,257,57.80958616702449
poi_500_165,poi_500_165,258,57.63249264606734
poi_500_165,poi_500_165,259,57.670317656659094
poi_500_165,poi_500_165,260,57.73431081561174
poi_500_165,poi_500_165,261,57.81558747675199
poi_500_165,poi_500_165,262,58.162846621828585
poi_500_165,poi_500_165,263,57.83468352121021
poi_500_165,poi_500_165,264,57.78794549481737
poi_500_165,poi_500_165,265,57.72858662420685
poi_500_165,poi_500_165,266,57.61446963290801
poi_500_165,poi_500_165,267,57.46284752896713
poi_500_165,poi_500_165,268,58.190536368597854
poi_500_165,poi_500_165,269,57.46936363526945
poi_500_165,poi_500_165,270,57.401233098384324
poi_500_165,poi_500_165,271,57.4231850687019
poi_500_165,poi_500_165,272,57.49454300530115
poi_500_165,poi_500_165,273,57.623700385472134
poi_500_165,poi_500_165,274,58.08462360513712
poi_500_165,poi_500_165,275,57.10112540678173
poi_500_165,poi_500_165,276,56.99668516574029
poi_500_165,poi_500_165,277,57.135506228749016
poi_500_165,poi_500_165,278,57.28930326770791
poi_500_165,poi_500_165,279,57.44694016606062
poi_500_165,poi_500_165,280,58.43300800936739
poi_500_165,poi_500_165,281,58.00051612015733
poi_500_165,poi_500_165,282,58.114754983245845
poi_500_165,poi_500_165,283,58.22803698641305
poi_500_165,poi_500_165,284,58.31141383773981
poi_500_165,poi_500_165,285,58.39126734035597
poi_500_165,poi_500_165,286,59.189965321522806
poi_500_165,poi_500_165,287,58.45142517356632
poi_500_165,poi_500_165,288,58.39303544530721
poi_500_165,poi_500_165,289,58.535821013244956
poi_500_165,poi_500_165,290,58.71897499451379
poi_500_165,poi_500_165,291,58.93678371480866
poi_500_165,poi_500_165,292,59.376793838457466
poi_500_165,poi_500_165,293,58.7452491055053
poi_500_165,poi_500_165,294,58.70354086079733
poi_500_165,poi_500_165,295,58.77405358035968
poi_500_165,poi_500_165,296,58.80974371463749
poi_500_165,poi_500_165,297,58.81847834273646
poi_500_165,poi_500_165,298,59.45569558498258
poi_500_165,poi_500_165,299,59.00076622831299
poi_500_165,poi_500_165,300,58.98070492163982
poi_500_165,poi_500_165,301,58.97335632379588
poi_500_165,poi_500_165,302,58.955362868761824
poi_500_165,poi_500_165,303,58.948077632721414
poi_500_165,poi_500_165,304,59.182758497947134
poi_500_165,poi_500_165,305,58.3022309139952
poi_500_165,poi_500_165,306,58.08724171493506
poi_500_165,poi_500_165,307,58.072433762423344
poi_500_165,poi_500_165,308,58.08922576915036
poi_500_165,poi_500_165,309,58.12886368633579
poi_500_165,poi_500_165,310,58.42442759462174
poi_500_165,poi_500_165,311,57.83468352121021
poi_500_165,poi_500_165,312,57.78794549481737
poi_500_165,poi_500_165,313,57.72858662420685
poi_500_165,poi_500_165,314,57.61446963290801
poi_500_165,poi_500_165,315,57.46284752896713
poi_500_165,poi_500_165,316,58.190536368597854
poi_500_165,poi_500_165,317,57.46936363526945
poi_500_165,poi_500_165,318,57.401233098384324
poi_500_165,poi_500_165,319,57.4231850687019
poi_500_165,poi_500_165,320,57.49454300530115
poi_500_165,poi_500_165,321,57.623700385472134
poi_500_165,poi_500_165,322,58.617423748825345
poi_500_165,poi_500_165,323,57.84742008692196
poi_500_165,poi_500_165,324,57.86585257814024
poi_500_165,poi_500_165,325,58.102646530073514
poi_500_165,poi_500_165,326,58.36800424570392
poi_500_165,poi_500_165,327,58.65480782780469
poi_500_165,poi_500_165,328,59.16132688407559
poi_500_165,poi_500_165,329,58.3029029911863
poi_500_165,poi_500_165,330,58.31175866877406
poi_500_165,poi_500_165,331,58.43433930103028
poi_500_165,poi_500_165,332,58.51099972398571
poi_500_165,poi_500_165,333,58.55263823846242
poi_500_165,poi_500_165,334,58.794177990704966
poi_500_165,poi_500_165,335,58.440344425548865
poi_500_165,poi_500_165,336,58.32410499881369
poi_500_165,poi_500_165,337,58.19868696807171
poi_500_165,poi_500_165,338,58.028857441567936
poi_500_165,poi_500_165,339,57.83020245304343
poi_500_165,poi_500_165,340,57.90434033114267
poi_500_165,poi_500_165,341,57.28148385966708
poi_500_165,poi_500_165,342,57.01338942472227
poi_500_165,poi_500_165,343,56.81460454062006
poi_500_165,poi_500_165,344,56.638265680190976
poi_500_165,poi_500_165,345,56.49041428328915
poi_500_165,poi_500_165,346,56.74662285716905
poi_500_165,poi_500_165,347,55.69737789086102
poi_500_165,poi_500_165,348,55.5603624518535
poi_500_165,poi_500_165,349,55.511386422889046
poi_500_165,poi_500_165,350,55.4751584488453
poi_500_165,poi_500_165,351,55.45618663638102
poi_500_165,poi_500_165,352,55.91268891477679
poi_500_165,poi_500_165,353,54.7533945926784
poi_500_165,poi_500_165,354,54.709694586084545
poi_500_165,poi_500_165,355,54.75683851496528
poi_500_165,poi_500_165,356,54.80365412408102
poi_500_165,poi_500_165,357,54.85747574566712
poi_500_165,poi_500_165,358,56.36980638303544
poi_500_165,poi_500_165,359,55.96544659020715
poi_500_165,poi_500_165,360,56.09318480996695
poi_500_165,poi_500_165,361,56.31428541957176
poi_500_165,poi_500_165,362,56.56377523464609
poi_500_165,poi_500_165,363,56.84972709494889
poi_500_165,poi_500_165,364,58.093901592761796
poi_500_165,poi_500_165,365,57.2967950787051
poi_500_165,poi_500_165,366,57.38595844334596
poi_500_165,poi_500_165,367,57.70345028970924
poi_500_165,poi_500_165,368,58.036021946181215
poi_500_165,poi_500_165,369,58.378426218108686
poi_500_165,poi_500_165,370,58.94162094090919
poi_500_165,poi_500_165,371,58.3029029911863
poi_500_165,poi_500_165,372,58.31175866877406
poi_500_165,poi_500_165,373,58.43433930103028
poi_500_165,poi_500_165,374,58.51099972398571
poi_500_165,poi_500_165,375,58.55263823846242
poi_500_165,poi_500_165,376,58.794177990704966
poi_500_165,poi_500_165,377,58.440344425548865
poi_500_165,poi_500_165,378,58.32410499881369
poi_500_165,poi_500_165,379,58.19868696807171
poi_500_165,poi_500_165,380,58.028857441567936
poi_500_165,poi_500_165,381,57.83020245304343
poi_500_165,poi_500_165,382,58.45834129413323
poi_500_165,poi_500_165,383,57.99979557655416
poi_500_165,poi_500_165,384,57.879531813212346
poi_500_165,poi_500_165,385,57.847731713239945
poi_500_165,poi_500_165,386,57.86875914894388
poi_500_165,poi_500_165,387,57.95060883111244
poi_500_165,poi_500_165,388,58.85370301211513
poi_500_165,poi_500_165,389,57.84742008692196
poi_500_165,poi_500_165,390,57.86585257814024
poi_500_165,poi_500_165,391,58.102646530073514
poi_500_165,poi_500_165,392,58.36800424570392
poi_500_165,poi_500_165,393,58.65480782780469
poi_500_165,poi_500_165,394,59.58260802161273
poi_500_165,poi_500_165,395,58.88019711725491
poi_500_165,poi_500_165,396,58.97009306915326
poi_500_165,poi_500_165,397,59.171373215175
poi_500_165,poi_500_165,398,59.34893781313099
poi_500_165,poi_500_165,399,59.516784578816775
poi_500_165,poi_500_165,400,60.22343367888395
poi_500_165,poi_500_165,401,59.71346237052416
poi_500_165,poi_500_165,402,59.693378327763746
poi_500_165,poi_500_165,403,59.78087647913913
poi_500_165,poi_500_165,404,59.86380661175575
poi_500_165,poi_500_165,405,59.95261707473553
poi_500_165,poi_500_165,406,60.21775404012169
poi_500_165,poi_500_165,407,59.602378140587845
poi_500_165,poi_500_165,408,59.46879628591371
poi_500_165,poi_500_165,409,59.43769713033875
poi_500_165,poi_500_165,410,59.38832394810469
poi_500_165,poi_500_165,411,59.326051093779
poi_500_165,poi_500_165,412,59.84439576286989
poi_500_165,poi_500_165,413,59.38022938366677
poi_500_165,poi_500_165,414,59.31867506805293
poi_500_165,poi_500_165,415,59.27476177503661
poi_500_165,poi_500_165,416,59.22593728352372
poi_500_165,poi_500_165,417,59.191417115961904
poi_500_165,poi_500_165,418,59.79143923507104
poi_500_165,poi_500_165,419,58.87960869978119
poi_500_165,poi_500_165,420,58.77786619347059
poi_500_165,poi_500_165,421,58.867981662704864
poi_500_165,poi_500_165,422,59.00419845965892
poi_500_165,poi_500_165,423,59.18073936264648
poi_500_165,poi_500_165,424,59.96058682820541
poi_500_165,poi_500_165,425,59.26987714105098
poi_500_165,poi_500_165,426,59.30885861858977
poi_500_165,poi_500_165,427,59.4597807895838
poi_500_165,poi_500_165,428,59.59672559976295
poi_500_165,poi_500_165,429,59.73098081799557
poi_500_165,poi_500_165,430,60.388036027437494
poi_500_165,poi_500_165,431,59.71346237052416
poi_500_165,poi_500_165,432,59.693378327763746
poi_500_165,poi_500_165,433,59.78087647913913
poi_500_165,poi_500_165,434,59.86380661175575
poi_500_165,poi_500_165,435,59.95261707473553
poi_500_165,poi_500_165,436,60.21775404012169
poi_500_165,poi_500_165,437,59.602378140587845
poi_500_165,poi_500_165,438,59.46879628591371
poi_500_165,poi_500_165,439,59.43769713033875
poi_500_165,poi_500_165,440,59.38832394810469
poi_500_165,poi_500_165,441,59.326051093779
poi_500_165,poi_500_165,442,59.84439576286989
poi_500_165,poi_500_165,443,59.38022938366677
poi_500_165,poi_500_165,444,59.31867506805293
poi_500_165,poi_500_165,445,59.27476177503661
poi_500_165,poi_500_165,446,59.22593728352372
poi_500_165,poi_500_165,447,59.191417115961904
poi_500_165,poi_500_165,448,59.79143923507104
poi_500_165,poi_500_165,449,58.87960869978119
poi_500_165,poi_500_165,450,58.77786619347059
poi_500_165,poi_500_165,451,58.867981662704864
poi_500_165,poi_500_165,452,59.00419845965892
poi_500_165,poi_500_165,453,59.18073936264648
poi_500_165,poi_500_165,454,59.96058682820541
poi_500_165,poi_500_165,455,59.26987714105098
poi_500_165,poi_500_165,456,59.30885861858977
poi_500_165,poi_500_165,457,59.4597807895838
poi_500_165,poi_500_165,458,59.59672559976295
poi_500_165,poi_500_165,459,59.73098081799557
poi_500_165,poi_500_165,460,60.041002398881474
poi_500_165,poi_500_165,461,59.242643463931145
poi_500_165,poi_500_165,462,59.142751276145106
poi_500_165,poi_500_165,463,59.147769098595155
poi_500_165,poi_500_165,464,59.12798354482472
poi_500_165,poi_500_165,465,59.0903448819204
poi_500_165,poi_500_165,466,59.65736462018726
poi_500_165,poi_500_165,467,59.38022938366677
poi_500_165,poi_500_165,468,59.31867506805293
poi_500_165,poi_500_165,469,59.27476177503661
poi_500_165,poi_500_165,470,59.22593728352372
poi_500_165,poi_500_165,471,59.191417115961904
poi_500_165,poi_500_165,472,59.39087769528885
poi_500_165,poi_500_165,473,58.3022309139952
poi_500_165,poi_500_165,474,58.08724171493506
poi_500_165,poi_500_165,475,58.072433762423344
poi_500_165,poi_500_165,476,58.08922576915036
poi_500_165,poi_500_165,477,58.12886368633579
poi_500_165,poi_500_165,478,58.91932635390121
poi_500_165,poi_500_165,479,58.473083064706216
poi_500_165,poi_500_165,480,58.523887694617784
poi_500_165,poi_500_165,481,58.58361921862294
poi_500_165,poi_500_165,482,58.623713862390446
poi_500_165,poi_500_165,483,58.66685830847609
poi_500_165,poi_500_165,484,58.95718650141798
poi_500_165,poi_500_165,485,57.80958616702449
poi_500_165,poi_500_165,486,57.63249264606734
poi_500_165,poi_500_165,487,57.670317656659094
poi_500_165,poi_500_165,488,57.73431081561174
poi_500_165,poi_500_165,489,57.81558747675199
poi_500_165,poi_500_165,490,58.162846621828585
poi_500_165,poi_500_165,491,57.83468352121021
poi_500_165,poi_500_165,492,57.78794549481737
poi_500_165,poi_500_165,493,57.72858662420685
poi_500_165,poi_500_165,494,57.61446963290801
poi_500_165,poi_500_165,495,57.46284752896713
poi_500_165,poi_500_165,496,58.190536368597854
poi_500_165,poi_500_165,497,57.46936363526945
poi_500_165,poi_500_165,498,57.401233098384324
poi_500_165,poi_500_165,499,57.4231850687019
poi_500_165,poi_500_165,500,57.49454300530115
poi_500_165,poi_500_165,501,57.623700385472134
poi_500_165,poi_500_165,502,58.617423748825345
poi_500_165,poi_500_165,503,57.84742008692196
poi_500_165,poi_500_165,504,57.86585257814024
poi_500_165,poi_500_165,505,58.102646530073514
poi_500_165,poi_500_165,506,58.36800424570392
poi_500_165,poi_500_165,507,58.65480782780469
poi_500_165,poi_500_165,508,59.16132688407559
poi_500_165,poi_500_165,509,58.3029029911863
poi_500_165,poi_500_165,510,58.31175866877406
poi_500_165,poi_500_165,511,58.43433930103028
poi_500_165,poi_500_165,512,58.51099972398571
poi_500_165,poi_500_165,513,58.55263823846242
poi_500_165,poi_500_165,514,58.794177990704966
poi_500_165,poi_500_165,515,58.440344425548865
poi_500_165,poi_500_165,516,58.32410499881369
poi_500_165,poi_500_165,517,58.19868696807171
poi_500_165,poi_500_165,518,58.028857441567936
poi_500_165,poi_500_165,519,57.83020245304343
poi_500_165,poi_500_165,520,57.90434033114267
poi_500_165,poi_500_165,521,57.28148385966708
poi_500_165,poi_500_165,522,57.01338942472227
poi_500_165,poi_500_165,523,56.81460454062006
poi_500_165,poi_500_165,524,56.638265680190976
poi_500_165,poi_500_165,525,56.49041428328915
poi_500_165,poi_500_165,526,57.456675426884516
poi_500_165,poi_500_165,527,56.6977380021101
poi_500_165,poi_500_165,528,56.72781481463922
poi_500_165,poi_500_165,529,56.85491963058364
poi_500_165,poi_500_165,530,57.02285512872763
poi_500_165,poi_500_165,531,57.237637595782815
poi_500_165,poi_500_165,532,58.35954288473913
poi_500_165,poi_500_165,533,57.2967950787051
poi_500_165,poi_500_165,534,57.38595844334596
poi_500_165,poi_500_165,535,57.70345028970924
poi_500_165,poi_500_165,536,58.036021946181215
poi_500_165,poi_500_165,537,58.378426218108686
poi_500_165,poi_500_165,538,59.38368601023973
poi_500_165,poi_500_165,539,58.88019711725491
poi_500_165,poi_500_165,540,58.97009306915326
poi_500_165,poi_500_165,541,59.171373215175
poi_500_165,poi_500_165,542,59.34893781313099
poi_500_165,poi_500_165,543,59.516784578816775
poi_500_165,poi_500_165,544,59.86242204115898
poi_500_165,poi_500_165,545,59.242643463931145
poi_500_165,poi_500_165,546,59.142751276145106
poi_500_165,poi_500_165,547,59.147769098595155
poi_500_165,poi_500_165,548,59.12798354482472
poi_500_165,poi_500_165,549,59.0903448819204
poi_500_165,poi_500_165,550,59.65736462018726
poi_500_165,poi_500_165,551,59.38022938366677
poi_500_165,poi_500_165,552,59.31867506805293
poi_500_165,poi_500_165,553,59.27476177503661
poi_500_165,poi_500_165,554,59.22593728352372
poi_500_165,poi_500_165,555,59.191417115961904
poi_500_165,poi_500_165,556,59.79143923507104
poi_500_165,poi_500_165,557,58.87960869978119
poi_500_165,poi_500_165,558,58.77786619347059
poi_500_165,poi_500_165,559,58.867981662704864
poi_500_165,poi_500_165,560,59.00419845965892
poi_500_165,poi_500_165,561,59.18073936264648
poi_500_165,poi_500_165,562,59.96058682820541
poi_500_165,poi_500_165,563,59.26987714105098
poi_500_165,poi_500_165,564,59.30885861858977
poi_500_165,poi_500_165,565,59.4597807895838
poi_500_165,poi_500_165,566,59.59672559976295
poi_500_165,poi_500_165,567,59.73098081799557
poi_500_165,poi_500_165,568,60.041002398881474
poi_500_165,poi_500_165,569,59.242643463931145
poi_500_165,poi_500_165,570,59.142751276145106
poi_500_165,poi_500_165,571,59.147769098595155
poi_500_165,poi_500_165,572,59.12798354482472
poi_500_165,poi_500_165,573,59.0903448819204
poi_500_165,poi_500_165,574,59.24362679107608
poi_500_165,poi_500_165,575,58.86956950987901
poi_500_165,poi_500_165,576,58.7148235563346
poi_500_165,poi_500_165,577,58.55658370943493
poi_500_165,poi_500_165,578,58.361367402452444
poi_500_165,poi_500_165,579,58.142463134878454
poi_500_165,poi_500_165,580,58.18146275886009
poi_500_165,poi_500_165,581,57.28148385966708
poi_500_165,poi_500_165,582,57.01338942472227
poi_500_165,poi_500_165,583,56.81460454062006
poi_500_165,poi_500_165,584,56.638265680190976
poi_500_165,poi_500_165,585,56.49041428328915
poi_500_165,poi_500_165,586,56.74662285716905
poi_500_165,poi_500_165,587,55.69737789086102
poi_500_165,poi_500_165,588,55.5603624518535
poi_500_165,poi_500_165,589,55.511386422889046
poi_500_165,poi_500_165,590,55.4751584488453
poi_500_165,poi_500_165,591,55.45618663638102
poi_500_165,poi_500_165,592,55.91268891477679
poi_500_165,poi_500_165,593,54.7533945926784
poi_500_165,poi_500_165,594,54.709694586084545
poi_500_165,poi_500_165,595,54.75683851496528
poi_500_165,poi_500_165,596,54.80365412408102
poi_500_165,poi_500_165,597,54.85747574566712
poi_500_165,poi_500_165,598,56.36980638303544
poi_500_165,poi_500_165,599,55.96544659020715
poi_500_215,poi_500_215,0,40.0
poi_500_215,poi_500_215,1,40.0
poi_500_215,poi_500_215,2,40.0
poi_500_215,poi_500_215,3,40.0
poi_500_215,poi_500_215,4,40.0
poi_500_215,poi_500_215,5,40.0
poi_500_215,poi_500_215,6,40.0
poi_500_215,poi_500_215,7,40.0
poi_500_215,poi_500_215,8,40.0
poi_500_215,poi_500_215,9,40.0
poi_500_215,poi_500_215,10,40.0
poi_500_215,poi_500_215,11,50.89033389154647
poi_500_215,poi_500_215,12,51.384605602390636
poi_500_215,poi_500_215,13,51.89881458159812
poi_500_215,poi_500_215,14,52.42989654993892
poi_500_215,poi_500_215,15,52.97263795626641
poi_500_215,poi_500_215,16,53.51882045046759
poi_500_215,poi_500_215,17,52.72377280448856
poi_500_215,poi_500_215,18,52.67150713661876
poi_500_215,poi_500_215,19,53.06042677628846
poi_500_215,poi_500_215,20,53.42734900954508
poi_500_215,poi_500_215,21,53.761231692820004
poi_500_215,poi_500_215,22,54.05099647617234
poi_500_215,poi_500_215,23,55.60830262048067
poi_500_215,poi_500_215,24,55.795307599456024
poi_500_215,poi_500_215,25,56.009714959724135
poi_500_215,poi_500_215,26,56.20209451056978
poi_500_215,poi_500_215,27,56.38246685854017
poi_500_215,poi_500_215,28,56.55996404661831
poi_500_215,poi_500_215,29,56.072074846773646
poi_500_215,poi_500_215,30,55.917437915844076
poi_500_215,poi_500_215,31,55.96780804463292
poi_500_215,poi_500_215,32,56.01876641947243
poi_500_215,poi_500_215,33,56.06645629727333
poi_500_215,poi_500_215,34,56.10455024825811
poi_500_215,poi_500_215,35,57.03459649516236
poi_500_215,poi_500_215,36,57.07388471661815
poi_500_215,poi_500_215,37,57.14768297420881
poi_500_215,poi_500_215,38,57.2188350193597
poi_500_215,poi_500_215,39,57.293537243997406
poi_500_215,poi_500_215,40,56.877433540742956
poi_500_215,poi_500_215,41,57.165527724804825
poi_500_215,poi_500_215,42,57.12125743249241
poi_500_215,poi_500_215,43,57.250304726190095
poi_500_215,poi_500_215,44,57.39510668012386
poi_500_215,poi_500_215,45,57.55274621476965
poi_500_215,poi_500_215,46,57.543355210114164
poi_500_215,poi_500_215,47,57.844082576249406
poi_500_215,poi_500_215,48,57.845136787414845
poi_500_215,poi_500_215,49,57.97403268619036
poi_500_215,poi_500_215,50,58.096577714657684
poi_500_215,poi_500_215,51,58.213957708227895
poi_500_215,poi_500_215,52,57.92921468137927
poi_500_215,poi_500_215,53,57.5950427374985
poi_500_215,poi_500_215,54,57.48305044898161
poi_500_215,poi_500_215,55,57.49259457189822
poi_500_215,poi_500_215,56,57.482014823165656
poi_500_215,poi_500_215,57,57.452303619978906
poi_500_215,poi_500_215,58,57.216169138944075
poi_500_215,poi_500_215,59,57.24960917515312
poi_500_215,poi_500_215,60,57.116087411873345
poi_500_215,poi_500_215,61,56.999998345654745
poi_500_215,poi_500_215,62,56.86493373447857
poi_500_215,poi_500_215,63,56.715759620986304
poi_500_215,poi_500_215,64,55.946672944175624
poi_500_215,poi_500_215,65,55.94090396543051
poi_500_215,poi_500_215,66,55.739755789398444
poi_500_215,poi_500_215,67,55.59630953301954
poi_500_215,poi_500_215,68,55.46231733921114
poi_500_215,poi_500_215,69,55.34117311027819
poi_500_215,poi_500_215,70,54.38211594503218
poi_500_215,poi_500_215,71,55.64767471881179
poi_500_215,poi_500_215,72,55.68171090697896
poi_500_215,poi_500_215,73,55.799046548524096
poi_500_215,poi_500_215,74,55.94388587085348
poi_500_215,poi_500_215,75,56.115847422518996
poi_500_215,poi_500_215,76,55.661814304065715
poi_500_215,poi_500_215,77,56.13876170753756
poi_500_215,poi_500_215,78,56.184248074782715
poi_500_215,poi_500_215,79,56.43750810660633
poi_500_215,poi_500_215,80,56.69478335489995
poi_500_215,poi_500_215,81,56.951603833330836
poi_500_215,poi_500_215,82,57.005298773393136
poi_500_215,poi_500_215,83,56.676002247981984
poi_500_215,poi_500_215,84,56.628835670773164
poi_500_215,poi_500_215,85,56.72802984024537
poi_500_215,poi_500_215,86,56.79672192987968
poi_500_215,poi_500_215,87,56.83604993662513
poi_500_215,poi_500_215,88,56.633058882736435
poi_500_215,poi_500_215,89,57.44494066473962
poi_500_215,poi_500_215,90,57.451705049650805
poi_500_215,poi_500_215,91,57.4870454847757
poi_500_215,poi_500_215,92,57.520153047192444
poi_500_215,poi_500_215,93,57.55866806377731
poi_500_215,poi_500_215,94,57.430584691250004
poi_500_215,poi_500_215,95,57.63594722913071
poi_500_215,poi_500_215,96,57.551578084577024
poi_500_215,poi_500_215,97,57.62977095127128
poi_500_215,poi_500_215,98,57.72909661185778
poi_500_215,poi_500_215,99,57.84643041791504
poi_500_215,poi_500_215,100,57.543355210114164
poi_500_215,poi_500_215,101,57.844082576249406
poi_500_215,poi_500_215,102,57.845136787414845
poi_500_215,poi_500_215,103,57.97403268619036
poi_500_215,poi_500_215,104,58.096577714657684
poi_500_215,poi_500_215,105,58.213957708227895
poi_500_215,poi_500_215,106,57.92921468137927
poi_500_215,poi_500_215,107,58.1873267437183
poi_500_215,poi_500_215,108,58.163676618383576
poi_500_215,poi_500_215,109,58.256461837933074
poi_500_215,poi_500_215,110,58.344296554670066
poi_500_215,poi_500_215,111,58.42968792886037
poi_500_215,poi_500_215,112,58.36919384903938
poi_500_215,poi_500_215,113,58.023275153710394
poi_500_215,poi_500_215,114,57.88050046647655
poi_500_215,poi_500_215,115,57.852299366281926
poi_500_215,poi_500_215,116,57.80963096793677
poi_500_215,poi_500_215,117,57.75262697409903
poi_500_215,poi_500_215,118,57.216169138944075
poi_500_215,poi_500_215,119,57.88749024122946
poi_500_215,poi_500_215,120,57.85190537778743
poi_500_215,poi_500_215,121,57.847191623705314
poi_500_215,poi_500_215,122,57.84500927455323
poi_500_215,poi_500_215,123,57.85196529858556
poi_500_215,poi_500_215,124,57.430584691250004
poi_500_215,poi_500_215,125,56.95689941295065
poi_500_215,poi_500_215,126,56.757966421100775
poi_500_215,poi_500_215,127,56.734285602738524
poi_500_215,poi_500_215,128,56.71917887108704
poi_500_215,poi_500_215,129,56.70856825098454
poi_500_215,poi_500_215,130,56.10455024825811
poi_500_215,poi_500_215,131,56.244996091667886
poi_500_215,poi_500_215,132,56.177832205759024
poi_500_215,poi_500_215,133,56.133845701406486
poi_500_215,poi_500_215,134,56.064799566037856
poi_500_215,poi_500_215,135,55.97537205124904
poi_500_215,poi_500_215,136,55.14633484540901
poi_500_215,poi_500_215,137,56.20289156341713
poi_500_215,poi_500_215,138,56.19416619974868
poi_500_215,poi_500_215,139,56.25568667777608
poi_500_215,poi_500_215,140,56.34341060335011
poi_500_215,poi_500_215,141,56.46036655918746
poi_500_215,poi_500_215,142,56.37956731241022
poi_500_215,poi_500_215,143,55.872754968062324
poi_500_215,poi_500_215,144,55.728742289204156
poi_500_215,poi_500_215,145,55.8072291185041
poi_500_215,poi_500_215,146,55.88895387581917
poi_500_215,poi_500_215,147,55.96684267502472
poi_500_215,poi_500_215,148,55.33547338966854
poi_500_215,poi_500_215,149,55.58284230079478
poi_500_215,poi_500_215,150,55.57585560790166
poi_500_215,poi_500_215,151,55.58817801514959
poi_500_215,poi_500_215,152,55.565578902375506
poi_500_215,poi_500_215,153,55.514897899391215
poi_500_215,poi_500_215,154,55.14633484540901
poi_500_215,poi_500_215,155,55.22655764723659
poi_500_215,poi_500_215,156,55.068702938231795
poi_500_215,poi_500_215,157,54.973350036431405
poi_500_215,poi_500_215,158,54.88364714754414
poi_500_215,poi_500_215,159,54.803641171836254
poi_500_215,poi_500_215,160,54.38211594503218
poi_500_215,poi_500_215,161,54.51941261184445
poi_500_215,poi_500_215,162,54.39228775399144
poi_500_215,poi_500_215,163,54.34808522522226
poi_500_215,poi_500_215,164,54.31363258203669
poi_500_215,poi_500_215,165,54.28931786441156
poi_500_215,poi_500_215,166,53.1828644244149
poi_500_215,poi_500_215,167,53.49348387200492
poi_500_215,poi_500_215,168,53.44887945655593
poi_500_215,poi_500_215,169,53.49614869014683
poi_500_215,poi_500_215,170,53.54338445287663
poi_500_215,poi_500_215,171,53.592071293116916
poi_500_215,poi_500_215,172,53.1828644244149
poi_500_215,poi_500_215,173,54.87875154567697
poi_500_215,poi_500_215,174,55.00088309389645
poi_500_215,poi_500_215,175,55.2065315106054
poi_500_215,poi_500_215,176,55.42970314527316
poi_500_215,poi_500_215,177,55.67080702204098
poi_500_215,poi_500_215,178,55.661814304065715
poi_500_215,poi_500_215,179,55.14611113404021
poi_500_215,poi_500_215,180,55.05584643815663
poi_500_215,poi_500_215,181,55.215908889658216
poi_500_215,poi_500_215,182,55.36781741041218
poi_500_215,poi_500_215,183,55.505413443439465
poi_500_215,poi_500_215,184,55.33547338966854
poi_500_215,poi_500_215,185,55.58284230079478
poi_500_215,poi_500_215,186,55.57585560790166
poi_500_215,poi_500_215,187,55.58817801514959
poi_500_215,poi_500_215,188,55.565578902375506
poi_500_215,poi_500_215,189,55.514897899391215
poi_500_215,poi_500_215,190,55.14633484540901
poi_500_215,poi_500_215,191,55.22655764723659
poi_500_215,poi_500_215,192,55.068702938231795
poi_500_215,poi_500_215,193,54.973350036431405
poi_500_215,poi_500_215,194,54.88364714754414
poi_500_215,poi_500_215,195,54.803641171836254
poi_500_215,poi_500_215,196,54.38211594503218
poi_500_215,poi_500_215,197,55.64767471881179
poi_500_215,poi_500_215,198,55.68171090697896
poi_500_215,poi_500_215,199,55.799046548524096
poi_500_215,poi_500_215,200,55.94388587085348
poi_500_215,poi_500_215,201,56.115847422518996
poi_500_215,poi_500_215,202,55.661814304065715
poi_500_215,poi_500_215,203,56.13876170753756
poi_500_215,poi_500_215,204,56.184248074782715
poi_500_215,poi_500_215,205,56.43750810660633
poi_500_215,poi_500_215,206,56.69478335489995
poi_500_215,poi_500_215,207,56.951603833330836
poi_500_215,poi_500_215,208,57.005298773393136
poi_500_215,poi_500_215,209,56.676002247981984
poi_500_215,poi_500_215,210,56.628835670773164
poi_500_215,poi_500_215,211,56.72802984024537
poi_500_215,poi_500_215,212,56.79672192987968
poi_500_215,poi_500_215,213,56.83604993662513
poi_500_215,poi_500_215,214,56.633058882736435
poi_500_215,poi_500_215,215,56.73271852931964
poi_500_215,poi_500_215,216,56.637789710936744
poi_500_215,poi_500_215,217,56.55820663658843
poi_500_215,poi_500_215,218,56.45383117858018
poi_500_215,poi_500_215,219,56.33076585560221
poi_500_215,poi_500_215,220,55.946672944175624
poi_500_215,poi_500_215,221,55.94090396543051
poi_500_215,poi_500_215,222,55.739755789398444
poi_500_215,poi_500_215,223,55.59630953301954
poi_500_215,poi_500_215,224,55.46231733921114
poi_500_215,poi_500_215,225,55.34117311027819
poi_500_215,poi_500_215,226,54.38211594503218
poi_500_215,poi_500_215,227,55.64767471881179
poi_500_215,poi_500_215,228,55.68171090697896
poi_500_215,poi_500_215,229,55.799046548524096
poi_500_215,poi_500_215,230,55.94388587085348
poi_500_215,poi_500_215,231,56.115847422518996
poi_500_215,poi_500_215,232,55.661814304065715
poi_500_215,poi_500_215,233,55.14611113404021
poi_500_215,poi_500_215,234,55.05584643815663
poi_500_215,poi_500_215,235,55.215908889658216
poi_500_215,poi_500_215,236,55.36781741041218
poi_500_215,poi_500_215,237,55.505413443439465
poi_500_215,poi_500_215,238,55.33547338966854
poi_500_215,poi_500_215,239,56.48975654709011
poi_500_215,poi_500_215,240,56.590646783646434
poi_500_215,poi_500_215,241,56.72141176876852
poi_500_215,poi_500_215,242,56.841345567405085
poi_500_215,poi_500_215,243,56.958404126482726
poi_500_215,poi_500_215,244,56.877433540742956
poi_500_215,poi_500_215,245,56.40156811886537
poi_500_215,poi_500_215,246,56.2359880395896
poi_500_215,poi_500_215,247,56.26305326823936
poi_500_215,poi_500_215,248,56.2933344922973
poi_500_215,poi_500_215,249,56.322907270478346
poi_500_215,poi_500_215,250,56.10455024825811
poi_500_215,poi_500_215,251,57.03459649516236
poi_500_215,poi_500_215,252,57.07388471661815
poi_500_215,poi_500_215,253,57.14768297420881
poi_500_215,poi_500_215,254,57.2188350193597
poi_500_215,poi_500_215,255,57.293537243997406
poi_500_215,poi_500_215,256,56.877433540742956
poi_500_215,poi_500_215,257,56.40156811886537
poi_500_215,poi_500_215,258,56.2359880395896
poi_500_215,poi_500_215,259,56.26305326823936
poi_500_215,poi_500_215,260,56.2933344922973
poi_500_215,poi_500_215,261,56.322907270478346
poi_500_215,poi_500_215,262,56.10455024825811
poi_500_215,poi_500_215,263,56.244996091667886
poi_500_215,poi_500_215,264,56.177832205759024
poi_500_215,poi_500_215,265,56.133845701406486
poi_500_215,poi_500_215,266,56.064799566037856
poi_500_215,poi_500_215,267,55.97537205124904
poi_500_215,poi_500_215,268,55.14633484540901
poi_500_215,poi_500_215,269,56.20289156341713
poi_500_215,poi_500_215,270,56.19416619974868
poi_500_215,poi_500_215,271,56.25568667777608
poi_500_215,poi_500_215,272,56.34341060335011
poi_500_215,poi_500_215,273,56.46036655918746
poi_500_215,poi_500_215,274,56.37956731241022
poi_500_215,poi_500_215,275,55.872754968062324
poi_500_215,poi_500_215,276,55.728742289204156
poi_500_215,poi_500_215,277,55.8072291185041
poi_500_215,poi_500_215,278,55.88895387581917
poi_500_215,poi_500_215,279,55.96684267502472
poi_500_215,poi_500_215,280,55.33547338966854
poi_500_215,poi_500_215,281,56.48975654709011
poi_500_215,poi_500_215,282,56.590646783646434
poi_500_215,poi_500_215,283,56.72141176876852
poi_500_215,poi_500_215,284,56.841345567405085
poi_500_215,poi_500_215,285,56.958404126482726
poi_500_215,poi_500_215,286,56.877433540742956
poi_500_215,poi_500_215,287,57.165527724804825
poi_500_215,poi_500_215,288,57.12125743249241
poi_500_215,poi_500_215,289,57.250304726190095
poi_500_215,poi_500_215,290,57.39510668012386
poi_500_215,poi_500_215,291,57.55274621476965
poi_500_215,poi_500_215,292,57.543355210114164
poi_500_215,poi_500_215,293,57.19929396542666
poi_500_215,poi_500_215,294,57.10806799939771
poi_500_215,poi_500_215,295,57.15368275322717
poi_500_215,poi_500_215,296,57.177943833291955
poi_500_215,poi_500_215,297,57.18038913239522
poi_500_215,poi_500_215,298,56.633058882736435
poi_500_215,poi_500_215,299,57.44494066473962
poi_500_215,poi_500_215,300,57.451705049650805
poi_500_215,poi_500_215,301,57.4870454847757
poi_500_215,poi_500_215,302,57.520153047192444
poi_500_215,poi_500_215,303,57.55866806377731
poi_500_215,poi_500_215,304,57.430584691250004
poi_500_215,poi_500_215,305,56.95689941295065
poi_500_215,poi_500_215,306,56.757966421100775
poi_500_215,poi_500_215,307,56.734285602738524
poi_500_215,poi_500_215,308,56.71917887108704
poi_500_215,poi_500_215,309,56.70856825098454
poi_500_215,poi_500_215,310,56.10455024825811
poi_500_215,poi_500_215,311,56.244996091667886
poi_500_215,poi_500_215,312,56.177832205759024
poi_500_215,poi_500_215,313,56.133845701406486
poi_500_215,poi_500_215,314,56.064799566037856
poi_500_215,poi_500_215,315,55.97537205124904
poi_500_215,poi_500_215,316,55.14633484540901
poi_500_215,poi_500_215,317,56.20289156341713
poi_500_215,poi_500_215,318,56.19416619974868
poi_500_215,poi_500_215,319,56.25568667777608
poi_500_215,poi_500_215,320,56.34341060335011
poi_500_215,poi_500_215,321,56.46036655918746
poi_500_215,poi_500_215,322,56.37956731241022
poi_500_215,poi_500_215,323,56.72649104151341
poi_500_215,poi_500_215,324,56.712116951331886
poi_500_215,poi_500_215,325,56.8911218048263
poi_500_215,poi_500_215,326,57.084664588089986
poi_500_215,poi_500_215,327,57.28724234073992
poi_500_215,poi_500_215,328,57.005298773393136
poi_500_215,poi_500_215,329,56.676002247981984
poi_500_215,poi_500_215,330,56.628835670773164
poi_500_215,poi_500_215,331,56.72802984024537
poi_500_215,poi_500_215,332,56.79672192987968
poi_500_215,poi_500_215,333,56.83604993662513
poi_500_215,poi_500_215,334,56.633058882736435
poi_500_215,poi_500_215,335,56.73271852931964
poi_500_215,poi_500_215,336,56.637789710936744
poi_500_215,poi_500_215,337,56.55820663658843
poi_500_215,poi_500_215,338,56.45383117858018
poi_500_215,poi_500_215,339,56.33076585560221
poi_500_215,poi_500_215,340,55.946672944175624
poi_500_215,poi_500_215,341,55.94090396543051
poi_500_215,poi_500_215,342,55.739755789398444
poi_500_215,poi_500_215,343,55.59630953301954
poi_500_215,poi_500_215,344,55.46231733921114
poi_500_215,poi_500_215,345,55.34117311027819
poi_500_215,poi_500_215,346,54.38211594503218
poi_500_215,poi_500_215,347,54.51941261184445
poi_500_215,poi_500_215,348,54.39228775399144
poi_500_215,poi_500_215,349,54.34808522522226
poi_500_215,poi_500_215,350,54.31363258203669
poi_500_215,poi_500_215,351,54.28931786441156
poi_500_215,poi_500_215,352,53.1828644244149
poi_500_215,poi_500_215,353,53.49348387200492
poi_500_215,poi_500_215,354,53.44887945655593
poi_500_215,poi_500_215,355,53.49614869014683
poi_500_215,poi_500_215,356,53.54338445287663
poi_500_215,poi_500_215,357,53.592071293116916
poi_500_215,poi_500_215,358,53.1828644244149
poi_500_215,poi_500_215,359,54.87875154567697
poi_500_215,poi_500_215,360,55.00088309389645
poi_500_215,poi_500_215,361,55.2065315106054
poi_500_215,poi_500_215,362,55.42970314527316
poi_500_215,poi_500_215,363,55.67080702204098
poi_500_215,poi_500_215,364,55.661814304065715
poi_500_215,poi_500_215,365,56.13876170753756
poi_500_215,poi_500_215,366,56.184248074782715
poi_500_215,poi_500_215,367,56.43750810660633
poi_500_215,poi_500_215,368,56.69478335489995
poi_500_215,poi_500_215,369,56.951603833330836
poi_500_215,poi_500_215,370,57.005298773393136
poi_500_215,poi_500_215,371,56.676002247981984
poi_500_215,poi_500_215,372,56.628835670773164
poi_500_215,poi_500_215,373,56.72802984024537
poi_500_215,poi_500_215,374,56.79672192987968
poi_500_215,poi_500_215,375,56.83604993662513
poi_500_215,poi_500_215,376,56.633058882736435
poi_500_215,poi_500_215,377,56.73271852931964
poi_500_215,poi_500_215,378,56.637789710936744
poi_500_215,poi_500_215,379,56.55820663658843
poi_500_215,poi_500_215,380,56.45383117858018
poi_500_215,poi_500_215,381,56.33076585560221
poi_500_215,poi_500_215,382,55.946672944175624
poi_500_215,poi_500_215,383,56.782556000062414
poi_500_215,poi_500_215,384,56.720901094545994
poi_500_215,poi_500_215,385,56.72767706460233
poi_500_215,poi_500_215,386,56.764602227310064
poi_500_215,poi_500_215,387,56.83451487673661
poi_500_215,poi_500_215,388,56.37956731241022
poi_500_215,poi_500_215,389,56.72649104151341
poi_500_215,poi_500_215,390,56.712116951331886
poi_500_215,poi_500_215,391,56.8911218048263
poi_500_215,poi_500_215,392,57.084664588089986
poi_500_215,poi_500_215,393,57.28724234073992
poi_500_215,poi_500_215,394,57.005298773393136
poi_500_215,poi_500_215,395,57.39685063012824
poi_500_215,poi_500_215,396,57.44428253690704
poi_500_215,poi_500_215,397,57.624681471229664
poi_500_215,poi_500_215,398,57.790664188618294
poi_500_215,poi_500_215,399,57.9448588439958
poi_500_215,poi_500_215,400,57.92921468137927
poi_500_215,poi_500_215,401,58.1873267437183
poi_500_215,poi_500_215,402,58.163676618383576
poi_500_215,poi_500_215,403,58.256461837933074
poi_500_215,poi_500_215,404,58.344296554670066
poi_500_215,poi_500_215,405,58.42968792886037
poi_500_215,poi_500_215,406,58.36919384903938
poi_500_215,poi_500_215,407,58.023275153710394
poi_500_215,poi_500_215,408,57.88050046647655
poi_500_215,poi_500_215,409,57.852299366281926
poi_500_215,poi_500_215,410,57.80963096793677
poi_500_215,poi_500_215,411,57.75262697409903
poi_500_215,poi_500_215,412,57.216169138944075
poi_500_215,poi_500_215,413,57.88749024122946
poi_500_215,poi_500_215,414,57.85190537778743
poi_500_215,poi_500_215,415,57.847191623705314
poi_500_215,poi_500_215,416,57.84500927455323
poi_500_215,poi_500_215,417,57.85196529858556
poi_500_215,poi_500_215,418,57.430584691250004
poi_500_215,poi_500_215,419,57.63594722913071
poi_500_215,poi_500_215,420,57.551578084577024
poi_500_215,poi_500_215,421,57.62977095127128
poi_500_215,poi_500_215,422,57.72909661185778
poi_500_215,poi_500_215,423,57.84643041791504
poi_500_215,poi_500_215,424,57.543355210114164
poi_500_215,poi_500_215,425,57.844082576249406
poi_500_215,poi_500_215,426,57.845136787414845
poi_500_215,poi_500_215,427,57.97403268619036
poi_500_215,poi_500_215,428,58.096577714657684
poi_500_215,poi_500_215,429,58.213957708227895
poi_500_215,poi_500_215,430,57.92921468137927
poi_500_215,poi_500_215,431,58.1873267437183
poi_500_215,poi_500_215,432,58.163676618383576
poi_500_215,poi_500_215,433,58.256461837933074
poi_500_215,poi_500_215,434,58.344296554670066
poi_500_215,poi_500_215,435,58.42968792886037
poi_500_215,poi_500_215,436,58.36919384903938
poi_500_215,poi_500_215,437,58.023275153710394
poi_500_215,poi_500_215,438,57.88050046647655
poi_500_215,poi_500_215,439,57.852299366281926
poi_500_215,poi_500_215,440,57.80963096793677
poi_500_215,poi_500_215,441,57.75262697409903
poi_500_215,poi_500_215,442,57.216169138944075
poi_500_215,poi_500_215,443,57.88749024122946
poi_500_215,poi_500_215,444,57.85190537778743
poi_500_215,poi_500_215,445,57.847191623705314
poi_500_215,poi_500_215,446,57.84500927455323
poi_500_215,poi_500_215,447,57.85196529858556
poi_500_215,poi_500_215,448,57.430584691250004
poi_500_215,poi_500_215,449,57.63594722913071
poi_500_215,poi_500_215,450,57.551578084577024
poi_500_215,poi_500_215,451,57.62977095127128
poi_500_215,poi_500_215,452,57.72909661185778
poi_500_215,poi_500_215,453,57.84643041791504
poi_500_215,poi_500_215,454,57.543355210114164
poi_500_215,poi_500_215,455,57.844082576249406
poi_500_215,poi_500_215,456,57.845136787414845
poi_500_215,poi_500_215,457,57.97403268619036
poi_500_215,poi_500_215,458,58.096577714657684
poi_500_215,poi_500_215,459,58.213957708227895
poi_500_215,poi_500_215,460,57.92921468137927
poi_500_215,poi_500_215,461,57.5950427374985
poi_500_215,poi_500_215,462,57.48305044898161
poi_500_215,poi_500_215,463,57.49259457189822
poi_500_215,poi_500_215,464,57.482014823165656
poi_500_215,poi_500_215,465,57.452303619978906
poi_500_215,poi_500_215,466,57.216169138944075
poi_500_215,poi_500_215,467,57.88749024122946
poi_500_215,poi_500_215,468,57.85190537778743
poi_500_215,poi_500_215,469,57.847191623705314
poi_500_215,poi_500_215,470,57.84500927455323
poi_500_215,poi_500_215,471,57.85196529858556
poi_500_215,poi_500_215,472,57.430584691250004
poi_500_215,poi_500_215,473,56.95689941295065
poi_500_215,poi_500_215,474,56.757966421100775
poi_500_215,poi_500_215,475,56.734285602738524
poi_500_215,poi_500_215,476,56.71917887108704
poi_500_215,poi_500_215,477,56.70856825098454
poi_500_215,poi_500_215,478,56.10455024825811
poi_500_215,poi_500_215,479,57.03459649516236
poi_500_215,poi_500_215,480,57.07388471661815
poi_500_215,poi_500_215,481,57.14768297420881
poi_500_215,poi_500_215,482,57.2188350193597
poi_500_215,poi_500_215,483,57.293537243997406
poi_500_215,poi_500_215,484,56.877433540742956
poi_500_215,poi_500_215,485,56.40156811886537
poi_500_215,poi_500_215,486,56.2359880395896
poi_500_215,poi_500_215,487,56.26305326823936
poi_500_215,poi_500_215,488,56.2933344922973
poi_500_215,poi_500_215,489,56.322907270478346
poi_500_215,poi_500_215,490,56.10455024825811
poi_500_215,poi_500_215,491,56.244996091667886
poi_500_215,poi_500_215,492,56.177832205759024
poi_500_215,poi_500_215,493,56.133845701406486
poi_500_215,poi_500_215,494,56.064799566037856
poi_500_215,poi_500_215,495,55.97537205124904
poi_500_215,poi_500_215,496,55.14633484540901
poi_500_215,poi_500_215,497,56.20289156341713
poi_500_215,poi_500_215,498,56.19416619974868
poi_500_215,poi_500_215,499,56.25568667777608
poi_500_215,poi_500_215,500,56.34341060335011
poi_500_215,poi_500_215,501,56.46036655918746
poi_500_215,poi_500_215,502,56.37956731241022
poi_500_215,poi_500_215,503,56.72649104151341
poi_500_215,poi_500_215,504,56.712116951331886
poi_500_215,poi_500_215,505,56.8911218048263
poi_500_215,poi_500_215,506,57.084664588089986
poi_500_215,poi_500_215,507,57.28724234073992
poi_500_215,poi_500_215,508,57.005298773393136
poi_500_215,poi_500_215,509,56.676002247981984
poi_500_215,poi_500_215,510,56.628835670773164
poi_500_215,poi_500_215,511,56.72802984024537
poi_500_215,poi_500_215,512,56.79672192987968
poi_500_215,poi_500_215,513,56.83604993662513
poi_500_215,poi_500_215,514,56.633058882736435
poi_500_215,poi_500_215,515,56.73271852931964
poi_500_215,poi_500_215,516,56.637789710936744
poi_500_215,poi_500_215,517,56.55820663658843
poi_500_215,poi_500_215,518,56.45383117858018
poi_500_215,poi_500_215,519,56.33076585560221
poi_500_215,poi_500_215,520,55.946672944175624
poi_500_215,poi_500_215,521,55.94090396543051
poi_500_215,poi_500_215,522,55.739755789398444
poi_500_215,poi_500_215,523,55.59630953301954
poi_500_215,poi_500_215,524,55.46231733921114
poi_500_215,poi_500_215,525,55.34117311027819
poi_500_215,poi_500_215,526,54.38211594503218
poi_500_215,poi_500_215,527,55.64767471881179
poi_500_215,poi_500_215,528,55.68171090697896
poi_500_215,poi_500_215,529,55.799046548524096
poi_500_215,poi_500_215,530,55.94388587085348
poi_500_215,poi_500_215,531,56.115847422518996
poi_500_215,poi_500_215,532,55.661814304065715
poi_500_215,poi_500_215,533,56.13876170753756
poi_500_215,poi_500_215,534,56.184248074782715
poi_500_215,poi_500_215,535,56.43750810660633
poi_500_215,poi_500_215,536,56.69478335489995
poi_500_215,poi_500_215,537,56.951603833330836
poi_500_215,poi_500_215,538,57.005298773393136
poi_500_215,poi_500_215,539,57.39685063012824
poi_500_215,poi_500_215,540,57.44428253690704
poi_500_215,poi_500_215,541,57.624681471229664
poi_500_215,poi_500_215,542,57.790664188618294
poi_500_215,poi_500_215,543,57.9448588439958
poi_500_215,poi_500_215,544,57.92921468137927
poi_500_215,poi_500_215,545,57.5950427374985
poi_500_215,poi_500_215,546,57.48305044898161
poi_500_215,poi_500_215,547,57.49259457189822
poi_500_215,poi_500_215,548,57.482014823165656
poi_500_215,poi_500_215,549,57.452303619978906
poi_500_215,poi_500_215,550,57.216169138944075
poi_500_215,poi_500_215,551,57.88749024122946
poi_500_215,poi_500_215,552,57.85190537778743
poi_500_215,poi_500_215,553,57.847191623705314
poi_500_215,poi_500_215,554,57.84500927455323
poi_500_215,poi_500_215,555,57.85196529858556
poi_500_215,poi_500_215,556,57.430584691250004
poi_500_215,poi_500_215,557,57.63594722913071
poi_500_215,poi_500_215,558,57.551578084577024
poi_500_215,poi_500_215,559,57.62977095127128
poi_500_215,poi_500_215,560,57.72909661185778
poi_500_215,poi_500_215,561,57.84643041791504
poi_500_215,poi_500_215,562,57.543355210114164
poi_500_215,poi_500_215,563,57.844082576249406
poi_500_215,poi_500_215,564,57.845136787414845
poi_500_215,poi_500_215,565,57.97403268619036
poi_500_215,poi_500_215,566,58.096577714657684
poi_500_215,poi_500_215,567,58.213957708227895
poi_500_215,poi_500_215,568,57.92921468137927
poi_500_215,poi_500_215,569,57.5950427374985
poi_500_215,poi_500_215,570,57.48305044898161
poi_500_215,poi_500_215,571,57.49259457189822
poi_500_215,poi_500_215,572,57.482014823165656
poi_500_215,poi_500_215,573,57.452303619978906
poi_500_215,poi_500_215,574,57.216169138944075
poi_500_215,poi_500_215,575,57.24960917515312
poi_500_215,poi_500_215,576,57.116087411873345
poi_500_215,poi_500_215,577,56.999998345654745
poi_500_215,poi_500_215,578,56.86493373447857
poi_500_215,poi_500_215,579,56.715759620986304
poi_500_215,poi_500_215,580,55.946672944175624
poi_500_215,poi_500_215,581,55.94090396543051
poi_500_215,poi_500_215,582,55.739755789398444
poi_500_215,poi_500_215,583,55.59630953301954
poi_500_215,poi_500_215,584,55.46231733921114
poi_500_215,poi_500_215,585,55.34117311027819
poi_500_215,poi_500_215,586,54.38211594503218
poi_500_215,poi_500_215,587,54.51941261184445
poi_500_215,poi_500_215,588,54.39228775399144
poi_500_215,poi_500_215,589,54.34808522522226
poi_500_215,poi_500_215,590,54.31363258203669
poi_500_215,poi_500_215,591,54.28931786441156
poi_500_215,poi_500_215,592,53.1828644244149
poi_500_215,poi_500_215,593,53.49348387200492
poi_500_215,poi_500_215,594,53.44887945655593
poi_500_215,poi_500_215,595,53.49614869014683
poi_500_215,poi_500_215,596,53.54338445287663
poi_500_215,poi_500_215,597,53.592071293116916
poi_500_215,poi_500_215,598,53.1828644244149
poi_500_215,poi_500_215,599,54.87875154567697
poi_500_25,poi_500_25,0,40.0
poi_500_25,poi_500_25,1,40.0
poi_500_25,poi_500_25,2,40.0
poi_500_25,poi_500_25,3,40.0
poi_500_25,poi_500_25,4,40.0
poi_500_25,poi_500_25,5,40.0
poi_500_25,poi_500_25,6,40.0
poi_500_25,poi_500_25,7,40.0
poi_500_25,poi_500_25,8,40.0
poi_500_25,poi_500_25,9,51.023501642226314
poi_500_25,poi_500_25,10,51.637837028812044
poi_500_25,poi_500_25,11,52.31008217740616
poi_500_25,poi_500_25,12,53.05013169807664
poi_500_25,poi_500_25,13,53.87074790444223
poi_500_25,poi_500_25,14,54.78879988855773
poi_500_25,poi_500_25,15,56.25455727514391
poi_500_25,poi_500_25,16,57.38508988429043
poi_500_25,poi_500_25,17,56.37307237010566
poi_500_25,poi_500_25,18,57.013909313815006
poi_500_25,poi_500_25,19,58.40464599860649
poi_500_25,poi_500_25,20,60.09837600297905
poi_500_25,poi_500_25,21,62.55612681851087
poi_500_25,poi_500_25,22,65.28131228757034
poi_500_25,poi_500_25,23,69.11993507755417
poi_500_25,poi_500_25,24,73.20172517725976
poi_500_25,poi_500_25,25,70.66983694277505
poi_500_25,poi_500_25,26,66.59691687191707
poi_500_25,poi_500_25,27,64.28979722572959
poi_500_25,poi_500_25,28,63.58973546324822
poi_500_25,poi_500_25,29,64.19411598064266
poi_500_25,poi_500_25,30,67.25180248467305
poi_500_25,poi_500_25,31,67.13750926398365
poi_500_25,poi_500_25,32,64.34621812226472
poi_500_25,poi_500_25,33,64.22645821502924
poi_500_25,poi_500_25,34,65.90831874207977
poi_500_25,poi_500_25,35,69.3115348245421
poi_500_25,poi_500_25,36,73.25937152915832
poi_500_25,poi_500_25,37,70.75191756247034
poi_500_25,poi_500_25,38,66.76824534340054
poi_500_25,poi_500_25,39,64.66571862469021
poi_500_25,poi_500_25,40,64.01686091290985
poi_500_25,poi_500_25,41,64.57123496188517
poi_500_25,poi_500_25,42,67.45095821987658
poi_500_25,poi_500_25,43,67.31290008995904
poi_500_25,poi_500_25,44,64.7320532411469
poi_500_25,poi_500_25,45,64.70963673351164
poi_500_25,poi_500_25,46,66.33357011829524
poi_500_25,poi_500_25,47,69.4664924892062
poi_500_25,poi_500_25,48,73.33183066054374
poi_500_25,poi_500_25,49,70.92091900571137
poi_500_25,poi_500_25,50,67.38115467852663
poi_500_25,poi_500_25,51,66.0890024861265
poi_500_25,poi_500_25,52,66.87911004931874
poi_500_25,poi_500_25,53,69.6160094203395
poi_500_25,poi_500_25,54,73.36215323024663
poi_500_25,poi_500_25,55,70.92220343403864
poi_500_25,poi_500_25,56,67.31039721954104
poi_500_25,poi_500_25,57,65.8893721227486
poi_500_25,poi_500_25,58,66.6060444544726
poi_500_25,poi_500_25,59,69.50833862229698
poi_500_25,poi_500_25,60,73.30490151697033
poi_500_25,poi_500_25,61,70.78013317744453
poi_500_25,poi_500_25,62,66.74557417023172
poi_500_25,poi_500_25,63,64.33595999562185
poi_500_25,poi_500_25,64,63.368427182080005
poi_500_25,poi_500_25,65,64.08950846072605
poi_500_25,poi_500_25,66,67.13581333827874
poi_500_25,poi_500_25,67,66.8240656515495
poi_500_25,poi_500_25,68,63.217364913499196
poi_500_25,poi_500_25,69,61.7897323300111
poi_500_25,poi_500_25,70,61.820385381061165
poi_500_25,poi_500_25,71,63.41347159803077
poi_500_25,poi_500_25,72,66.96538226296303
poi_500_25,poi_500_25,73,66.75356280868087
poi_500_25,poi_500_25,74,63.26828399138752
poi_500_25,poi_500_25,75,62.140647067721126
poi_500_25,poi_500_25,76,62.47715896496559
poi_500_25,poi_500_25,77,63.75756536155673
poi_500_25,poi_500_25,78,67.1746852718084
poi_500_25,poi_500_25,79,67.10402574843852
poi_500_25,poi_500_25,80,64.43873327214563
poi_500_25,poi_500_25,81,64.34100979192833
poi_500_25,poi_500_25,82,66.09894242026239
poi_500_25,poi_500_25,83,69.3556286282701
poi_500_25,poi_500_25,84,73.28513319662642
poi_500_25,poi_500_25,85,70.83245380701149
poi_500_25,poi_500_25,86,67.1508546870006
poi_500_25,poi_500_25,87,65.81413191604265
poi_500_25,poi_500_25,88,66.58403545077752
poi_500_25,poi_500_25,89,69.51649734598458
poi_500_25,poi_500_25,90,73.31646368334242
poi_500_25,poi_500_25,91,70.81683876627478
poi_500_25,poi_500_25,92,66.88590282146019
poi_500_25,poi_500_25,93,64.80897186035227
poi_500_25,poi_500_25,94,64.14555592345555
poi_500_25,poi_500_25,95,64.66103361877762
poi_500_25,poi_500_25,96,67.48836766218459
poi_500_25,poi_500_25,97,67.37203620109324
poi_500_25,poi_500_25,98,64.82409953377709
poi_500_25,poi_500_25,99,64.79035027615176
poi_500_25,poi_500_25,100,66.38256148519224
poi_500_25,poi_500_25,101,69.48765565527137
poi_500_25,poi_500_25,102,73.33959449914884
poi_500_25,poi_500_25,103,70.92091900571137
poi_500_25,poi_500_25,104,67.38115467852663
poi_500_25,poi_500_25,105,66.1810233989262
poi_500_25,poi_500_25,106,66.968594279231
poi_500_25,poi_500_25,107,69.67250183875367
poi_500_25,poi_500_25,108,73.39083336503448
poi_500_25,poi_500_25,109,70.98338011961494
poi_500_25,poi_500_25,110,67.48350685854463
poi_500_25,poi_500_25,111,66.19269878900171
poi_500_25,poi_500_25,112,66.94616492766936
poi_500_25,poi_500_25,113,69.64431512757281
poi_500_25,poi_500_25,114,73.37177494268639
poi_500_25,poi_500_25,115,70.94806108468981
poi_500_25,poi_500_25,116,67.36147429113319
poi_500_25,poi_500_25,117,66.04598073023243
poi_500_25,poi_500_25,118,66.74630722098468
poi_500_25,poi_500_25,119,69.58692348147032
poi_500_25,poi_500_25,120,73.34172100040561
poi_500_25,poi_500_25,121,70.84332949131378
poi_500_25,poi_500_25,122,66.94219063199836
poi_500_25,poi_500_25,123,64.7634787112342
poi_500_25,poi_500_25,124,64.0565283253506
poi_500_25,poi_500_25,125,64.54570698695483
poi_500_25,poi_500_25,126,67.40616113957778
poi_500_25,poi_500_25,127,67.2302164284851
poi_500_25,poi_500_25,128,64.49917679630333
poi_500_25,poi_500_25,129,64.22504747596876
poi_500_25,poi_500_25,130,65.88082366464734
poi_500_25,poi_500_25,131,69.28567686308342
poi_500_25,poi_500_25,132,73.24274289917037
poi_500_25,poi_500_25,133,70.68736693174503
poi_500_25,poi_500_25,134,66.56340164978474
poi_500_25,poi_500_25,135,64.22796007929716
poi_500_25,poi_500_25,136,63.32191296017144
poi_500_25,poi_500_25,137,64.1178546811133
poi_500_25,poi_500_25,138,67.1834719250798
poi_500_25,poi_500_25,139,66.91477088902975
poi_500_25,poi_500_25,140,63.52739847442553
poi_500_25,poi_500_25,141,62.17018737985224
poi_500_25,poi_500_25,142,62.41377129422958
poi_500_25,poi_500_25,143,63.64647609399413
poi_500_25,poi_500_25,144,67.09437734911738
poi_500_25,poi_500_25,145,67.01722725102573
poi_500_25,poi_500_25,146,64.18910877123211
poi_500_25,poi_500_25,147,63.96514230962754
poi_500_25,poi_500_25,148,65.73880591670202
poi_500_25,poi_500_25,149,69.23259461627597
poi_500_25,poi_500_25,150,73.22487345662346
poi_500_25,poi_500_25,151,70.65990452249673
poi_500_25,poi_500_25,152,66.50194753235793
poi_500_25,poi_500_25,153,63.98765062191064
poi_500_25,poi_500_25,154,63.00711463880502
poi_500_25,poi_500_25,155,63.834444200414225
poi_500_25,poi_500_25,156,67.02939269120522
poi_500_25,poi_500_25,157,66.75691510262351
poi_500_25,poi_500_25,158,63.08347029944504
poi_500_25,poi_500_25,159,61.35922439040314
poi_500_25,poi_500_25,160,61.368598236314995
poi_500_25,poi_500_25,161,63.078184168223935
poi_500_25,poi_500_25,162,66.80321810558564
poi_500_25,poi_500_25,163,66.58962330273518
poi_500_25,poi_500_25,164,62.79552436776485
poi_500_25,poi_500_25,165,61.035618790499974
poi_500_25,poi_500_25,166,61.12134462280672
poi_500_25,poi_500_25,167,62.94830170141273
poi_500_25,poi_500_25,168,66.7593835158594
poi_500_25,poi_500_25,169,66.51871761699157
poi_500_25,poi_500_25,170,62.647736746763954
poi_500_25,poi_500_25,171,61.142197098788465
poi_500_25,poi_500_25,172,61.294648391778836
poi_500_25,poi_500_25,173,63.11393260230227
poi_500_25,poi_500_25,174,66.85464754404906
poi_500_25,poi_500_25,175,66.68530456771896
poi_500_25,poi_500_25,176,63.13597408278987
poi_500_25,poi_500_25,177,61.745127478449355
poi_500_25,poi_500_25,178,62.0916858720744
poi_500_25,poi_500_25,179,63.448748707696645
poi_500_25,poi_500_25,180,67.02028837589704
poi_500_25,poi_500_25,181,66.95301962215422
poi_500_25,poi_500_25,182,64.08239114755455
poi_500_25,poi_500_25,183,63.86734692186856
poi_500_25,poi_500_25,184,65.68193525543258
poi_500_25,poi_500_25,185,69.2101480010287
poi_500_25,poi_500_25,186,73.21690160879076
poi_500_25,poi_500_25,187,70.65990452249673
poi_500_25,poi_500_25,188,66.50194753235793
poi_500_25,poi_500_25,189,63.98765062191064
poi_500_25,poi_500_25,190,63.00711463880502
poi_500_25,poi_500_25,191,63.834444200414225
poi_500_25,poi_500_25,192,67.02939269120522
poi_500_25,poi_500_25,193,66.75691510262351
poi_500_25,poi_500_25,194,63.08347029944504
poi_500_25,poi_500_25,195,61.627146494114264
poi_500_25,poi_500_25,196,61.6788226900412
poi_500_25,poi_500_25,197,63.327123742462206
poi_500_25,poi_500_25,198,66.93159149741903
poi_500_25,poi_500_25,199,66.75356280868087
poi_500_25,poi_500_25,200,63.26828399138752
poi_500_25,poi_500_25,201,62.140647067721126
poi_500_25,poi_500_25,202,62.47715896496559
poi_500_25,poi_500_25,203,63.75756536155673
poi_500_25,poi_500_25,204,67.1746852718084
poi_500_25,poi_500_25,205,67.10402574843852
poi_500_25,poi_500_25,206,64.43873327214563
poi_500_25,poi_500_25,207,64.34100979192833
poi_500_25,poi_500_25,208,66.09894242026239
poi_500_25,poi_500_25,209,69.3556286282701
poi_500_25,poi_500_25,210,73.28513319662642
poi_500_25,poi_500_25,211,70.83245380701149
poi_500_25,poi_500_25,212,67.1508546870006
poi_500_25,poi_500_25,213,65.71390497562484
poi_500_25,poi_500_25,214,66.48617215557364
poi_500_25,poi_500_25,215,69.45792476047426
poi_500_25,poi_500_25,216,73.28728652584039
poi_500_25,poi_500_25,217,70.75325295047656
poi_500_25,poi_500_25,218,66.68666173937181
poi_500_25,poi_500_25,219,64.24625147061631
poi_500_25,poi_500_25,220,63.2697974450054
poi_500_25,poi_500_25,221,64.01571428005744
poi_500_25,poi_500_25,222,67.10332782419279
poi_500_25,poi_500_25,223,66.8240656515495
poi_500_25,poi_500_25,224,63.217364913499196
poi_500_25,poi_500_25,225,61.7897323300111
poi_500_25,poi_500_25,226,61.82038538106116
poi_500_25,poi_500_25,227,63.41347159803077
poi_500_25,poi_500_25,228,66.96538226296303
poi_500_25,poi_500_25,229,66.75356280868087
poi_500_25,poi_500_25,230,63.26828399138752
poi_500_25,poi_500_25,231,61.903434388944035
poi_500_25,poi_500_25,232,62.22059932346333
poi_500_25,poi_500_25,233,63.53273483047201
poi_500_25,poi_500_25,234,67.05339862230466
poi_500_25,poi_500_25,235,66.95301962215422
poi_500_25,poi_500_25,236,64.08239114755455
poi_500_25,poi_500_25,237,64.0197586510586
poi_500_25,poi_500_25,238,65.7994405315809
poi_500_25,poi_500_25,239,69.27213504880957
poi_500_25,poi_500_25,240,73.24655386130861
poi_500_25,poi_500_25,241,70.7248615823282
poi_500_25,poi_500_25,242,66.70964172660481
poi_500_25,poi_500_25,243,64.44903603192499
poi_500_25,poi_500_25,244,63.750074438538114
poi_500_25,poi_500_25,245,64.31675941103184
poi_500_25,poi_500_25,246,67.30623766135994
poi_500_25,poi_500_25,247,67.16910346369902
poi_500_25,poi_500_25,248,64.39989745211973
poi_500_25,poi_500_25,249,64.27650988423142
poi_500_25,poi_500_25,250,65.93952067085246
poi_500_25,poi_500_25,251,69.32473910243449
poi_500_25,poi_500_25,252,73.2643345020527
poi_500_25,poi_500_25,253,70.75191756247034
poi_500_25,poi_500_25,254,66.76824534340054
poi_500_25,poi_500_25,255,64.53469218392594
poi_500_25,poi_500_25,256,63.8384827470939
poi_500_25,poi_500_25,257,64.385650559506
poi_500_25,poi_500_25,258,67.33724558811866
poi_500_25,poi_500_25,259,67.16910346369902
poi_500_25,poi_500_25,260,64.39989745211973
poi_500_25,poi_500_25,261,64.13299365416233
poi_500_25,poi_500_25,262,65.82579428246251
poi_500_25,poi_500_25,263,69.26350363214485
poi_500_25,poi_500_25,264,73.23480381478134
poi_500_25,poi_500_25,265,70.68736693174503
poi_500_25,poi_500_25,266,66.56340164978474
poi_500_25,poi_500_25,267,64.22796007929716
poi_500_25,poi_500_25,268,63.32191296017144
poi_500_25,poi_500_25,269,64.1178546811133
poi_500_25,poi_500_25,270,67.1834719250798
poi_500_25,poi_500_25,271,66.91477088902975
poi_500_25,poi_500_25,272,63.52739847442553
poi_500_25,poi_500_25,273,62.17018737985224
poi_500_25,poi_500_25,274,62.41377129422958
poi_500_25,poi_500_25,275,63.64647609399413
poi_500_25,poi_500_25,276,67.09437734911738
poi_500_25,poi_500_25,277,67.01722725102573
poi_500_25,poi_500_25,278,64.18910877123211
poi_500_25,poi_500_25,279,64.11421792888645
poi_500_25,poi_500_25,280,65.85480273107957
poi_500_25,poi_500_25,281,69.29426436713749
poi_500_25,poi_500_25,282,73.25447151469443
poi_500_25,poi_500_25,283,70.7248615823282
poi_500_25,poi_500_25,284,66.70964172660481
poi_500_25,poi_500_25,285,64.58263262981396
poi_500_25,poi_500_25,286,63.93204521666705
poi_500_25,poi_500_25,287,64.50524769108718
poi_500_25,poi_500_25,288,67.42075443931806
poi_500_25,poi_500_25,289,67.31290008995904
poi_500_25,poi_500_25,290,64.7320532411469
poi_500_25,poi_500_25,291,64.57994850526762
poi_500_25,poi_500_25,292,66.22982701829544
poi_500_25,poi_500_25,293,69.40723695043764
poi_500_25,poi_500_25,294,73.3027569061271
poi_500_25,poi_500_25,295,70.85884974412609
poi_500_25,poi_500_25,296,67.20383140762488
poi_500_25,poi_500_25,297,65.876850911655
poi_500_25,poi_500_25,298,66.63029589716145
poi_500_25,poi_500_25,299,69.53741881851771
poi_500_25,poi_500_25,300,73.32425501732592
poi_500_25,poi_500_25,301,70.81683876627478
poi_500_25,poi_500_25,302,66.88590282146019
poi_500_25,poi_500_25,303,64.68225949935078
poi_500_25,poi_500_25,304,63.9724912977463
poi_500_25,poi_500_25,305,64.47932771045399
poi_500_25,poi_500_25,306,67.3756430945655
poi_500_25,poi_500_25,307,67.2302164284851
poi_500_25,poi_500_25,308,64.49917679630333
poi_500_25,poi_500_25,309,64.22504747596876
poi_500_25,poi_500_25,310,65.88082366464734
poi_500_25,poi_500_25,311,69.28567686308342
poi_500_25,poi_500_25,312,73.24274289917037
poi_500_25,poi_500_25,313,70.68736693174503
poi_500_25,poi_500_25,314,66.56340164978474
poi_500_25,poi_500_25,315,64.22796007929716
poi_500_25,poi_500_25,316,63.32191296017144
poi_500_25,poi_500_25,317,64.1178546811133
poi_500_25,poi_500_25,318,67.1834719250798
poi_500_25,poi_500_25,319,66.91477088902975
poi_500_25,poi_500_25,320,63.52739847442553
poi_500_25,poi_500_25,321,62.393625572873994
poi_500_25,poi_500_25,322,62.659479105605264
poi_500_25,poi_500_25,323,63.86563895326741
poi_500_25,poi_500_25,324,67.21454056924864
poi_500_25,poi_500_25,325,67.16605481013318
poi_500_25,poi_500_25,326,64.53713872806536
poi_500_25,poi_500_25,327,64.42880161055507
poi_500_25,poi_500_25,328,66.15063722432515
poi_500_25,poi_500_25,329,69.37733762294091
poi_500_25,poi_500_25,330,73.29298089045506
poi_500_25,poi_500_25,331,70.83245380701149
poi_500_25,poi_500_25,332,67.1508546870006
poi_500_25,poi_500_25,333,65.71390497562484
poi_500_25,poi_500_25,334,66.48617215557364
poi_500_25,poi_500_25,335,69.45792476047426
poi_500_25,poi_500_25,336,73.28728652584039
poi_500_25,poi_500_25,337,70.75325295047656
poi_500_25,poi_500_25,338,66.68666173937181
poi_500_25,poi_500_25,339,64.24625147061631
poi_500_25,poi_500_25,340,63.2697974450054
poi_500_25,poi_500_25,341,64.01571428005744
poi_500_25,poi_500_25,342,67.10332782419279
poi_500_25,poi_500_25,343,66.8240656515495
poi_500_25,poi_500_25,344,63.217364913499196
poi_500_25,poi_500_25,345,61.531953093519654
poi_500_25,poi_500_25,346,61.52046170538877
poi_500_25,poi_500_25,347,63.16957289165047
poi_500_25,poi_500_25,348,66.8380185523724
poi_500_25,poi_500_25,349,66.58962330273518
poi_500_25,poi_500_25,350,62.79552436776485
poi_500_25,poi_500_25,351,61.035618790499974
poi_500_25,poi_500_25,352,61.12134462280672
poi_500_25,poi_500_25,353,62.94830170141273
poi_500_25,poi_500_25,354,66.7593835158594
poi_500_25,poi_500_25,355,66.51871761699157
poi_500_25,poi_500_25,356,62.647736746763954
poi_500_25,poi_500_25,357,61.142197098788465
poi_500_25,poi_500_25,358,61.294648391778836
poi_500_25,poi_500_25,359,63.11393260230227
poi_500_25,poi_500_25,360,66.85464754404906
poi_500_25,poi_500_25,361,66.68530456771896
poi_500_25,poi_500_25,362,63.13597408278987
poi_500_25,poi_500_25,363,61.99090181858854
poi_500_25,poi_500_25,364,62.35574487054858
poi_500_25,poi_500_25,365,63.6778556327973
poi_500_25,poi_500_25,366,67.14249030057091
poi_500_25,poi_500_25,367,67.10402574843852
poi_500_25,poi_500_25,368,64.43873327214563
poi_500_25,poi_500_25,369,64.34100979192833
poi_500_25,poi_500_25,370,66.09894242026239
poi_500_25,poi_500_25,371,69.3556286282701
poi_500_25,poi_500_25,372,73.28513319662642
poi_500_25,poi_500_25,373,70.83245380701149
poi_500_25,poi_500_25,374,67.1508546870006
poi_500_25,poi_500_25,375,65.71390497562484
poi_500_25,poi_500_25,376,66.48617215557364
poi_500_25,poi_500_25,377,69.45792476047426
poi_500_25,poi_500_25,378,73.28728652584039
poi_500_25,poi_500_25,379,70.75325295047656
poi_500_25,poi_500_25,380,66.68666173937181
poi_500_25,poi_500_25,381,64.38613223527958
poi_500_25,poi_500_25,382,63.472557415143314
poi_500_25,poi_500_25,383,64.21742219231436
poi_500_25,poi_500_25,384,67.22324703648448
poi_500_25,poi_500_25,385,66.97954228353875
poi_500_25,poi_500_25,386,63.648462458025314
poi_500_25,poi_500_25,387,62.53031566082558
poi_500_25,poi_500_25,388,62.77279798348535
poi_500_25,poi_500_25,389,63.94200506538365
poi_500_25,poi_500_25,390,67.24620775257705
poi_500_25,poi_500_25,391,67.16605481013318
poi_500_25,poi_500_25,392,64.53713872806536
poi_500_25,poi_500_25,393,64.56301256509799
poi_500_25,poi_500_25,394,66.25626631046647
poi_500_25,poi_500_25,395,69.43699971936928
poi_500_25,poi_500_25,396,73.32211994461083
poi_500_25,poi_500_25,397,70.89489876000764
poi_500_25,poi_500_25,398,67.33030990009107
poi_500_25,poi_500_25,399,66.12257551571643
poi_500_25,poi_500_25,400,66.92581769670267
poi_500_25,poi_500_25,401,69.65222259008137
poi_500_25,poi_500_25,402,73.3831606678858
poi_500_25,poi_500_25,403,70.98338011961494
poi_500_25,poi_500_25,404,67.48350685854463
poi_500_25,poi_500_25,405,66.19269878900171
poi_500_25,poi_500_25,406,66.94616492766936
poi_500_25,poi_500_25,407,69.64431512757281
poi_500_25,poi_500_25,408,73.37177494268639
poi_500_25,poi_500_25,409,70.94806108468981
poi_500_25,poi_500_25,410,67.36147429113319
poi_500_25,poi_500_25,411,66.04598073023243
poi_500_25,poi_500_25,412,66.74630722098468
poi_500_25,poi_500_25,413,69.58692348147032
poi_500_25,poi_500_25,414,73.34172100040561
poi_500_25,poi_500_25,415,70.84332949131378
poi_500_25,poi_500_25,416,66.94219063199836
poi_500_25,poi_500_25,417,64.8878766941369
poi_500_25,poi_500_25,418,64.22634029809356
poi_500_25,poi_500_25,419,64.72471277011621
poi_500_25,poi_500_25,420,67.51810644987371
poi_500_25,poi_500_25,421,67.37203620109324
poi_500_25,poi_500_25,422,64.82409953377709
poi_500_25,poi_500_25,423,64.79035027615176
poi_500_25,poi_500_25,424,66.38256148519224
poi_500_25,poi_500_25,425,69.48765565527137
poi_500_25,poi_500_25,426,73.33959449914884
poi_500_25,poi_500_25,427,70.92091900571137
poi_500_25,poi_500_25,428,67.38115467852663
poi_500_25,poi_500_25,429,66.1810233989262
poi_500_25,poi_500_25,430,66.968594279231
poi_500_25,poi_500_25,431,69.67250183875367
poi_500_25,poi_500_25,432,73.39083336503448
poi_500_25,poi_500_25,433,70.98338011961494
poi_500_25,poi_500_25,434,67.48350685854463
poi_500_25,poi_500_25,435,66.19269878900171
poi_500_25,poi_500_25,436,66.94616492766936
poi_500_25,poi_500_25,437,69.64431512757281
poi_500_25,poi_500_25,438,73.37177494268639
poi_500_25,poi_500_25,439,70.94806108468981
poi_500_25,poi_500_25,440,67.36147429113319
poi_500_25,poi_500_25,441,66.04598073023243
poi_500_25,poi_500_25,442,66.74630722098468
poi_500_25,poi_500_25,443,69.58692348147032
poi_500_25,poi_500_25,444,73.34172100040561
poi_500_25,poi_500_25,445,70.84332949131378
poi_500_25,poi_500_25,446,66.94219063199836
poi_500_25,poi_500_25,447,64.8878766941369
poi_500_25,poi_500_25,448,64.22634029809356
poi_500_25,poi_500_25,449,64.72471277011621
poi_500_25,poi_500_25,450,67.51810644987371
poi_500_25,poi_500_25,451,67.37203620109324
poi_500_25,poi_500_25,452,64.82409953377709
poi_500_25,poi_500_25,453,64.79035027615176
poi_500_25,poi_500_25,454,66.38256148519224
poi_500_25,poi_500_25,455,69.48765565527137
poi_500_25,poi_500_25,456,73.33959449914884
poi_500_25,poi_500_25,457,70.92091900571137
poi_500_25,poi_500_25,458,67.38115467852663
poi_500_25,poi_500_25,459,66.0890024861265
poi_500_25,poi_500_25,460,66.87911004931874
poi_500_25,poi_500_25,461,69.6160094203395
poi_500_25,poi_500_25,462,73.36215323024663
poi_500_25,poi_500_25,463,70.92220343403864
poi_500_25,poi_500_25,464,67.31039721954104
poi_500_25,poi_500_25,465,65.98567399966724
poi_500_25,poi_500_25,466,66.70127249672296
poi_500_25,poi_500_25,467,69.56623970159796
poi_500_25,poi_500_25,468,73.3339609657923
poi_500_25,poi_500_25,469,70.84332949131378
poi_500_25,poi_500_25,470,66.94219063199836
poi_500_25,poi_500_25,471,64.7634787112342
poi_500_25,poi_500_25,472,64.0565283253506
poi_500_25,poi_500_25,473,64.54570698695483
poi_500_25,poi_500_25,474,67.40616113957778
poi_500_25,poi_500_25,475,67.2302164284851
poi_500_25,poi_500_25,476,64.49917679630333
poi_500_25,poi_500_25,477,64.36560190418871
poi_500_25,poi_500_25,478,65.9931364750434
poi_500_25,poi_500_25,479,69.34660266500592
poi_500_25,poi_500_25,480,73.27221983504452
poi_500_25,poi_500_25,481,70.75191756247034
poi_500_25,poi_500_25,482,66.76824534340054
poi_500_25,poi_500_25,483,64.53469218392594
poi_500_25,poi_500_25,484,63.8384827470939
poi_500_25,poi_500_25,485,64.385650559506
poi_500_25,poi_500_25,486,67.33724558811866
poi_500_25,poi_500_25,487,67.16910346369902
poi_500_25,poi_500_25,488,64.39989745211973
poi_500_25,poi_500_25,489,64.13299365416233
poi_500_25,poi_500_25,490,65.82579428246251
poi_500_25,poi_500_25,491,69.26350363214485
poi_500_25,poi_500_25,492,73.23480381478134
poi_500_25,poi_500_25,493,70.68736693174503
poi_500_25,poi_500_25,494,66.56340164978474
poi_500_25,poi_500_25,495,64.22796007929716
poi_500_25,poi_500_25,496,63.32191296017144
poi_500_25,poi_500_25,497,64.1178546811133
poi_500_25,poi_500_25,498,67.1834719250798
poi_500_25,poi_500_25,499,66.91477088902975
poi_500_25,poi_500_25,500,63.52739847442553
poi_500_25,poi_500_25,501,62.393625572873994
poi_500_25,poi_500_25,502,62.659479105605264
poi_500_25,poi_500_25,503,63.86563895326741
poi_500_25,poi_500_25,504,67.21454056924864
poi_500_25,poi_500_25,505,67.16605481013318
poi_500_25,poi_500_25,506,64.53713872806536
poi_500_25,poi_500_25,507,64.42880161055507
poi_500_25,poi_500_25,508,66.15063722432515
poi_500_25,poi_500_25,509,69.37733762294091
poi_500_25,poi_500_25,510,73.29298089045506
poi_500_25,poi_500_25,511,70.83245380701149
poi_500_25,poi_500_25,512,67.1508546870006
poi_500_25,poi_500_25,513,65.71390497562484
poi_500_25,poi_500_25,514,66.48617215557364
poi_500_25,poi_500_25,515,69.45792476047426
poi_500_25,poi_500_25,516,73.28728652584039
poi_500_25,poi_500_25,517,70.75325295047656
poi_500_25,poi_500_25,518,66.68666173937181
poi_500_25,poi_500_25,519,64.24625147061631
poi_500_25,poi_500_25,520,63.2697974450054
poi_500_25,poi_500_25,521,64.01571428005744
poi_500_25,poi_500_25,522,67.10332782419279
poi_500_25,poi_500_25,523,66.8240656515495
poi_500_25,poi_500_25,524,63.217364913499196
poi_500_25,poi_500_25,525,61.7897323300111
poi_500_25,poi_500_25,526,61.82038538106116
poi_500_25,poi_500_25,527,63.41347159803077
poi_500_25,poi_500_25,528,66.96538226296303
poi_500_25,poi_500_25,529,66.75356280868087
poi_500_25,poi_500_25,530,63.26828399138752
poi_500_25,poi_500_25,531,62.140647067721126
poi_500_25,poi_500_25,532,62.47715896496559
poi_500_25,poi_500_25,533,63.75756536155673
poi_500_25,poi_500_25,534,67.1746852718084
poi_500_25,poi_500_25,535,67.10402574843852
poi_500_25,poi_500_25,536,64.43873327214563
poi_500_25,poi_500_25,537,64.47791865062251
poi_500_25,poi_500_25,538,66.20582090262403
poi_500_25,poi_500_25,539,69.41558764868053
poi_500_25,poi_500_25,540,73.31432477588
poi_500_25,poi_500_25,541,70.89489876000764
poi_500_25,poi_500_25,542,67.33030990009107
poi_500_25,poi_500_25,543,66.02929431762787
poi_500_25,poi_500_25,544,66.83543844108598
poi_500_25,poi_500_25,545,69.59546402988343
poi_500_25,poi_500_25,546,73.35442965088814
poi_500_25,poi_500_25,547,70.92220343403864
poi_500_25,poi_500_25,548,67.31039721954104
poi_500_25,poi_500_25,549,65.98567399966724
poi_500_25,poi_500_25,550,66.70127249672296
poi_500_25,poi_500_25,551,69.56623970159796
poi_500_25,poi_500_25,552,73.3339609657923
poi_500_25,poi_500_25,553,70.84332949131378
poi_500_25,poi_500_25,554,66.94219063199836
poi_500_25,poi_500_25,555,64.8878766941369
poi_500_25,poi_500_25,556,64.22634029809356
poi_500_25,poi_500_25,557,64.72471277011621
poi_500_25,poi_500_25,558,67.51810644987371
poi_500_25,poi_500_25,559,67.37203620109324
poi_500_25,poi_500_25,560,64.82409953377709
poi_500_25,poi_500_25,561,64.79035027615176
poi_500_25,poi_500_25,562,66.38256148519224
poi_500_25,poi_500_25,563,69.48765565527137
poi_500_25,poi_500_25,564,73.33959449914884
poi_500_25,poi_500_25,565,70.92091900571137
poi_500_25,poi_500_25,566,67.38115467852663
poi_500_25,poi_500_25,567,66.0890024861265
poi_500_25,poi_500_25,568,66.87911004931874
poi_500_25,poi_500_25,569,69.6160094203395
poi_500_25,poi_500_25,570,73.36215323024663
poi_500_25,poi_500_25,571,70.92220343403864
poi_500_25,poi_500_25,572,67.31039721954104
poi_500_25,poi_500_25,573,65.8893721227486
poi_500_25,poi_500_25,574,66.6060444544726
poi_500_25,poi_500_25,575,69.50833862229698
poi_500_25,poi_500_25,576,73.30490151697033
poi_500_25,poi_500_25,577,70.78013317744453
poi_500_25,poi_500_25,578,66.74557417023172
poi_500_25,poi_500_25,579,64.33595999562185
poi_500_25,poi_500_25,580,63.368427182080005
poi_500_25,poi_500_25,581,64.08950846072605
poi_500_25,poi_500_25,582,67.13581333827874
poi_500_25,poi_500_25,583,66.8240656515495
poi_500_25,poi_500_25,584,63.217364913499196
poi_500_25,poi_500_25,585,61.531953093519654
poi_500_25,poi_500_25,586,61.52046170538877
poi_500_25,poi_500_25,587,63.16957289165047
poi_500_25,poi_500_25,588,66.8380185523724
poi_500_25,poi_500_25,589,66.58962330273518
poi_500_25,poi_500_25,590,62.79552436776485
poi_500_25,poi_500_25,591,61.035618790499974
poi_500_25,poi_500_25,592,61.12134462280672
poi_500_25,poi_500_25,593,62.94830170141273
poi_500_25,poi_500_25,594,66.7593835158594
poi_500_25,poi_500_25,595,66.51871761699157
poi_500_25,poi_500_25,596,62.647736746763954
poi_500_25,poi_500_25,597,61.142197098788465
poi_500_25,poi_500_25,598,61.294648391778836
poi_500_25,poi_500_25,599,63.11393260230227
poi_500_35,poi_500_35,0,40.0
poi_500_35,poi_500_35,1,40.0
poi_500_35,poi_500_35,2,40.0
poi_500_35,poi_500_35,3,40.0
poi_500_35,poi_500_35,4,40.0
poi_500_35,poi_500_35,5,40.0
poi_500_35,poi_500_35,6,40.0
poi_500_35,poi_500_35,7,40.0
poi_500_35,poi_500_35,8,40.0
poi_500_35,poi_500_35,9,51.00961997978875
poi_500_35,poi_500_35,10,51.62148682544888
poi_500_35,poi_500_35,11,52.29059660521901
poi_500_35,poi_500_35,12,53.026583044022885
poi_500_35,poi_500_35,13,53.84180664976907
poi_500_35,poi_500_35,14,54.752491903961726
poi_500_35,poi_500_35,15,56.21119703900156
poi_500_35,poi_500_35,16,57.32691782946888
poi_500_35,poi_500_35,17,56.299954662807735
poi_500_35,poi_500_35,18,56.91579771705552
poi_500_35,poi_500_35,19,58.26405435455395
poi_500_35,poi_500_35,20,59.883107224219444
poi_500_35,poi_500_35,21,62.21916883213573
poi_500_35,poi_500_35,22,64.61204169131517
poi_500_35,poi_500_35,23,67.51497405147164
poi_500_35,poi_500_35,24,69.80721181085913
poi_500_35,poi_500_35,25,68.5370161793222
poi_500_35,poi_500_35,26,65.76707813038153
poi_500_35,poi_500_35,27,63.91413741253997
poi_500_35,poi_500_35,28,63.288106896004166
poi_500_35,poi_500_35,29,63.460186922257265
poi_500_35,poi_500_35,30,64.98114271079862
poi_500_35,poi_500_35,31,64.987784502811
poi_500_35,poi_500_35,32,63.66179764256952
poi_500_35,poi_500_35,33,63.86326185096603
poi_500_35,poi_500_35,34,65.3031553074709
poi_500_35,poi_500_35,35,67.78199950757565
poi_500_35,poi_500_35,36,69.92990510362776
poi_500_35,poi_500_35,37,68.66864495406999
poi_500_35,poi_500_35,38,65.97169887775922
poi_500_35,poi_500_35,39,64.32014229615221
poi_500_35,poi_500_35,40,63.74219251275086
poi_500_35,poi_500_35,41,63.901296786088196
poi_500_35,poi_500_35,42,65.31039061677315
poi_500_35,poi_500_35,43,65.27007994374424
poi_500_35,poi_500_35,44,64.1067422544265
poi_500_35,poi_500_35,45,64.38100627372609
poi_500_35,poi_500_35,46,65.78213286680486
poi_500_35,poi_500_35,47,67.99692335205162
poi_500_35,poi_500_35,48,70.0807101284145
poi_500_35,poi_500_35,49,68.92896222733057
poi_500_35,poi_500_35,50,66.66161237309603
poi_500_35,poi_500_35,51,65.71865396668599
poi_500_35,poi_500_35,52,66.35559108578863
poi_500_35,poi_500_35,53,68.19397364492573
poi_500_35,poi_500_35,54,70.14127401833866
poi_500_35,poi_500_35,55,68.92913083418583
poi_500_35,poi_500_35,56,66.57728005682212
poi_500_35,poi_500_35,57,65.50266222193119
poi_500_35,poi_500_35,58,66.05110811466577
poi_500_35,poi_500_35,59,68.04713624901619
poi_500_35,poi_500_35,60,70.02371482891527
poi_500_35,poi_500_35,61,68.71192548939081
poi_500_35,poi_500_35,62,65.94327953188484
poi_500_35,poi_500_35,63,63.96467125042199
poi_500_35,poi_500_35,64,63.05798731345349
poi_500_35,poi_500_35,65,63.344292219288114
poi_500_35,poi_500_35,66,64.79462832259068
poi_500_35,poi_500_35,67,64.48669714303628
poi_500_35,poi_500_35,68,62.404955535085314
poi_500_35,poi_500_35,69,61.479344277755274
poi_500_35,poi_500_35,70,61.500864556253696
poi_500_35,poi_500_35,71,62.57210751914306
poi_500_35,poi_500_35,72,64.51100247879054
poi_500_35,poi_500_35,73,64.37124202329565
poi_500_35,poi_500_35,74,62.46888014236021
poi_500_35,poi_500_35,75,61.8515475365023
poi_500_35,poi_500_35,76,62.192679906488834
poi_500_35,poi_500_35,77,62.976170343662545
poi_500_35,poi_500_35,78,64.86147688859288
poi_500_35,poi_500_35,79,64.93775623036991
poi_500_35,poi_500_35,80,63.77160298868021
poi_500_35,poi_500_35,81,63.985811840403386
poi_500_35,poi_500_35,82,65.51675484945267
poi_500_35,poi_500_35,83,67.84162284087502
poi_500_35,poi_500_35,84,69.98201524977576
poi_500_35,poi_500_35,85,68.78913110658112
poi_500_35,poi_500_35,86,66.39072075917859
poi_500_35,poi_500_35,87,65.42230239107047
poi_500_35,poi_500_35,88,66.02698005620918
poi_500_35,poi_500_35,89,68.05873631590126
poi_500_35,poi_500_35,90,70.04819145106975
poi_500_35,poi_500_35,91,68.77040868498429
poi_500_35,poi_500_35,92,66.1098394416502
poi_500_35,poi_500_35,93,64.47252949892241
poi_500_35,poi_500_35,94,63.87730129792182
poi_500_35,poi_500_35,95,64.00469071574142
poi_500_35,poi_500_35,96,65.37085868784126
poi_500_35,poi_500_35,97,65.36379931888625
poi_500_35,poi_500_35,98,64.21233612986535
poi_500_35,poi_500_35,99,64.46761858944852
poi_500_35,poi_500_35,100,65.83749889717436
poi_500_35,poi_500_35,101,68.02647697525552
poi_500_35,poi_500_35,102,70.09705625095125
poi_500_35,poi_500_35,103,68.92896222733057
poi_500_35,poi_500_35,104,66.66161237309603
poi_500_35,poi_500_35,105,65.81842547821523
poi_500_35,poi_500_35,106,66.45599982479546
poi_500_35,poi_500_35,107,68.27178186528148
poi_500_35,poi_500_35,108,70.20092287302319
poi_500_35,poi_500_35,109,69.02487030509947
poi_500_35,poi_500_35,110,66.77973569677219
poi_500_35,poi_500_35,111,65.82961717267642
poi_500_35,poi_500_35,112,66.43013022902315
poi_500_35,poi_500_35,113,68.23274111792479
poi_500_35,poi_500_35,114,70.16124804393816
poi_500_35,poi_500_35,115,68.9697365176457
poi_500_35,poi_500_35,116,66.63737901275047
poi_500_35,poi_500_35,117,65.67292315664531
poi_500_35,poi_500_35,118,66.20951366433007
poi_500_35,poi_500_35,119,68.15627608465421
poi_500_35,poi_500_35,120,70.10131893415537
poi_500_35,poi_500_35,121,68.81251853668064
poi_500_35,poi_500_35,122,66.17671559780422
poi_500_35,poi_500_35,123,64.42344315440872
poi_500_35,poi_500_35,124,63.78294637802967
poi_500_35,poi_500_35,125,63.871018057930364
poi_500_35,poi_500_35,126,65.23711373103839
poi_500_35,poi_500_35,127,65.13803289021476
poi_500_35,poi_500_35,128,63.839520762882536
poi_500_35,poi_500_35,129,63.86165886252275
poi_500_35,poi_500_35,130,65.27172690806127
poi_500_35,poi_500_35,131,67.74544865438071
poi_500_35,poi_500_35,132,69.89432821617626
poi_500_35,poi_500_35,133,68.56462273644938
poi_500_35,poi_500_35,134,65.72665451635098
poi_500_35,poi_500_35,135,63.84970725874791
poi_500_35,poi_500_35,136,63.00978850257307
poi_500_35,poi_500_35,137,63.3784599019286
poi_500_35,poi_500_35,138,64.87569176891785
poi_500_35,poi_500_35,139,64.6397378159686
poi_500_35,poi_500_35,140,62.772451947006374
poi_500_35,poi_500_35,141,61.87939273642467
poi_500_35,poi_500_35,142,62.12329042352679
poi_500_35,poi_500_35,143,62.84257499299486
poi_500_35,poi_500_35,144,64.72428803797526
poi_500_35,poi_500_35,145,64.79503386402155
poi_500_35,poi_500_35,146,63.48221410606448
poi_500_35,poi_500_35,147,63.58188239080743
poi_500_35,poi_500_35,148,65.1095730658232
poi_500_35,poi_500_35,149,67.67020057001827
poi_500_35,poi_500_35,150,69.85587201898034
poi_500_35,poi_500_35,151,68.5200265830973
poi_500_35,poi_500_35,152,65.65241337094425
poi_500_35,poi_500_35,153,63.58790354881802
poi_500_35,poi_500_35,154,62.672014718250644
poi_500_35,poi_500_35,155,63.041919093885774
poi_500_35,poi_500_35,156,64.61162771244075
poi_500_35,poi_500_35,157,64.37172356244572
poi_500_35,poi_500_35,158,62.24383952870365
poi_500_35,poi_500_35,159,61.01707376574831
poi_500_35,poi_500_35,160,61.01465582169307
poi_500_35,poi_500_35,161,62.16358045504915
poi_500_35,poi_500_35,162,64.22302314831663
poi_500_35,poi_500_35,163,64.0855609783125
poi_500_35,poi_500_35,164,61.89937716150887
poi_500_35,poi_500_35,165,60.671897026716124
poi_500_35,poi_500_35,166,60.749563337224544
poi_500_35,poi_500_35,167,62.00458968441353
poi_500_35,poi_500_35,168,64.14409531368324
poi_500_35,poi_500_35,169,63.959298737235095
poi_500_35,poi_500_35,170,61.7179486763855
poi_500_35,poi_500_35,171,60.78745009162471
poi_500_35,poi_500_35,172,60.93724052613031
poi_500_35,poi_500_35,173,62.20836775852581
poi_500_35,poi_500_35,174,64.31536946126707
poi_500_35,poi_500_35,175,64.25312843409846
poi_500_35,poi_500_35,176,62.31016181449042
poi_500_35,poi_500_35,177,61.42915543797315
poi_500_35,poi_500_35,178,61.78157697107109
poi_500_35,poi_500_35,179,62.60553370375899
poi_500_35,poi_500_35,180,64.59652015611702
poi_500_35,poi_500_35,181,64.6880379482358
poi_500_35,poi_500_35,182,63.35700750526078
poi_500_35,poi_500_35,183,63.47543342945916
poi_500_35,poi_500_35,184,65.04402743175403
poi_500_35,poi_500_35,185,67.63811091678956
poi_500_35,poi_500_35,186,69.83859057972653
poi_500_35,poi_500_35,187,68.5200265830973
poi_500_35,poi_500_35,188,65.65241337094425
poi_500_35,poi_500_35,189,63.58790354881802
poi_500_35,poi_500_35,190,62.672014718250644
poi_500_35,poi_500_35,191,63.041919093885774
poi_500_35,poi_500_35,192,64.61162771244075
poi_500_35,poi_500_35,193,64.37172356244572
poi_500_35,poi_500_35,194,62.24383952870365
poi_500_35,poi_500_35,195,61.30526030596573
poi_500_35,poi_500_35,196,61.3489088218688
poi_500_35,poi_500_35,197,62.467444447001064
poi_500_35,poi_500_35,198,64.45154967693504
poi_500_35,poi_500_35,199,64.37124202329565
poi_500_35,poi_500_35,200,62.46888014236021
poi_500_35,poi_500_35,201,61.8515475365023
poi_500_35,poi_500_35,202,62.192679906488834
poi_500_35,poi_500_35,203,62.976170343662545
poi_500_35,poi_500_35,204,64.86147688859288
poi_500_35,poi_500_35,205,64.93775623036991
poi_500_35,poi_500_35,206,63.77160298868021
poi_500_35,poi_500_35,207,63.985811840403386
poi_500_35,poi_500_35,208,65.51675484945267
poi_500_35,poi_500_35,209,67.84162284087502
poi_500_35,poi_500_35,210,69.98201524977576
poi_500_35,poi_500_35,211,68.78913110658112
poi_500_35,poi_500_35,212,66.39072075917859
poi_500_35,poi_500_35,213,65.31288171797141
poi_500_35,poi_500_35,214,65.91601165433504
poi_500_35,poi_500_35,215,67.97697895016954
poi_500_35,poi_500_35,216,69.98639229907981
poi_500_35,poi_500_35,217,68.66882397608242
poi_500_35,poi_500_35,218,65.87268020223772
poi_500_35,poi_500_35,219,63.8673046061386
poi_500_35,poi_500_35,220,62.95237880488163
poi_500_35,poi_500_35,221,63.256850820028234
poi_500_35,poi_500_35,222,64.73895834856904
poi_500_35,poi_500_35,223,64.48669714303628
poi_500_35,poi_500_35,224,62.404955535085314
poi_500_35,poi_500_35,225,61.479344277755274
poi_500_35,poi_500_35,226,61.500864556253696
poi_500_35,poi_500_35,227,62.57210751914306
poi_500_35,poi_500_35,228,64.51100247879054
poi_500_35,poi_500_35,229,64.37124202329565
poi_500_35,poi_500_35,230,62.46888014236021
poi_500_35,poi_500_35,231,61.59843750394497
poi_500_35,poi_500_35,232,61.91934973457524
poi_500_35,poi_500_35,233,62.706959183914975
poi_500_35,poi_500_35,234,64.65403400657068
poi_500_35,poi_500_35,235,64.6880379482358
poi_500_35,poi_500_35,236,63.35700750526078
poi_500_35,poi_500_35,237,63.64139300982116
poi_500_35,poi_500_35,238,65.17928990101582
poi_500_35,poi_500_35,239,67.72643603630016
poi_500_35,poi_500_35,240,69.90251344679922
poi_500_35,poi_500_35,241,68.62510958516344
poi_500_35,poi_500_35,242,65.9015637658047
poi_500_35,poi_500_35,243,64.08595429057296
poi_500_35,poi_500_35,244,63.4585905450697
poi_500_35,poi_500_35,245,63.60426522609917
poi_500_35,poi_500_35,246,65.072181083715
poi_500_35,poi_500_35,247,65.03925539732633
poi_500_35,poi_500_35,248,63.724335261862805
poi_500_35,poi_500_35,249,63.91748038580337
poi_500_35,poi_500_35,250,65.33890835943038
poi_500_35,poi_500_35,251,67.80072426989153
poi_500_35,poi_500_35,252,69.94056064434528
poi_500_35,poi_500_35,253,68.66864495406999
poi_500_35,poi_500_35,254,65.97169887775922
poi_500_35,poi_500_35,255,64.1785908887719
poi_500_35,poi_500_35,256,63.55270463753727
poi_500_35,poi_500_35,257,63.68504632338865
poi_500_35,poi_500_35,258,65.12376371980052
poi_500_35,poi_500_35,259,65.03925539732633
poi_500_35,poi_500_35,260,63.724335261862805
poi_500_35,poi_500_35,261,63.7619280859495
poi_500_35,poi_500_35,262,65.20860099139372
poi_500_35,poi_500_35,263,67.71391222003898
poi_500_35,poi_500_35,264,69.87719942708422
poi_500_35,poi_500_35,265,68.56462273644938
poi_500_35,poi_500_35,266,65.72665451635098
poi_500_35,poi_500_35,267,63.84970725874791
poi_500_35,poi_500_35,268,63.00978850257307
poi_500_35,poi_500_35,269,63.3784599019286
poi_500_35,poi_500_35,270,64.87569176891785
poi_500_35,poi_500_35,271,64.6397378159686
poi_500_35,poi_500_35,272,62.772451947006374
poi_500_35,poi_500_35,273,61.87939273642467
poi_500_35,poi_500_35,274,62.12329042352679
poi_500_35,poi_500_35,275,62.84257499299486
poi_500_35,poi_500_35,276,64.72428803797526
poi_500_35,poi_500_35,277,64.79503386402155
poi_500_35,poi_500_35,278,63.48221410606448
poi_500_35,poi_500_35,279,63.74389763869425
poi_500_35,poi_500_35,280,65.24284019097973
poi_500_35,poi_500_35,281,67.7578819875191
poi_500_35,poi_500_35,282,69.91954288147224
poi_500_35,poi_500_35,283,68.62510958516344
poi_500_35,poi_500_35,284,65.9015637658047
poi_500_35,poi_500_35,285,64.23050723777368
poi_500_35,poi_500_35,286,63.65213839206846
poi_500_35,poi_500_35,287,63.82447447625406
poi_500_35,poi_500_35,288,65.2609900477993
poi_500_35,poi_500_35,289,65.27007994374424
poi_500_35,poi_500_35,290,64.1067422544265
poi_500_35,poi_500_35,291,64.24145678884355
poi_500_35,poi_500_35,292,65.66464072862404
poi_500_35,poi_500_35,293,67.91398275433241
poi_500_35,poi_500_35,294,70.01937525277906
poi_500_35,poi_500_35,295,68.83106068520581
poi_500_35,poi_500_35,296,66.45343867250004
poi_500_35,poi_500_35,297,65.49059422653689
poi_500_35,poi_500_35,298,66.07932922886404
poi_500_35,poi_500_35,299,68.08787368073857
poi_500_35,poi_500_35,300,70.06466019523498
poi_500_35,poi_500_35,301,68.77040868498429
poi_500_35,poi_500_35,302,66.1098394416502
poi_500_35,poi_500_35,303,64.33593636132305
poi_500_35,poi_500_35,304,63.693742063712875
poi_500_35,poi_500_35,305,63.79365346085535
poi_500_35,poi_500_35,306,65.18686769190951
poi_500_35,poi_500_35,307,65.13803289021476
poi_500_35,poi_500_35,308,63.839520762882536
poi_500_35,poi_500_35,309,63.86165886252275
poi_500_35,poi_500_35,310,65.27172690806127
poi_500_35,poi_500_35,311,67.74544865438071
poi_500_35,poi_500_35,312,69.89432821617626
poi_500_35,poi_500_35,313,68.56462273644938
poi_500_35,poi_500_35,314,65.72665451635098
poi_500_35,poi_500_35,315,63.84970725874791
poi_500_35,poi_500_35,316,63.00978850257307
poi_500_35,poi_500_35,317,63.3784599019286
poi_500_35,poi_500_35,318,64.87569176891785
poi_500_35,poi_500_35,319,64.6397378159686
poi_500_35,poi_500_35,320,62.772451947006374
poi_500_35,poi_500_35,321,62.11707271747176
poi_500_35,poi_500_35,322,62.38445135422304
poi_500_35,poi_500_35,323,63.10375336166145
poi_500_35,poi_500_35,324,64.92847922932063
poi_500_35,poi_500_35,325,65.03884246870334
poi_500_35,poi_500_35,326,63.8855578470472
poi_500_35,poi_500_35,327,64.08058592209213
poi_500_35,poi_500_35,328,65.57558602836603
poi_500_35,poi_500_35,329,67.87224861770443
poi_500_35,poi_500_35,330,69.9987363741066
poi_500_35,poi_500_35,331,68.78913110658112
poi_500_35,poi_500_35,332,66.39072075917859
poi_500_35,poi_500_35,333,65.31288171797141
poi_500_35,poi_500_35,334,65.91601165433504
poi_500_35,poi_500_35,335,67.97697895016954
poi_500_35,poi_500_35,336,69.98639229907981
poi_500_35,poi_500_35,337,68.66882397608242
poi_500_35,poi_500_35,338,65.87268020223772
poi_500_35,poi_500_35,339,63.8673046061386
poi_500_35,poi_500_35,340,62.95237880488163
poi_500_35,poi_500_35,341,63.256850820028234
poi_500_35,poi_500_35,342,64.73895834856904
poi_500_35,poi_500_35,343,64.48669714303628
poi_500_35,poi_500_35,344,62.404955535085314
poi_500_35,poi_500_35,345,61.202849428666056
poi_500_35,poi_500_35,346,61.178541973537335
poi_500_35,poi_500_35,347,62.275731652157525
poi_500_35,poi_500_35,348,64.285665081124
poi_500_35,poi_500_35,349,64.0855609783125
poi_500_35,poi_500_35,350,61.89937716150887
poi_500_35,poi_500_35,351,60.671897026716124
poi_500_35,poi_500_35,352,60.749563337224544
poi_500_35,poi_500_35,353,62.00458968441353
poi_500_35,poi_500_35,354,64.14409531368324
poi_500_35,poi_500_35,355,63.959298737235095
poi_500_35,poi_500_35,356,61.7179486763855
poi_500_35,poi_500_35,357,60.78745009162471
poi_500_35,poi_500_35,358,60.93724052613031
poi_500_35,poi_500_35,359,62.20836775852581
poi_500_35,poi_500_35,360,64.31536946126707
poi_500_35,poi_500_35,361,64.25312843409846
poi_500_35,poi_500_35,362,62.31016181449042
poi_500_35,poi_500_35,363,61.692027617853746
poi_500_35,poi_500_35,364,62.06343720277059
poi_500_35,poi_500_35,365,62.88090850992975
poi_500_35,poi_500_35,366,64.80666263982117
poi_500_35,poi_500_35,367,64.93775623036991
poi_500_35,poi_500_35,368,63.77160298868021
poi_500_35,poi_500_35,369,63.985811840403386
poi_500_35,poi_500_35,370,65.51675484945267
poi_500_35,poi_500_35,371,67.84162284087502
poi_500_35,poi_500_35,372,69.98201524977576
poi_500_35,poi_500_35,373,68.78913110658112
poi_500_35,poi_500_35,374,66.39072075917859
poi_500_35,poi_500_35,375,65.31288171797141
poi_500_35,poi_500_35,376,65.91601165433504
poi_500_35,poi_500_35,377,67.97697895016954
poi_500_35,poi_500_35,378,69.98639229907981
poi_500_35,poi_500_35,379,68.66882397608242
poi_500_35,poi_500_35,380,65.87268020223772
poi_500_35,poi_500_35,381,64.01919247444413
poi_500_35,poi_500_35,382,63.16926573150664
poi_500_35,poi_500_35,383,63.494905584165664
poi_500_35,poi_500_35,384,64.9424768378393
poi_500_35,poi_500_35,385,64.74791554961517
poi_500_35,poi_500_35,386,62.91540417685907
poi_500_35,poi_500_35,387,62.26196526554959
poi_500_35,poi_500_35,388,62.5046116294033
poi_500_35,poi_500_35,389,63.19429973612354
poi_500_35,poi_500_35,390,64.98178660558048
poi_500_35,poi_500_35,391,65.03884246870334
poi_500_35,poi_500_35,392,63.8855578470472
poi_500_35,poi_500_35,393,64.22531471712175
poi_500_35,poi_500_35,394,65.69547899028494
poi_500_35,poi_500_35,395,67.95598241517668
poi_500_35,poi_500_35,396,70.06036136060318
poi_500_35,poi_500_35,397,68.88797170375037
poi_500_35,poi_500_35,398,66.60185014322732
poi_500_35,poi_500_35,399,65.75513531612953
poi_500_35,poi_500_35,400,66.40802377045476
poi_500_35,poi_500_35,401,68.24385649631193
poi_500_35,poi_500_35,402,70.18496376003273
poi_500_35,poi_500_35,403,69.02487030509947
poi_500_35,poi_500_35,404,66.77973569677219
poi_500_35,poi_500_35,405,65.82961717267642
poi_500_35,poi_500_35,406,66.43013022902315
poi_500_35,poi_500_35,407,68.23274111792479
poi_500_35,poi_500_35,408,70.16124804393816
poi_500_35,poi_500_35,409,68.9697365176457
poi_500_35,poi_500_35,410,66.63737901275047
poi_500_35,poi_500_35,411,65.67292315664531
poi_500_35,poi_500_35,412,66.20951366433007
poi_500_35,poi_500_35,413,68.15627608465421
poi_500_35,poi_500_35,414,70.10131893415537
poi_500_35,poi_500_35,415,68.81251853668064
poi_500_35,poi_500_35,416,66.17671559780422
poi_500_35,poi_500_35,417,64.55735316804719
poi_500_35,poi_500_35,418,63.962849981362794
poi_500_35,poi_500_35,419,64.07841677093653
poi_500_35,poi_500_35,420,65.41903200633244
poi_500_35,poi_500_35,421,65.36379931888625
poi_500_35,poi_500_35,422,64.21233612986535
poi_500_35,poi_500_35,423,64.46761858944852
poi_500_35,poi_500_35,424,65.83749889717436
poi_500_35,poi_500_35,425,68.02647697525552
poi_500_35,poi_500_35,426,70.09705625095125
poi_500_35,poi_500_35,427,68.92896222733057
poi_500_35,poi_500_35,428,66.66161237309603
poi_500_35,poi_500_35,429,65.81842547821523
poi_500_35,poi_500_35,430,66.45599982479546
poi_500_35,poi_500_35,431,68.27178186528148
poi_500_35,poi_500_35,432,70.20092287302319
poi_500_35,poi_500_35,433,69.02487030509947
poi_500_35,poi_500_35,434,66.77973569677219
poi_500_35,poi_500_35,435,65.82961717267642
poi_500_35,poi_500_35,436,66.43013022902315
poi_500_35,poi_500_35,437,68.23274111792479
poi_500_35,poi_500_35,438,70.16124804393816
poi_500_35,poi_500_35,439,68.9697365176457
poi_500_35,poi_500_35,440,66.63737901275047
poi_500_35,poi_500_35,441,65.67292315664531
poi_500_35,poi_500_35,442,66.20951366433007
poi_500_35,poi_500_35,443,68.15627608465421
poi_500_35,poi_500_35,444,70.10131893415537
poi_500_35,poi_500_35,445,68.81251853668064
poi_500_35,poi_500_35,446,66.17671559780422
poi_500_35,poi_500_35,447,64.55735316804719
poi_500_35,poi_500_35,448,63.962849981362794
poi_500_35,poi_500_35,449,64.07841677093653
poi_500_35,poi_500_35,450,65.41903200633244
poi_500_35,poi_500_35,451,65.36379931888625
poi_500_35,poi_500_35,452,64.21233612986535
poi_500_35,poi_500_35,453,64.46761858944852
poi_500_35,poi_500_35,454,65.83749889717436
poi_500_35,poi_500_35,455,68.02647697525552
poi_500_35,poi_500_35,456,70.09705625095125
poi_500_35,poi_500_35,457,68.92896222733057
poi_500_35,poi_500_35,458,66.66161237309603
poi_500_35,poi_500_35,459,65.71865396668599
poi_500_35,poi_500_35,460,66.35559108578863
poi_500_35,poi_500_35,461,68.19397364492573
poi_500_35,poi_500_35,462,70.14127401833866
poi_500_35,poi_500_35,463,68.92913083418583
poi_500_35,poi_500_35,464,66.57728005682212
poi_500_35,poi_500_35,465,65.60746032226126
poi_500_35,poi_500_35,466,66.15871950440352
poi_500_35,poi_500_35,467,68.12759555183527
poi_500_35,poi_500_35,468,70.08498887796547
poi_500_35,poi_500_35,469,68.81251853668064
poi_500_35,poi_500_35,470,66.17671559780422
poi_500_35,poi_500_35,471,64.42344315440872
poi_500_35,poi_500_35,472,63.78294637802967
poi_500_35,poi_500_35,473,63.871018057930364
poi_500_35,poi_500_35,474,65.23711373103839
poi_500_35,poi_500_35,475,65.13803289021476
poi_500_35,poi_500_35,476,63.839520762882536
poi_500_35,poi_500_35,477,64.01374089105809
poi_500_35,poi_500_35,478,65.40018145517367
poi_500_35,poi_500_35,479,67.8316387905046
poi_500_35,poi_500_35,480,69.95744182931227
poi_500_35,poi_500_35,481,68.66864495406999
poi_500_35,poi_500_35,482,65.97169887775922
poi_500_35,poi_500_35,483,64.1785908887719
poi_500_35,poi_500_35,484,63.55270463753727
poi_500_35,poi_500_35,485,63.68504632338865
poi_500_35,poi_500_35,486,65.12376371980052
poi_500_35,poi_500_35,487,65.03925539732633
poi_500_35,poi_500_35,488,63.724335261862805
poi_500_35,poi_500_35,489,63.7619280859495
poi_500_35,poi_500_35,490,65.20860099139372
poi_500_35,poi_500_35,491,67.71391222003898
poi_500_35,poi_500_35,492,69.87719942708422
poi_500_35,poi_500_35,493,68.56462273644938
poi_500_35,poi_500_35,494,65.72665451635098
poi_500_35,poi_500_35,495,63.84970725874791
poi_500_35,poi_500_35,496,63.00978850257307
poi_500_35,poi_500_35,497,63.3784599019286
poi_500_35,poi_500_35,498,64.87569176891785
poi_500_35,poi_500_35,499,64.6397378159686
poi_500_35,poi_500_35,500,62.772451947006374
poi_500_35,poi_500_35,501,62.11707271747176
poi_500_35,poi_500_35,502,62.38445135422304
poi_500_35,poi_500_35,503,63.10375336166145
poi_500_35,poi_500_35,504,64.92847922932063
poi_500_35,poi_500_35,505,65.03884246870334
poi_500_35,poi_500_35,506,63.8855578470472
poi_500_35,poi_500_35,507,64.08058592209213
poi_500_35,poi_500_35,508,65.57558602836603
poi_500_35,poi_500_35,509,67.87224861770443
poi_500_35,poi_500_35,510,69.9987363741066
poi_500_35,poi_500_35,511,68.78913110658112
poi_500_35,poi_500_35,512,66.39072075917859
poi_500_35,poi_500_35,513,65.31288171797141
poi_500_35,poi_500_35,514,65.91601165433504
poi_500_35,poi_500_35,515,67.97697895016954
poi_500_35,poi_500_35,516,69.98639229907981
poi_500_35,poi_500_35,517,68.66882397608242
poi_500_35,poi_500_35,518,65.87268020223772
poi_500_35,poi_500_35,519,63.8673046061386
poi_500_35,poi_500_35,520,62.95237880488163
poi_500_35,poi_500_35,521,63.256850820028234
poi_500_35,poi_500_35,522,64.73895834856904
poi_500_35,poi_500_35,523,64.48669714303628
poi_500_35,poi_500_35,524,62.404955535085314
poi_500_35,poi_500_35,525,61.479344277755274
poi_500_35,poi_500_35,526,61.500864556253696
poi_500_35,poi_500_35,527,62.57210751914306
poi_500_35,poi_500_35,528,64.51100247879054
poi_500_35,poi_500_35,529,64.37124202329565
poi_500_35,poi_500_35,530,62.46888014236021
poi_500_35,poi_500_35,531,61.8515475365023
poi_500_35,poi_500_35,532,62.192679906488834
poi_500_35,poi_500_35,533,62.976170343662545
poi_500_35,poi_500_35,534,64.86147688859288
poi_500_35,poi_500_35,535,64.93775623036991
poi_500_35,poi_500_35,536,63.77160298868021
poi_500_35,poi_500_35,537,64.13367994557404
poi_500_35,poi_500_35,538,65.6382603136021
poi_500_35,poi_500_35,539,67.92594348748746
poi_500_35,poi_500_35,540,70.04387627589873
poi_500_35,poi_500_35,541,68.88797170375037
poi_500_35,poi_500_35,542,66.60185014322732
poi_500_35,poi_500_35,543,65.653881972444
poi_500_35,poi_500_35,544,66.3064865373982
poi_500_35,poi_500_35,545,68.16554180021292
poi_500_35,poi_500_35,546,70.12509378858948
poi_500_35,poi_500_35,547,68.92913083418583
poi_500_35,poi_500_35,548,66.57728005682212
poi_500_35,poi_500_35,549,65.60746032226126
poi_500_35,poi_500_35,550,66.15871950440352
poi_500_35,poi_500_35,551,68.12759555183527
poi_500_35,poi_500_35,552,70.08498887796547
poi_500_35,poi_500_35,553,68.81251853668064
poi_500_35,poi_500_35,554,66.17671559780422
poi_500_35,poi_500_35,555,64.55735316804719
poi_500_35,poi_500_35,556,63.962849981362794
poi_500_35,poi_500_35,557,64.07841677093653
poi_500_35,poi_500_35,558,65.41903200633244
poi_500_35,poi_500_35,559,65.36379931888625
poi_500_35,poi_500_35,560,64.21233612986535
poi_500_35,poi_500_35,561,64.46761858944852
poi_500_35,poi_500_35,562,65.83749889717436
poi_500_35,poi_500_35,563,68.02647697525552
poi_500_35,poi_500_35,564,70.09705625095125
poi_500_35,poi_500_35,565,68.92896222733057
poi_500_35,poi_500_35,566,66.66161237309603
poi_500_35,poi_500_35,567,65.71865396668599
poi_500_35,poi_500_35,568,66.35559108578863
poi_500_35,poi_500_35,569,68.19397364492573
poi_500_35,poi_500_35,570,70.14127401833866
poi_500_35,poi_500_35,571,68.92913083418583
poi_500_35,poi_500_35,572,66.57728005682212
poi_500_35,poi_500_35,573,65.50266222193119
poi_500_35,poi_500_35,574,66.05110811466577
poi_500_35,poi_500_35,575,68.04713624901619
poi_500_35,poi_500_35,576,70.02371482891527
poi_500_35,poi_500_35,577,68.71192548939081
poi_500_35,poi_500_35,578,65.94327953188484
poi_500_35,poi_500_35,579,63.96467125042199
poi_500_35,poi_500_35,580,63.05798731345349
poi_500_35,poi_500_35,581,63.344292219288114
poi_500_35,poi_500_35,582,64.79462832259068
poi_500_35,poi_500_35,583,64.48669714303628
poi_500_35,poi_500_35,584,62.404955535085314
poi_500_35,poi_500_35,585,61.202849428666056
poi_500_35,poi_500_35,586,61.178541973537335
poi_500_35,poi_500_35,587,62.275731652157525
poi_500_35,poi_500_35,588,64.285665081124
poi_500_35,poi_500_35,589,64.0855609783125
poi_500_35,poi_500_35,590,61.89937716150887
poi_500_35,poi_500_35,591,60.671897026716124
poi_500_35,poi_500_35,592,60.749563337224544
poi_500_35,poi_500_35,593,62.00458968441353
poi_500_35,poi_500_35,594,64.14409531368324
poi_500_35,poi_500_35,595,63.959298737235095
poi_500_35,poi_500_35,596,61.7179486763855
poi_500_35,poi_500_35,597,60.78745009162471
poi_500_35,poi_500_35,598,60.93724052613031
poi_500_35,poi_500_35,599,62.20836775852581
poi_500_45,poi_500_45,0,40.0
poi_500_45,poi_500_45,1,40.0
poi_500_45,poi_500_45,2,40.0
poi_500_45,poi_500_45,3,40.0
poi_500_45,poi_500_45,4,40.0
poi_500_45,poi_500_45,5,40.0
poi_500_45,poi_500_45,6,40.0
poi_500_45,poi_500_45,7,40.0
poi_500_45,poi_500_45,8,40.0
poi_500_45,poi_500_45,9,50.99021693163985
poi_500_45,poi_500_45,10,51.59864908313673
poi_500_45,poi_500_45,11,52.26340308359377
poi_500_45,poi_500_45,12,52.993756094050624
poi_500_45,poi_500_45,13,53.80152229682569
poi_500_45,poi_500_45,14,54.702055699513956
poi_500_45,poi_500_45,15,56.15116568778415
poi_500_45,poi_500_45,16,57.24672849557214
poi_500_45,poi_500_45,17,56.199773672460445
poi_500_45,poi_500_45,18,56.782467293596966
poi_500_45,poi_500_45,19,58.075380143890456
poi_500_45,poi_500_45,20,59.60031142752679
poi_500_45,poi_500_45,21,61.79647759224317
poi_500_45,poi_500_45,22,63.84187211045987
poi_500_45,poi_500_45,23,65.99631300084
poi_500_45,poi_500_45,24,67.4271503085147
poi_500_45,poi_500_45,25,66.72300860778518
poi_500_45,poi_500_45,26,64.85937186210366
poi_500_45,poi_500_45,27,63.45205754383339
poi_500_45,poi_500_45,28,62.91972273270716
poi_500_45,poi_500_45,29,62.75092212497718
poi_500_45,poi_500_45,30,63.47429252600277
poi_500_45,poi_500_45,31,63.53756564835163
poi_500_45,poi_500_45,32,62.97817568114916
poi_500_45,poi_500_45,33,63.41801896983914
poi_500_45,poi_500_45,34,64.61010977225118
poi_500_45,poi_500_45,35,66.35702884831059
poi_500_45,poi_500_45,36,67.63214216619647
poi_500_45,poi_500_45,37,66.91791406556908
poi_500_45,poi_500_45,38,65.10700093100957
poi_500_45,poi_500_45,39,63.89783192191914
poi_500_45,poi_500_45,40,63.408531361711326
poi_500_45,poi_500_45,41,63.26259414255625
poi_500_45,poi_500_45,42,63.93008703718237
poi_500_45,poi_500_45,43,63.92345820873893
poi_500_45,poi_500_45,44,63.48914629145788
poi_500_45,poi_500_45,45,63.98043680712826
poi_500_45,poi_500_45,46,65.15679811496149
poi_500_45,poi_500_45,47,66.64562465460189
poi_500_45,poi_500_45,48,67.87700647384655
poi_500_45,poi_500_45,49,67.28398070604828
poi_500_45,poi_500_45,50,65.88131487787858
poi_500_45,poi_500_45,51,65.26028162227891
poi_500_45,poi_500_45,52,65.7551561434255
poi_500_45,poi_500_45,53,66.893050361878
poi_500_45,poi_500_45,54,67.97005450524114
poi_500_45,poi_500_45,55,67.28063830704318
poi_500_45,poi_500_45,56,65.779108335709
poi_500_45,poi_500_45,57,65.02242725798692
poi_500_45,poi_500_45,58,65.41123927376543
poi_500_45,poi_500_45,59,66.69970314287379
poi_500_45,poi_500_45,60,67.78226547386942
poi_500_45,poi_500_45,61,66.9781512638422
poi_500_45,poi_500_45,62,65.07041477655248
poi_500_45,poi_500_45,63,63.5085766939462
poi_500_45,poi_500_45,64,62.67971228115118
poi_500_45,poi_500_45,65,62.62706591777288
poi_500_45,poi_500_45,66,63.22866123692193
poi_500_45,poi_500_45,67,62.86863717349157
poi_500_45,poi_500_45,68,61.61099246005345
poi_500_45,poi_500_45,69,61.11194082206701
poi_500_45,poi_500_45,70,61.12516201850209
poi_500_45,poi_500_45,71,61.76690862171167
poi_500_45,poi_500_45,72,62.840567868715134
poi_500_45,poi_500_45,73,62.71173488062878
poi_500_45,poi_500_45,74,61.6917246483702
poi_500_45,poi_500_45,75,61.510157643206625
poi_500_45,poi_500_45,76,61.85799037639144
poi_500_45,poi_500_45,77,62.23276168949135
poi_500_45,poi_500_45,78,63.324929012238485
poi_500_45,poi_500_45,79,63.47687667409382
poi_500_45,poi_500_45,80,63.1090013850607
poi_500_45,poi_500_45,81,63.55079755593738
poi_500_45,poi_500_45,82,64.85205780028292
poi_500_45,poi_500_45,83,66.434171091378
poi_500_45,poi_500_45,84,67.71327453663024
poi_500_45,poi_500_45,85,67.08017749453298
poi_500_45,poi_500_45,86,65.55878840383266
poi_500_45,poi_500_45,87,64.93554277881813
poi_500_45,poi_500_45,88,65.3846727348126
poi_500_45,poi_500_45,89,66.71585138054064
poi_500_45,poi_500_45,90,67.8229676417625
poi_500_45,poi_500_45,91,67.0641034339995
poi_500_45,poi_500_45,92,65.27037439021811
poi_500_45,poi_500_45,93,64.0617164078472
poi_500_45,poi_500_45,94,63.551513029631614
poi_500_45,poi_500_45,95,63.3802371788325
poi_500_45,poi_500_45,96,64.01182331649127
poi_500_45,poi_500_45,97,64.04972029922875
poi_500_45,poi_500_45,98,63.609801418435325
poi_500_45,poi_500_45,99,64.07474503580288
poi_500_45,poi_500_45,100,65.22032992080072
poi_500_45,poi_500_45,101,66.68572109260484
poi_500_45,poi_500_45,102,67.90400693777939
poi_500_45,poi_500_45,103,67.28398070604828
poi_500_45,poi_500_45,104,65.88131487787858
poi_500_45,poi_500_45,105,65.37048294155355
poi_500_45,poi_500_45,106,65.86960852042655
poi_500_45,poi_500_45,107,66.99701232341079
poi_500_45,poi_500_45,108,68.06718071697748
poi_500_45,poi_500_45,109,67.4185339175053
poi_500_45,poi_500_45,110,66.0184254134796
poi_500_45,poi_500_45,111,65.3806412908844
poi_500_45,poi_500_45,112,65.83902225820768
poi_500_45,poi_500_45,113,66.94443628975355
poi_500_45,poi_500_45,114,68.0024801819705
poi_500_45,poi_500_45,115,67.33937953127976
poi_500_45,poi_500_45,116,65.85072442050424
poi_500_45,poi_500_45,117,65.21116305003949
poi_500_45,poi_500_45,118,65.59325923295029
poi_500_45,poi_500_45,119,66.84696783098609
poi_500_45,poi_500_45,120,67.91059325792526
poi_500_45,poi_500_45,121,67.12582643695318
poi_500_45,poi_500_45,122,65.35080877931269
poi_500_45,poi_500_45,123,64.00787206083538
poi_500_45,poi_500_45,124,63.45033233512141
poi_500_45,poi_500_45,125,63.226748634734676
poi_500_45,poi_500_45,126,63.829652254466694
poi_500_45,poi_500_45,127,63.744417356322565
poi_500_45,poi_500_45,128,63.18417074032716
poi_500_45,poi_500_45,129,63.416138467486185
poi_500_45,poi_500_45,130,64.57353508867104
poi_500_45,poi_500_45,131,66.30672158638369
poi_500_45,poi_500_45,132,67.57227958473302
poi_500_45,poi_500_45,133,66.76286640821128
poi_500_45,poi_500_45,134,64.8098493116535
poi_500_45,poi_500_45,135,63.38493709409944
poi_500_45,poi_500_45,136,62.62974843926034
poi_500_45,poi_500_45,137,62.668194002932665
poi_500_45,poi_500_45,138,63.3438061345218
poi_500_45,poi_500_45,139,63.08669145622672
poi_500_45,poi_500_45,140,62.04266883095157
poi_500_45,poi_500_45,141,61.53482540341142
poi_500_45,poi_500_45,142,61.78053945346591
poi_500_45,poi_500_45,143,62.073345224350305
poi_500_45,poi_500_45,144,63.129201602508374
poi_500_45,poi_500_45,145,63.27799482629183
poi_500_45,poi_500_45,146,62.775028180507384
poi_500_45,poi_500_45,147,63.11045336928785
poi_500_45,poi_500_45,148,64.38514988379875
poi_500_45,poi_500_45,149,66.20277318926213
poi_500_45,poi_500_45,150,67.50707039686213
poi_500_45,poi_500_45,151,66.69572143914723
poi_500_45,poi_500_45,152,64.71863246353044
poi_500_45,poi_500_45,153,63.09417953015915
poi_500_45,poi_500_45,154,62.26190479792735
poi_500_45,poi_500_45,155,62.27163227751635
poi_500_45,poi_500_45,156,62.96592438709634
poi_500_45,poi_500_45,157,62.702149818513476
poi_500_45,poi_500_45,158,61.41823549083863
poi_500_45,poi_500_45,159,60.60929289033034
poi_500_45,poi_500_45,160,60.595403137136984
poi_500_45,poi_500_45,161,61.27350930441531
poi_500_45,poi_500_45,162,62.41390881911914
poi_500_45,poi_500_45,163,62.29078406520702
poi_500_45,poi_500_45,164,61.01040047239842
poi_500_45,poi_500_45,165,60.23770757667633
poi_500_45,poi_500_45,166,60.30829998783226
poi_500_45,poi_500_45,167,61.080769466174814
poi_500_45,poi_500_45,168,62.29532052210836
poi_500_45,poi_500_45,169,62.1000758923892
poi_500_45,poi_500_45,170,60.78831295886896
poi_500_45,poi_500_45,171,60.36490438073227
poi_500_45,poi_500_45,172,60.514374963070175
poi_500_45,poi_500_45,173,61.32958124221715
poi_500_45,poi_500_45,174,62.55243918297636
poi_500_45,poi_500_45,175,62.53899927704013
poi_500_45,poi_500_45,176,61.502596238251144
poi_500_45,poi_500_45,177,61.05394960162586
poi_500_45,poi_500_45,178,61.414845706660756
poi_500_45,poi_500_45,179,61.79218722702294
poi_500_45,poi_500_45,180,62.94532710549114
poi_500_45,poi_500_45,181,63.126747348852746
poi_500_45,poi_500_45,182,62.628366463662324
poi_500_45,poi_500_45,183,62.99237718524025
poi_500_45,poi_500_45,184,64.30802634369095
poi_500_45,poi_500_45,185,66.15793611880562
poi_500_45,poi_500_45,186,67.47747702952962
poi_500_45,poi_500_45,187,66.69572143914723
poi_500_45,poi_500_45,188,64.71863246353044
poi_500_45,poi_500_45,189,63.09417953015915
poi_500_45,poi_500_45,190,62.26190479792735
poi_500_45,poi_500_45,191,62.27163227751635
poi_500_45,poi_500_45,192,62.96592438709634
poi_500_45,poi_500_45,193,62.702149818513476
poi_500_45,poi_500_45,194,61.41823549083863
poi_500_45,poi_500_45,195,60.92335088940373
poi_500_45,poi_500_45,196,60.9601328924365
poi_500_45,poi_500_45,197,61.64123260460273
poi_500_45,poi_500_45,198,62.75332688443817
poi_500_45,poi_500_45,199,62.71173488062878
poi_500_45,poi_500_45,200,61.6917246483702
poi_500_45,poi_500_45,201,61.510157643206625
poi_500_45,poi_500_45,202,61.85799037639144
poi_500_45,poi_500_45,203,62.23276168949135
poi_500_45,poi_500_45,204,63.324929012238485
poi_500_45,poi_500_45,205,63.47687667409382
poi_500_45,poi_500_45,206,63.1090013850607
poi_500_45,poi_500_45,207,63.55079755593738
poi_500_45,poi_500_45,208,64.85205780028292
poi_500_45,poi_500_45,209,66.434171091378
poi_500_45,poi_500_45,210,67.71327453663024
poi_500_45,poi_500_45,211,67.08017749453299
poi_500_45,poi_500_45,212,65.55878840383266
poi_500_45,poi_500_45,213,64.81356890545307
poi_500_45,poi_500_45,214,65.2564983320676
poi_500_45,poi_500_45,215,66.60484671254912
poi_500_45,poi_500_45,216,67.72015632479192
poi_500_45,poi_500_45,217,66.91427759850181
poi_500_45,poi_500_45,218,64.98456262336512
poi_500_45,poi_500_45,219,63.400972638947906
poi_500_45,poi_500_45,220,62.56500178810963
poi_500_45,poi_500_45,221,62.52424081725441
poi_500_45,poi_500_45,222,63.14894696385947
poi_500_45,poi_500_45,223,62.86863717349157
poi_500_45,poi_500_45,224,61.61099246005345
poi_500_45,poi_500_45,225,61.11194082206701
poi_500_45,poi_500_45,226,61.12516201850209
poi_500_45,poi_500_45,227,61.76690862171167
poi_500_45,poi_500_45,228,62.840567868715134
poi_500_45,poi_500_45,229,62.71173488062878
poi_500_45,poi_500_45,230,61.6917246483702
poi_500_45,poi_500_45,231,61.23706890048096
poi_500_45,poi_500_45,232,61.563747706933746
poi_500_45,poi_500_45,233,61.91362943114737
poi_500_45,poi_500_45,234,63.02883124194616
poi_500_45,poi_500_45,235,63.126747348852746
poi_500_45,poi_500_45,236,62.628366463662324
poi_500_45,poi_500_45,237,63.17656338926661
poi_500_45,poi_500_45,238,64.4669191088534
poi_500_45,poi_500_45,239,66.28080347278268
poi_500_45,poi_500_45,240,67.58612357118969
poi_500_45,poi_500_45,241,66.85314160622008
poi_500_45,poi_500_45,242,65.02187608677515
poi_500_45,poi_500_45,243,63.64044250962113
poi_500_45,poi_500_45,244,63.103252217096475
poi_500_45,poi_500_45,245,62.91882355477306
poi_500_45,poi_500_45,246,63.601778051162384
poi_500_45,poi_500_45,247,63.60881477787173
poi_500_45,poi_500_45,248,63.05089945593576
poi_500_45,poi_500_45,249,63.47778695161792
poi_500_45,poi_500_45,250,64.65186432442545
poi_500_45,poi_500_45,251,66.382922483653
poi_500_45,poi_500_45,252,67.65016514550005
poi_500_45,poi_500_45,253,66.91791406556908
poi_500_45,poi_500_45,254,65.10700093100957
poi_500_45,poi_500_45,255,63.742341075539734
poi_500_45,poi_500_45,256,63.20474651754917
poi_500_45,poi_500_45,257,63.01281412056178
poi_500_45,poi_500_45,258,63.673664250611886
poi_500_45,poi_500_45,259,63.60881477787173
poi_500_45,poi_500_45,260,63.05089945593576
poi_500_45,poi_500_45,261,63.30618999707966
poi_500_45,poi_500_45,262,64.49971342641952
poi_500_45,poi_500_45,263,66.26295031209145
poi_500_45,poi_500_45,264,67.54312872513735
poi_500_45,poi_500_45,265,66.76286640821128
poi_500_45,poi_500_45,266,64.8098493116535
poi_500_45,poi_500_45,267,63.38493709409944
poi_500_45,poi_500_45,268,62.62974843926034
poi_500_45,poi_500_45,269,62.668194002932665
poi_500_45,poi_500_45,270,63.3438061345218
poi_500_45,poi_500_45,271,63.08669145622672
poi_500_45,poi_500_45,272,62.04266883095157
poi_500_45,poi_500_45,273,61.53482540341142
poi_500_45,poi_500_45,274,61.78053945346591
poi_500_45,poi_500_45,275,62.073345224350305
poi_500_45,poi_500_45,276,63.129201602508374
poi_500_45,poi_500_45,277,63.27799482629183
poi_500_45,poi_500_45,278,62.775028180507384
poi_500_45,poi_500_45,279,63.289799968981654
poi_500_45,poi_500_45,280,64.54129555680714
poi_500_45,poi_500_45,281,66.32439607781089
poi_500_45,poi_500_45,282,67.61498821533968
poi_500_45,poi_500_45,283,66.85314160622008
poi_500_45,poi_500_45,284,65.02187608677515
poi_500_45,poi_500_45,285,63.79955796270028
poi_500_45,poi_500_45,286,63.31174173127727
poi_500_45,poi_500_45,287,63.173910846011566
poi_500_45,poi_500_45,288,63.86235469269795
poi_500_45,poi_500_45,289,63.92345820873893
poi_500_45,poi_500_45,290,63.48914629145788
poi_500_45,poi_500_45,291,63.82792757324266
poi_500_45,poi_500_45,292,65.02161026384422
poi_500_45,poi_500_45,293,66.53278670519273
poi_500_45,poi_500_45,294,67.77548147922278
poi_500_45,poi_500_45,295,67.14167407804965
poi_500_45,poi_500_45,296,65.63409921248967
poi_500_45,poi_500_45,297,65.01139439424124
poi_500_45,poi_500_45,298,65.44497940889512
poi_500_45,poi_500_45,299,66.75530757378556
poi_500_45,poi_500_45,300,67.85030510688868
poi_500_45,poi_500_45,301,67.0641034339995
poi_500_45,poi_500_45,302,65.27037439021811
poi_500_45,poi_500_45,303,63.91208417266654
poi_500_45,poi_500_45,304,63.35448014611016
poi_500_45,poi_500_45,305,63.137322721675055
poi_500_45,poi_500_45,306,63.76032256676582
poi_500_45,poi_500_45,307,63.744417356322565
poi_500_45,poi_500_45,308,63.18417074032716
poi_500_45,poi_500_45,309,63.416138467486185
poi_500_45,poi_500_45,310,64.57353508867104
poi_500_45,poi_500_45,311,66.30672158638369
poi_500_45,poi_500_45,312,67.57227958473302
poi_500_45,poi_500_45,313,66.76286640821128
poi_500_45,poi_500_45,314,64.8098493116535
poi_500_45,poi_500_45,315,63.38493709409944
poi_500_45,poi_500_45,316,62.62974843926034
poi_500_45,poi_500_45,317,62.668194002932665
poi_500_45,poi_500_45,318,63.3438061345218
poi_500_45,poi_500_45,319,63.08669145622672
poi_500_45,poi_500_45,320,62.04266883095157
poi_500_45,poi_500_45,321,61.79034002991876
poi_500_45,poi_500_45,322,62.06090708807639
poi_500_45,poi_500_45,323,62.38135324838275
poi_500_45,poi_500_45,324,63.418755213725966
poi_500_45,poi_500_45,325,63.616595478109765
poi_500_45,poi_500_45,326,63.240528126499555
poi_500_45,poi_500_45,327,63.65479607496453
poi_500_45,poi_500_45,328,64.920171669253
poi_500_45,poi_500_45,329,66.47625842841971
poi_500_45,poi_500_45,330,67.74130902691282
poi_500_45,poi_500_45,331,67.08017749453299
poi_500_45,poi_500_45,332,65.55878840383266
poi_500_45,poi_500_45,333,64.81356890545307
poi_500_45,poi_500_45,334,65.2564983320676
poi_500_45,poi_500_45,335,66.60484671254912
poi_500_45,poi_500_45,336,67.72015632479192
poi_500_45,poi_500_45,337,66.91427759850181
poi_500_45,poi_500_45,338,64.98456262336512
poi_500_45,poi_500_45,339,63.400972638947906
poi_500_45,poi_500_45,340,62.56500178810963
poi_500_45,poi_500_45,341,62.52424081725441
poi_500_45,poi_500_45,342,63.14894696385947
poi_500_45,poi_500_45,343,62.86863717349157
poi_500_45,poi_500_45,344,61.61099246005345
poi_500_45,poi_500_45,345,60.81170113850853
poi_500_45,poi_500_45,346,60.77459600123128
poi_500_45,poi_500_45,347,61.41011707390578
poi_500_45,poi_500_45,348,62.508165116600466
poi_500_45,poi_500_45,349,62.29078406520702
poi_500_45,poi_500_45,350,61.01040047239842
poi_500_45,poi_500_45,351,60.23770757667633
poi_500_45,poi_500_45,352,60.30829998783226
poi_500_45,poi_500_45,353,61.080769466174814
poi_500_45,poi_500_45,354,62.29532052210836
poi_500_45,poi_500_45,355,62.1000758923892
poi_500_45,poi_500_45,356,60.78831295886896
poi_500_45,poi_500_45,357,60.36490438073227
poi_500_45,poi_500_45,358,60.514374963070175
poi_500_45,poi_500_45,359,61.32958124221715
poi_500_45,poi_500_45,360,62.55243918297636
poi_500_45,poi_500_45,361,62.53899927704013
poi_500_45,poi_500_45,362,61.502596238251144
poi_500_45,poi_500_45,363,61.3384222040122
poi_500_45,poi_500_45,364,61.719000425918786
poi_500_45,poi_500_45,365,62.12003609277009
poi_500_45,poi_500_45,366,63.24697806211735
poi_500_45,poi_500_45,367,63.47687667409382
poi_500_45,poi_500_45,368,63.1090013850607
poi_500_45,poi_500_45,369,63.55079755593738
poi_500_45,poi_500_45,370,64.85205780028292
poi_500_45,poi_500_45,371,66.434171091378
poi_500_45,poi_500_45,372,67.71327453663024
poi_500_45,poi_500_45,373,67.08017749453299
poi_500_45,poi_500_45,374,65.55878840383266
poi_500_45,poi_500_45,375,64.81356890545307
poi_500_45,poi_500_45,376,65.2564983320676
poi_500_45,poi_500_45,377,66.60484671254912
poi_500_45,poi_500_45,378,67.72015632479192
poi_500_45,poi_500_45,379,66.91427759850181
poi_500_45,poi_500_45,380,64.98456262336512
poi_500_45,poi_500_45,381,63.5689358552603
poi_500_45,poi_500_45,382,62.80026771844226
poi_500_45,poi_500_45,383,62.8028273403044
poi_500_45,poi_500_45,384,63.43722974009459
poi_500_45,poi_500_45,385,63.239316033079405
poi_500_45,poi_500_45,386,62.21010207514774
poi_500_45,poi_500_45,387,61.94540261242804
poi_500_45,poi_500_45,388,62.1895286605795
poi_500_45,poi_500_45,389,62.4875759488594
poi_500_45,poi_500_45,390,63.49370907181764
poi_500_45,poi_500_45,391,63.616595478109765
poi_500_45,poi_500_45,392,63.240528126499555
poi_500_45,poi_500_45,393,63.813395985330665
poi_500_45,poi_500_45,394,65.05850393124818
poi_500_45,poi_500_45,395,66.59055540528502
poi_500_45,poi_500_45,396,67.84362664798569
poi_500_45,poi_500_45,397,67.22448018695319
poi_500_45,poi_500_45,398,65.81020560170343
poi_500_45,poi_500_45,399,65.30069933236932
poi_500_45,poi_500_45,400,65.81495470989334
poi_500_45,poi_500_45,401,66.95970126160775
poi_500_45,poi_500_45,402,68.04117888379085
poi_500_45,poi_500_45,403,67.4185339175053
poi_500_45,poi_500_45,404,66.0184254134796
poi_500_45,poi_500_45,405,65.3806412908844
poi_500_45,poi_500_45,406,65.83902225820768
poi_500_45,poi_500_45,407,66.94443628975355
poi_500_45,poi_500_45,408,68.0024801819705
poi_500_45,poi_500_45,409,67.33937953127976
poi_500_45,poi_500_45,410,65.85072442050424
poi_500_45,poi_500_45,411,65.21116305003949
poi_500_45,poi_500_45,412,65.59325923295029
poi_500_45,poi_500_45,413,66.84696783098609
poi_500_45,poi_500_45,414,67.91059325792526
poi_500_45,poi_500_45,415,67.12582643695318
poi_500_45,poi_500_45,416,65.35080877931269
poi_500_45,poi_500_45,417,64.15429454602952
poi_500_45,poi_500_45,418,63.64315825677992
poi_500_45,poi_500_45,419,63.46484560489189
poi_500_45,poi_500_45,420,64.07728139461148
poi_500_45,poi_500_45,421,64.04972029922875
poi_500_45,poi_500_45,422,63.609801418435325
poi_500_45,poi_500_45,423,64.07474503580288
poi_500_45,poi_500_45,424,65.22032992080072
poi_500_45,poi_500_45,425,66.68572109260484
poi_500_45,poi_500_45,426,67.90400693777939
poi_500_45,poi_500_45,427,67.28398070604828
poi_500_45,poi_500_45,428,65.88131487787858
poi_500_45,poi_500_45,429,65.37048294155355
poi_500_45,poi_500_45,430,65.86960852042655
poi_500_45,poi_500_45,431,66.99701232341079
poi_500_45,poi_500_45,432,68.06718071697748
poi_500_45,poi_500_45,433,67.4185339175053
poi_500_45,poi_500_45,434,66.0184254134796
poi_500_45,poi_500_45,435,65.3806412908844
poi_500_45,poi_500_45,436,65.83902225820768
poi_500_45,poi_500_45,437,66.94443628975355
poi_500_45,poi_500_45,438,68.0024801819705
poi_500_45,poi_500_45,439,67.33937953127976
poi_500_45,poi_500_45,440,65.85072442050424
poi_500_45,poi_500_45,441,65.21116305003949
poi_500_45,poi_500_45,442,65.59325923295029
poi_500_45,poi_500_45,443,66.84696783098609
poi_500_45,poi_500_45,444,67.91059325792526
poi_500_45,poi_500_45,445,67.12582643695318
poi_500_45,poi_500_45,446,65.35080877931269
poi_500_45,poi_500_45,447,64.15429454602952
poi_500_45,poi_500_45,448,63.64315825677992
poi_500_45,poi_500_45,449,63.46484560489189
poi_500_45,poi_500_45,450,64.07728139461148
poi_500_45,poi_500_45,451,64.04972029922875
poi_500_45,poi_500_45,452,63.609801418435325
poi_500_45,poi_500_45,453,64.07474503580288
poi_500_45,poi_500_45,454,65.22032992080072
poi_500_45,poi_500_45,455,66.68572109260484
poi_500_45,poi_500_45,456,67.90400693777939
poi_500_45,poi_500_45,457,67.28398070604828
poi_500_45,poi_500_45,458,65.88131487787858
poi_500_45,poi_500_45,459,65.26028162227891
poi_500_45,poi_500_45,460,65.7551561434255
poi_500_45,poi_500_45,461,66.893050361878
poi_500_45,poi_500_45,462,67.97005450524114
poi_500_45,poi_500_45,463,67.28063830704318
poi_500_45,poi_500_45,464,65.779108335709
poi_500_45,poi_500_45,465,65.1387500522281
poi_500_45,poi_500_45,466,65.53499047897601
poi_500_45,poi_500_45,467,66.80833933193331
poi_500_45,poi_500_45,468,67.88363383794226
poi_500_45,poi_500_45,469,67.12582643695318
poi_500_45,poi_500_45,470,65.35080877931269
poi_500_45,poi_500_45,471,64.00787206083538
poi_500_45,poi_500_45,472,63.45033233512141
poi_500_45,poi_500_45,473,63.226748634734676
poi_500_45,poi_500_45,474,63.829652254466694
poi_500_45,poi_500_45,475,63.744417356322565
poi_500_45,poi_500_45,476,63.18417074032716
poi_500_45,poi_500_45,477,63.58352730874966
poi_500_45,poi_500_45,478,64.72316524193333
poi_500_45,poi_500_45,479,66.42550696976664
poi_500_45,poi_500_45,480,67.67860865170276
poi_500_45,poi_500_45,481,66.91791406556908
poi_500_45,poi_500_45,482,65.10700093100957
poi_500_45,poi_500_45,483,63.742341075539734
poi_500_45,poi_500_45,484,63.20474651754917
poi_500_45,poi_500_45,485,63.01281412056178
poi_500_45,poi_500_45,486,63.673664250611886
poi_500_45,poi_500_45,487,63.60881477787173
poi_500_45,poi_500_45,488,63.05089945593576
poi_500_45,poi_500_45,489,63.30618999707966
poi_500_45,poi_500_45,490,64.49971342641952
poi_500_45,poi_500_45,491,66.26295031209145
poi_500_45,poi_500_45,492,67.54312872513735
poi_500_45,poi_500_45,493,66.76286640821128
poi_500_45,poi_500_45,494,64.8098493116535
poi_500_45,poi_500_45,495,63.38493709409944
poi_500_45,poi_500_45,496,62.62974843926034
poi_500_45,poi_500_45,497,62.668194002932665
poi_500_45,poi_500_45,498,63.3438061345218
poi_500_45,poi_500_45,499,63.08669145622672
poi_500_45,poi_500_45,500,62.04266883095157
poi_500_45,poi_500_45,501,61.79034002991876
poi_500_45,poi_500_45,502,62.06090708807639
poi_500_45,poi_500_45,503,62.38135324838275
poi_500_45,poi_500_45,504,63.418755213725966
poi_500_45,poi_500_45,505,63.616595478109765
poi_500_45,poi_500_45,506,63.240528126499555
poi_500_45,poi_500_45,507,63.65479607496453
poi_500_45,poi_500_45,508,64.920171669253
poi_500_45,poi_500_45,509,66.47625842841971
poi_500_45,poi_500_45,510,67.74130902691282
poi_500_45,poi_500_45,511,67.08017749453299
poi_500_45,poi_500_45,512,65.55878840383266
poi_500_45,poi_500_45,513,64.81356890545307
poi_500_45,poi_500_45,514,65.2564983320676
poi_500_45,poi_500_45,515,66.60484671254912
poi_500_45,poi_500_45,516,67.72015632479192
poi_500_45,poi_500_45,517,66.91427759850181
poi_500_45,poi_500_45,518,64.98456262336512
poi_500_45,poi_500_45,519,63.400972638947906
poi_500_45,poi_500_45,520,62.56500178810963
poi_500_45,poi_500_45,521,62.52424081725441
poi_500_45,poi_500_45,522,63.14894696385947
poi_500_45,poi_500_45,523,62.86863717349157
poi_500_45,poi_500_45,524,61.61099246005345
poi_500_45,poi_500_45,525,61.11194082206701
poi_500_45,poi_500_45,526,61.12516201850209
poi_500_45,poi_500_45,527,61.76690862171167
poi_500_45,poi_500_45,528,62.840567868715134
poi_500_45,poi_500_45,529,62.71173488062878
poi_500_45,poi_500_45,530,61.6917246483702
poi_500_45,poi_500_45,531,61.510157643206625
poi_500_45,poi_500_45,532,61.85799037639144
poi_500_45,poi_500_45,533,62.23276168949135
poi_500_45,poi_500_45,534,63.324929012238485
poi_500_45,poi_500_45,535,63.47687667409382
poi_500_45,poi_500_45,536,63.1090013850607
poi_500_45,poi_500_45,537,63.71317024705902
poi_500_45,poi_500_45,538,64.99254174889428
poi_500_45,poi_500_45,539,66.54956644342464
poi_500_45,poi_500_45,540,67.81624697883616
poi_500_45,poi_500_45,541,67.22448018695319
poi_500_45,poi_500_45,542,65.81020560170343
poi_500_45,poi_500_45,543,65.18868974887243
poi_500_45,poi_500_45,544,65.69903338922869
poi_500_45,poi_500_45,545,66.8548313781294
poi_500_45,poi_500_45,546,67.94346280831353
poi_500_45,poi_500_45,547,67.28063830704318
poi_500_45,poi_500_45,548,65.779108335709
poi_500_45,poi_500_45,549,65.1387500522281
poi_500_45,poi_500_45,550,65.53499047897601
poi_500_45,poi_500_45,551,66.80833933193331
poi_500_45,poi_500_45,552,67.88363383794226
poi_500_45,poi_500_45,553,67.12582643695318
poi_500_45,poi_500_45,554,65.35080877931269
poi_500_45,poi_500_45,555,64.15429454602952
poi_500_45,poi_500_45,556,63.64315825677992
poi_500_45,poi_500_45,557,63.46484560489189
poi_500_45,poi_500_45,558,64.07728139461148
poi_500_45,poi_500_45,559,64.04972029922875
poi_500_45,poi_500_45,560,63.609801418435325
poi_500_45,poi_500_45,561,64.07474503580288
poi_500_45,poi_500_45,562,65.22032992080072
poi_500_45,poi_500_45,563,66.68572109260484
poi_500_45,poi_500_45,564,67.90400693777939
poi_500_45,poi_500_45,565,67.28398070604828
poi_500_45,poi_500_45,566,65.88131487787858
poi_500_45,poi_500_45,567,65.26028162227891
poi_500_45,poi_500_45,568,65.7551561434255
poi_500_45,poi_500_45,569,66.893050361878
poi_500_45,poi_500_45,570,67.97005450524114
poi_500_45,poi_500_45,571,67.28063830704318
poi_500_45,poi_500_45,572,65.779108335709
poi_500_45,poi_500_45,573,65.02242725798692
poi_500_45,poi_500_45,574,65.41123927376543
poi_500_45,poi_500_45,575,66.69970314287379
poi_500_45,poi_500_45,576,67.78226547386942
poi_500_45,poi_500_45,577,66.9781512638422
poi_500_45,poi_500_45,578,65.07041477655248
poi_500_45,poi_500_45,579,63.5085766939462
poi_500_45,poi_500_45,580,62.67971228115118
poi_500_45,poi_500_45,581,62.62706591777288
poi_500_45,poi_500_45,582,63.22866123692193
poi_500_45,poi_500_45,583,62.86863717349157
poi_500_45,poi_500_45,584,61.61099246005345
poi_500_45,poi_500_45,585,60.81170113850853
poi_500_45,poi_500_45,586,60.77459600123128
poi_500_45,poi_500_45,587,61.41011707390578
poi_500_45,poi_500_45,588,62.508165116600466
poi_500_45,poi_500_45,589,62.29078406520702
poi_500_45,poi_500_45,590,61.01040047239842
poi_500_45,poi_500_45,591,60.23770757667633
poi_500_45,poi_500_45,592,60.30829998783226
poi_500_45,poi_500_45,593,61.080769466174814
poi_500_45,poi_500_45,594,62.29532052210836
poi_500_45,poi_500_45,595,62.1000758923892
poi_500_45,poi_500_45,596,60.78831295886896
poi_500_45,poi_500_45,597,60.36490438073227
poi_500_45,poi_500_45,598,60.514374963070175
poi_500_45,poi_500_45,599,61.32958124221715
poi_500_55,poi_500_55,0,40.0
poi_500_55,poi_500_55,1,40.0
poi_500_55,poi_500_55,2,40.0
poi_500_55,poi_500_55,3,40.0
poi_500_55,poi_500_55,4,40.0
poi_500_55,poi_500_55,5,40.0
poi_500_55,poi_500_55,6,40.0
poi_500_55,poi_500_55,7,40.0
poi_500_55,poi_500_55,8,40.0
poi_500_55,poi_500_55,9,50.96537913988527
poi_500_55,poi_500_55,10,51.56944110283251
poi_500_55,poi_500_55,11,52.22866424747589
poi_500_55,poi_500_55,12,52.95188272339282
poi_500_55,poi_500_55,13,53.75023657991104
poi_500_55,poi_500_55,14,54.63801540226172
poi_500_55,poi_500_55,15,56.07527373633964
poi_500_55,poi_500_55,16,57.14591849788341
poi_500_55,poi_500_55,17,56.07480668606112
poi_500_55,poi_500_55,18,56.61785439603725
poi_500_55,poi_500_55,19,57.846015398335965
poi_500_55,poi_500_55,20,59.265140765560666
poi_500_55,poi_500_55,21,61.32121077432447
poi_500_55,poi_500_55,22,63.04747941040597
poi_500_55,poi_500_55,23,64.65047404832062
poi_500_55,poi_500_55,24,65.62217794089815
poi_500_55,poi_500_55,25,65.2191847005796
poi_500_55,poi_500_55,26,63.96395695328372
poi_500_55,poi_500_55,27,62.9428500881379
poi_500_55,poi_500_55,28,62.513715020119804
poi_500_55,poi_500_55,29,62.112194348041
poi_500_55,poi_500_55,30,62.41772658230941
poi_500_55,poi_500_55,31,62.50842726580437
poi_500_55,poi_500_55,32,62.34128683424438
poi_500_55,poi_500_55,33,62.92852496304824
poi_500_55,poi_500_55,34,63.89823821787084
poi_500_55,poi_500_55,35,65.11482523711062
poi_500_55,poi_500_55,36,65.92015612843055
poi_500_55,poi_500_55,37,65.48646257308737
poi_500_55,poi_500_55,38,64.2615517410246
poi_500_55,poi_500_55,39,63.43610208419774
poi_500_55,poi_500_55,40,63.04310143803459
poi_500_55,poi_500_55,41,62.69503702187602
poi_500_55,poi_500_55,42,62.98635541056056
poi_500_55,poi_500_55,43,62.9865962756722
poi_500_55,poi_500_55,44,62.919912085862
poi_500_55,poi_500_55,45,63.54283622936664
poi_500_55,poi_500_55,46,64.52116230075016
poi_500_55,poi_500_55,47,65.48380525196856
poi_500_55,poi_500_55,48,66.26462493331552
poi_500_55,poi_500_55,49,65.95946705729796
poi_500_55,poi_500_55,50,65.11527147564944
poi_500_55,poi_500_55,51,64.75187577275099
poi_500_55,poi_500_55,52,65.13479369162589
poi_500_55,poi_500_55,53,65.77580400430138
poi_500_55,poi_500_55,54,66.38688993144865
poi_500_55,poi_500_55,55,65.94915557888676
poi_500_55,poi_500_55,56,64.99159394583603
poi_500_55,poi_500_55,57,64.48759956578223
poi_500_55,poi_500_55,58,64.74641173563217
poi_500_55,poi_500_55,59,65.53348172602507
poi_500_55,poi_500_55,60,66.12732621858608
poi_500_55,poi_500_55,61,65.56276020617346
poi_500_55,poi_500_55,62,64.21435971859859
poi_500_55,poi_500_55,63,63.00684930124322
poi_500_55,poi_500_55,64,62.2642995930913
poi_500_55,poi_500_55,65,61.98632425994977
poi_500_55,poi_500_55,66,62.13330067397894
poi_500_55,poi_500_55,67,61.713825143344906
poi_500_55,poi_500_55,68,60.90109278541793
poi_500_55,poi_500_55,69,60.7226048244401
poi_500_55,poi_500_55,70,60.72959664960463
poi_500_55,poi_500_55,71,61.06211902945841
poi_500_55,poi_500_55,72,61.66534474920235
poi_500_55,poi_500_55,73,61.52635369746771
poi_500_55,poi_500_55,74,61.00167431554961
poi_500_55,poi_500_55,75,61.14909028100583
poi_500_55,poi_500_55,76,61.504506376014234
poi_500_55,poi_500_55,77,61.58260110214671
poi_500_55,poi_500_55,78,62.25773925094135
poi_500_55,poi_500_55,79,62.44546828395406
poi_500_55,poi_500_55,80,62.49588291074011
poi_500_55,poi_500_55,81,63.07299613070289
poi_500_55,poi_500_55,82,64.17111238942992
poi_500_55,poi_500_55,83,65.20862340940515
poi_500_55,poi_500_55,84,66.02793007607788
poi_500_55,poi_500_55,85,65.68402636116784
poi_500_55,poi_500_55,86,64.73333979860041
poi_500_55,poi_500_55,87,64.39334570844848
poi_500_55,poi_500_55,88,64.7174589610607
poi_500_55,poi_500_55,89,65.55513002686412
poi_500_55,poi_500_55,90,66.1863498585856
poi_500_55,poi_500_55,91,65.6797537108095
poi_500_55,poi_500_55,92,64.45243258624413
poi_500_55,poi_500_55,93,63.61283141547899
poi_500_55,poi_500_55,94,63.19471717803587
poi_500_55,poi_500_55,95,62.82614254570313
poi_500_55,poi_500_55,96,63.08592809382348
poi_500_55,poi_500_55,97,63.14110959758636
poi_500_55,poi_500_55,98,63.05597506454306
poi_500_55,poi_500_55,99,63.646207811473616
poi_500_55,poi_500_55,100,64.59411497117503
poi_500_55,poi_500_55,101,65.53580404099387
poi_500_55,poi_500_55,102,66.30349409459392
poi_500_55,poi_500_55,103,65.95946705729796
poi_500_55,poi_500_55,104,65.11527147564944
poi_500_55,poi_500_55,105,64.8748052751644
poi_500_55,poi_500_55,106,65.26560930264866
poi_500_55,poi_500_55,107,65.90866631553725
poi_500_55,poi_500_55,108,66.5246538552499
poi_500_55,poi_500_55,109,66.13320553497856
poi_500_55,poi_500_55,110,65.27269670554601
poi_500_55,poi_500_55,111,64.88310176823136
poi_500_55,poi_500_55,112,65.22908138076627
poi_500_55,poi_500_55,113,65.84079637633016
poi_500_55,poi_500_55,114,66.43268126867895
poi_500_55,poi_500_55,115,66.02795313274895
poi_500_55,poi_500_55,116,65.07653908245247
poi_500_55,poi_500_55,117,64.6990364921925
poi_500_55,poi_500_55,118,64.95633543808728
poi_500_55,poi_500_55,119,65.72363129684423
poi_500_55,poi_500_55,120,66.31222444411632
poi_500_55,poi_500_55,121,65.76354568493977
poi_500_55,poi_500_55,122,64.54848261127108
poi_500_55,poi_500_55,123,63.553287153937404
poi_500_55,poi_500_55,124,63.08560715683937
poi_500_55,poi_500_55,125,62.653114675610695
poi_500_55,poi_500_55,126,62.86211153844061
poi_500_55,poi_500_55,127,62.766506968072484
poi_500_55,poi_500_55,128,62.577030653116374
poi_500_55,poi_500_55,129,62.926275512405574
poi_500_55,poi_500_55,130,63.85558802369596
poi_500_55,poi_500_55,131,65.04861156008252
poi_500_55,poi_500_55,132,65.83238477600132
poi_500_55,poi_500_55,133,65.27211765897599
poi_500_55,poi_500_55,134,63.90364255651332
poi_500_55,poi_500_55,135,62.87370885599175
poi_500_55,poi_500_55,136,62.212892578430484
poi_500_55,poi_500_55,137,62.03516453751031
poi_500_55,poi_500_55,138,62.2798669802448
poi_500_55,poi_500_55,139,61.99238319681054
poi_500_55,poi_500_55,140,61.39652855648868
poi_500_55,poi_500_55,141,61.16862933916157
poi_500_55,poi_500_55,142,61.41715487003328
poi_500_55,poi_500_55,143,61.39631698976059
poi_500_55,poi_500_55,144,62.00758551180735
poi_500_55,poi_500_55,145,62.19531786334254
poi_500_55,poi_500_55,146,62.11625444651474
poi_500_55,poi_500_55,147,62.590189228794
poi_500_55,poi_500_55,148,63.636429627758055
poi_500_55,poi_500_55,149,64.91121929685161
poi_500_55,poi_500_55,150,65.73588831304787
poi_500_55,poi_500_55,151,65.17817758460735
poi_500_55,poi_500_55,152,63.79201868607688
poi_500_55,poi_500_55,153,62.54758013876771
poi_500_55,poi_500_55,154,61.80926878668251
poi_500_55,poi_500_55,155,61.57682793766499
poi_500_55,poi_500_55,156,61.79576523780008
poi_500_55,poi_500_55,157,61.49767562780617
poi_500_55,poi_500_55,158,60.67531415165909
poi_500_55,poi_500_55,159,60.17376168355963
poi_500_55,poi_500_55,160,60.15026668049132
poi_500_55,poi_500_55,161,60.480655278350355
poi_500_55,poi_500_55,162,61.10269600162912
poi_500_55,poi_500_55,163,60.97188174795474
poi_500_55,poi_500_55,164,60.2051365761844
poi_500_55,poi_500_55,165,59.773572906562
poi_500_55,poi_500_55,166,59.839023511230856
poi_500_55,poi_500_55,167,60.253168789591555
poi_500_55,poi_500_55,168,60.94443150827108
poi_500_55,poi_500_55,169,60.71424726029485
poi_500_55,poi_500_55,170,59.93889080606307
poi_500_55,poi_500_55,171,59.91441447204264
poi_500_55,poi_500_55,172,60.066311235127834
poi_500_55,poi_500_55,173,60.549574254678824
poi_500_55,poi_500_55,174,61.28769140238089
poi_500_55,poi_500_55,175,61.30041708393036
poi_500_55,poi_500_55,176,60.78119805251656
poi_500_55,poi_500_55,177,60.65462570369892
poi_500_55,poi_500_55,178,61.02529076928554
poi_500_55,poi_500_55,179,61.070846101360246
poi_500_55,poi_500_55,180,61.771020791375804
poi_500_55,poi_500_55,181,62.00236361960889
poi_500_55,poi_500_55,182,61.946673081499306
poi_500_55,poi_500_55,183,62.45792539640366
poi_500_55,poi_500_55,184,63.545288099289294
poi_500_55,poi_500_55,185,64.85112188567842
poi_500_55,poi_500_55,186,65.6915644045517
poi_500_55,poi_500_55,187,65.17817758460735
poi_500_55,poi_500_55,188,63.79201868607688
poi_500_55,poi_500_55,189,62.54758013876771
poi_500_55,poi_500_55,190,61.80926878668251
poi_500_55,poi_500_55,191,61.57682793766499
poi_500_55,poi_500_55,192,61.79576523780008
poi_500_55,poi_500_55,193,61.49767562780617
poi_500_55,poi_500_55,194,60.67531415165909
poi_500_55,poi_500_55,195,60.517576326539555
poi_500_55,poi_500_55,196,60.549788281874044
poi_500_55,poi_500_55,197,60.91485151602691
poi_500_55,poi_500_55,198,61.5512753692525
poi_500_55,poi_500_55,199,61.52635369746771
poi_500_55,poi_500_55,200,61.00167431554961
poi_500_55,poi_500_55,201,61.14909028100583
poi_500_55,poi_500_55,202,61.504506376014234
poi_500_55,poi_500_55,203,61.58260110214671
poi_500_55,poi_500_55,204,62.25773925094135
poi_500_55,poi_500_55,205,62.44546828395406
poi_500_55,poi_500_55,206,62.49588291074011
poi_500_55,poi_500_55,207,63.07299613070289
poi_500_55,poi_500_55,208,64.17111238942992
poi_500_55,poi_500_55,209,65.20862340940515
poi_500_55,poi_500_55,210,66.02793007607788
poi_500_55,poi_500_55,211,65.68402636116784
poi_500_55,poi_500_55,212,64.73333979860041
poi_500_55,poi_500_55,213,64.25577354922603
poi_500_55,poi_500_55,214,64.5687404767312
poi_500_55,poi_500_55,215,65.41081044948714
poi_500_55,poi_500_55,216,66.03723171461351
poi_500_55,poi_500_55,217,65.47496302525899
poi_500_55,poi_500_55,218,64.11053590663114
poi_500_55,poi_500_55,219,62.8868538886612
poi_500_55,poi_500_55,220,62.138800658099115
poi_500_55,poi_500_55,221,61.867675613325204
poi_500_55,poi_500_55,222,62.03102168745764
poi_500_55,poi_500_55,223,61.713825143344906
poi_500_55,poi_500_55,224,60.90109278541793
poi_500_55,poi_500_55,225,60.7226048244401
poi_500_55,poi_500_55,226,60.72959664960463
poi_500_55,poi_500_55,227,61.06211902945841
poi_500_55,poi_500_55,228,61.66534474920235
poi_500_55,poi_500_55,229,61.52635369746771
poi_500_55,poi_500_55,230,61.00167431554961
poi_500_55,poi_500_55,231,60.85342872396184
poi_500_55,poi_500_55,232,61.18679388549556
poi_500_55,poi_500_55,233,61.21300187454278
poi_500_55,poi_500_55,234,61.879531761463646
poi_500_55,poi_500_55,235,62.00236361960889
poi_500_55,poi_500_55,236,61.946673081499306
poi_500_55,poi_500_55,237,62.664391114811586
poi_500_55,poi_500_55,238,63.73268558753058
poi_500_55,poi_500_55,239,65.01492204398589
poi_500_55,poi_500_55,240,65.8528097727533
poi_500_55,poi_500_55,241,65.39709320715441
poi_500_55,poi_500_55,242,64.15886338043771
poi_500_55,poi_500_55,243,63.15091717508844
poi_500_55,poi_500_55,244,62.712459303639456
poi_500_55,poi_500_55,245,62.30431147790608
poi_500_55,poi_500_55,246,62.57846603391716
poi_500_55,poi_500_55,247,62.597800612787026
poi_500_55,poi_500_55,248,62.42482275230028
poi_500_55,poi_500_55,249,62.99499520013151
poi_500_55,poi_500_55,250,63.94715671289262
poi_500_55,poi_500_55,251,65.14912202330335
poi_500_55,poi_500_55,252,65.94677052768573
poi_500_55,poi_500_55,253,65.48646257308737
poi_500_55,poi_500_55,254,64.2615517410246
poi_500_55,poi_500_55,255,63.26392519008334
poi_500_55,poi_500_55,256,62.8226244791395
poi_500_55,poi_500_55,257,62.41175051667721
poi_500_55,poi_500_55,258,62.668756855415786
poi_500_55,poi_500_55,259,62.597800612787026
poi_500_55,poi_500_55,260,62.42482275230028
poi_500_55,poi_500_55,261,62.8040011405503
poi_500_55,poi_500_55,262,63.768976689076105
poi_500_55,poi_500_55,263,64.99039821596892
poi_500_55,poi_500_55,264,65.78903972254246
poi_500_55,poi_500_55,265,65.27211765897599
poi_500_55,poi_500_55,266,63.90364255651332
poi_500_55,poi_500_55,267,62.87370885599175
poi_500_55,poi_500_55,268,62.212892578430484
poi_500_55,poi_500_55,269,62.03516453751031
poi_500_55,poi_500_55,270,62.2798669802448
poi_500_55,poi_500_55,271,61.99238319681054
poi_500_55,poi_500_55,272,61.39652855648868
poi_500_55,poi_500_55,273,61.16862933916157
poi_500_55,poi_500_55,274,61.41715487003328
poi_500_55,poi_500_55,275,61.39631698976059
poi_500_55,poi_500_55,276,62.00758551180735
poi_500_55,poi_500_55,277,62.19531786334254
poi_500_55,poi_500_55,278,62.11625444651474
poi_500_55,poi_500_55,279,62.7906025345381
poi_500_55,poi_500_55,280,63.8200164490624
poi_500_55,poi_500_55,281,65.0728097690911
poi_500_55,poi_500_55,282,65.89552611185951
poi_500_55,poi_500_55,283,65.39709320715441
poi_500_55,poi_500_55,284,64.15886338043771
poi_500_55,poi_500_55,285,63.32754201655284
poi_500_55,poi_500_55,286,62.938455637785054
poi_500_55,poi_500_55,287,62.59446164929062
poi_500_55,poi_500_55,288,62.902493768064474
poi_500_55,poi_500_55,289,62.9865962756722
poi_500_55,poi_500_55,290,62.919912085862
poi_500_55,poi_500_55,291,63.37492112809368
poi_500_55,poi_500_55,292,64.3654429387155
poi_500_55,poi_500_55,293,65.33705509441793
poi_500_55,poi_500_55,294,66.11821575549749
poi_500_55,poi_500_55,295,65.76773672911438
poi_500_55,poi_500_55,296,64.82343580182406
poi_500_55,poi_500_55,297,64.47851123022102
poi_500_55,poi_500_55,298,64.78721340436199
poi_500_55,poi_500_55,299,65.60628677588272
poi_500_55,poi_500_55,300,66.22592271862624
poi_500_55,poi_500_55,301,65.6797537108095
poi_500_55,poi_500_55,302,64.45243258624413
poi_500_55,poi_500_55,303,63.447652619442295
poi_500_55,poi_500_55,304,62.98199281691274
poi_500_55,poi_500_55,305,62.55155225440006
poi_500_55,poi_500_55,306,62.77579177207471
poi_500_55,poi_500_55,307,62.766506968072484
poi_500_55,poi_500_55,308,62.577030653116374
poi_500_55,poi_500_55,309,62.926275512405574
poi_500_55,poi_500_55,310,63.85558802369596
poi_500_55,poi_500_55,311,65.04861156008252
poi_500_55,poi_500_55,312,65.83238477600132
poi_500_55,poi_500_55,313,65.27211765897599
poi_500_55,poi_500_55,314,63.90364255651332
poi_500_55,poi_500_55,315,62.87370885599175
poi_500_55,poi_500_55,316,62.212892578430484
poi_500_55,poi_500_55,317,62.03516453751031
poi_500_55,poi_500_55,318,62.2798669802448
poi_500_55,poi_500_55,319,61.99238319681054
poi_500_55,poi_500_55,320,61.39652855648868
poi_500_55,poi_500_55,321,61.44423527722398
poi_500_55,poi_500_55,322,61.71901129096979
poi_500_55,poi_500_55,323,61.75124737541538
poi_500_55,poi_500_55,324,62.37525629823593
poi_500_55,poi_500_55,325,62.62007766796232
poi_500_55,poi_500_55,326,62.64566272522834
poi_500_55,poi_500_55,327,63.18802317431134
poi_500_55,poi_500_55,328,64.2501332744609
poi_500_55,poi_500_55,329,65.26400202243609
poi_500_55,poi_500_55,330,66.0689661819737
poi_500_55,poi_500_55,331,65.68402636116784
poi_500_55,poi_500_55,332,64.73333979860041
poi_500_55,poi_500_55,333,64.25577354922603
poi_500_55,poi_500_55,334,64.5687404767312
poi_500_55,poi_500_55,335,65.41081044948714
poi_500_55,poi_500_55,336,66.03723171461351
poi_500_55,poi_500_55,337,65.47496302525899
poi_500_55,poi_500_55,338,64.11053590663114
poi_500_55,poi_500_55,339,62.8868538886612
poi_500_55,poi_500_55,340,62.138800658099115
poi_500_55,poi_500_55,341,61.867675613325204
poi_500_55,poi_500_55,342,62.03102168745764
poi_500_55,poi_500_55,343,61.713825143344906
poi_500_55,poi_500_55,344,60.90109278541793
poi_500_55,poi_500_55,345,60.395257530912694
poi_500_55,poi_500_55,346,60.347014074212524
poi_500_55,poi_500_55,347,60.64312114948362
poi_500_55,poi_500_55,348,61.22899867175854
poi_500_55,poi_500_55,349,60.97188174795474
poi_500_55,poi_500_55,350,60.2051365761844
poi_500_55,poi_500_55,351,59.773572906562
poi_500_55,poi_500_55,352,59.839023511230856
poi_500_55,poi_500_55,353,60.253168789591555
poi_500_55,poi_500_55,354,60.94443150827108
poi_500_55,poi_500_55,355,60.71424726029485
poi_500_55,poi_500_55,356,59.93889080606307
poi_500_55,poi_500_55,357,59.91441447204264
poi_500_55,poi_500_55,358,60.066311235127834
poi_500_55,poi_500_55,359,60.549574254678824
poi_500_55,poi_500_55,360,61.28769140238089
poi_500_55,poi_500_55,361,61.30041708393036
poi_500_55,poi_500_55,362,60.78119805251656
poi_500_55,poi_500_55,363,60.963654565362326
poi_500_55,poi_500_55,364,61.35459537117516
poi_500_55,poi_500_55,365,61.4522186967268
poi_500_55,poi_500_55,366,62.15838258549164
poi_500_55,poi_500_55,367,62.44546828395406
poi_500_55,poi_500_55,368,62.49588291074011
poi_500_55,poi_500_55,369,63.07299613070289
poi_500_55,poi_500_55,370,64.17111238942992
poi_500_55,poi_500_55,371,65.20862340940515
poi_500_55,poi_500_55,372,66.02793007607788
poi_500_55,poi_500_55,373,65.68402636116784
poi_500_55,poi_500_55,374,64.73333979860041
poi_500_55,poi_500_55,375,64.25577354922603
poi_500_55,poi_500_55,376,64.5687404767312
poi_500_55,poi_500_55,377,65.41081044948714
poi_500_55,poi_500_55,378,66.03723171461351
poi_500_55,poi_500_55,379,65.47496302525899
poi_500_55,poi_500_55,380,64.11053590663114
poi_500_55,poi_500_55,381,63.07431556092479
poi_500_55,poi_500_55,382,62.39578318316358
poi_500_55,poi_500_55,383,62.187410391665345
poi_500_55,poi_500_55,384,62.396794757509866
poi_500_55,poi_500_55,385,62.1857716351034
poi_500_55,poi_500_55,386,61.58851240101579
poi_500_55,poi_500_55,387,61.61061280075604
poi_500_55,poi_500_55,388,61.85704622360542
poi_500_55,poi_500_55,389,61.87307504256731
poi_500_55,poi_500_55,390,62.469825538103194
poi_500_55,poi_500_55,391,62.62007766796232
poi_500_55,poi_500_55,392,62.64566272522834
poi_500_55,poi_500_55,393,63.363175262663816
poi_500_55,poi_500_55,394,64.40996634813952
poi_500_55,poi_500_55,395,65.41319927771983
poi_500_55,poi_500_55,396,66.21701696716426
poi_500_55,poi_500_55,397,65.87940544094502
poi_500_55,poi_500_55,398,65.03108790838807
poi_500_55,poi_500_55,399,64.79713392235966
poi_500_55,poi_500_55,400,65.20318311640938
poi_500_55,poi_500_55,401,65.86096917637418
poi_500_55,poi_500_55,402,66.48772273920177
poi_500_55,poi_500_55,403,66.13320553497856
poi_500_55,poi_500_55,404,65.27269670554601
poi_500_55,poi_500_55,405,64.88310176823136
poi_500_55,poi_500_55,406,65.22908138076627
poi_500_55,poi_500_55,407,65.84079637633016
poi_500_55,poi_500_55,408,66.43268126867895
poi_500_55,poi_500_55,409,66.02795313274895
poi_500_55,poi_500_55,410,65.07653908245247
poi_500_55,poi_500_55,411,64.6990364921925
poi_500_55,poi_500_55,412,64.95633543808728
poi_500_55,poi_500_55,413,65.72363129684423
poi_500_55,poi_500_55,414,66.31222444411632
poi_500_55,poi_500_55,415,65.76354568493977
poi_500_55,poi_500_55,416,64.54848261127108
poi_500_55,poi_500_55,417,63.71456951951012
poi_500_55,poi_500_55,418,63.2934344696357
poi_500_55,poi_500_55,419,62.921550134743995
poi_500_55,poi_500_55,420,63.166353320569684
poi_500_55,poi_500_55,421,63.14110959758636
poi_500_55,poi_500_55,422,63.05597506454306
poi_500_55,poi_500_55,423,63.646207811473616
poi_500_55,poi_500_55,424,64.59411497117503
poi_500_55,poi_500_55,425,65.53580404099387
poi_500_55,poi_500_55,426,66.30349409459392
poi_500_55,poi_500_55,427,65.95946705729796
poi_500_55,poi_500_55,428,65.11527147564944
poi_500_55,poi_500_55,429,64.8748052751644
poi_500_55,poi_500_55,430,65.26560930264866
poi_500_55,poi_500_55,431,65.90866631553725
poi_500_55,poi_500_55,432,66.5246538552499
poi_500_55,poi_500_55,433,66.13320553497856
poi_500_55,poi_500_55,434,65.27269670554601
poi_500_55,poi_500_55,435,64.88310176823136
poi_500_55,poi_500_55,436,65.22908138076627
poi_500_55,poi_500_55,437,65.84079637633016
poi_500_55,poi_500_55,438,66.43268126867895
poi_500_55,poi_500_55,439,66.02795313274895
poi_500_55,poi_500_55,440,65.07653908245247
poi_500_55,poi_500_55,441,64.6990364921925
poi_500_55,poi_500_55,442,64.95633543808728
poi_500_55,poi_500_55,443,65.72363129684423
poi_500_55,poi_500_55,444,66.31222444411632
poi_500_55,poi_500_55,445,65.76354568493977
poi_500_55,poi_500_55,446,64.54848261127108
poi_500_55,poi_500_55,447,63.71456951951012
poi_500_55,poi_500_55,448,63.2934344696357
poi_500_55,poi_500_55,449,62.921550134743995
poi_500_55,poi_500_55,450,63.166353320569684
poi_500_55,poi_500_55,451,63.14110959758636
poi_500_55,poi_500_55,452,63.05597506454306
poi_500_55,poi_500_55,453,63.646207811473616
poi_500_55,poi_500_55,454,64.59411497117503
poi_500_55,poi_500_55,455,65.53580404099387
poi_500_55,poi_500_55,456,66.30349409459392
poi_500_55,poi_500_55,457,65.95946705729796
poi_500_55,poi_500_55,458,65.11527147564944
poi_500_55,poi_500_55,459,64.75187577275099
poi_500_55,poi_500_55,460,65.13479369162589
poi_500_55,poi_500_55,461,65.77580400430138
poi_500_55,poi_500_55,462,66.38688993144865
poi_500_55,poi_500_55,463,65.94915557888676
poi_500_55,poi_500_55,464,64.99159394583603
poi_500_55,poi_500_55,465,64.61812705895198
poi_500_55,poi_500_55,466,64.8892658275514
poi_500_55,poi_500_55,467,65.67384612167133
poi_500_55,poi_500_55,468,66.27343369023421
poi_500_55,poi_500_55,469,65.76354568493977
poi_500_55,poi_500_55,470,64.54848261127108
poi_500_55,poi_500_55,471,63.553287153937404
poi_500_55,poi_500_55,472,63.08560715683937
poi_500_55,poi_500_55,473,62.653114675610695
poi_500_55,poi_500_55,474,62.86211153844061
poi_500_55,poi_500_55,475,62.766506968072484
poi_500_55,poi_500_55,476,62.577030653116374
poi_500_55,poi_500_55,477,63.11207898573157
poi_500_55,poi_500_55,478,64.03031962930228
poi_500_55,poi_500_55,479,65.20525966708642
poi_500_55,poi_500_55,480,65.98857699946392
poi_500_55,poi_500_55,481,65.48646257308737
poi_500_55,poi_500_55,482,64.2615517410246
poi_500_55,poi_500_55,483,63.26392519008334
poi_500_55,poi_500_55,484,62.8226244791395
poi_500_55,poi_500_55,485,62.41175051667721
poi_500_55,poi_500_55,486,62.668756855415786
poi_500_55,poi_500_55,487,62.597800612787026
poi_500_55,poi_500_55,488,62.42482275230028
poi_500_55,poi_500_55,489,62.8040011405503
poi_500_55,poi_500_55,490,63.768976689076105
poi_500_55,poi_500_55,491,64.99039821596892
poi_500_55,poi_500_55,492,65.78903972254246
poi_500_55,poi_500_55,493,65.27211765897599
poi_500_55,poi_500_55,494,63.90364255651332
poi_500_55,poi_500_55,495,62.87370885599175
poi_500_55,poi_500_55,496,62.212892578430484
poi_500_55,poi_500_55,497,62.03516453751031
poi_500_55,poi_500_55,498,62.2798669802448
poi_500_55,poi_500_55,499,61.99238319681054
poi_500_55,poi_500_55,500,61.39652855648868
poi_500_55,poi_500_55,501,61.44423527722398
poi_500_55,poi_500_55,502,61.71901129096979
poi_500_55,poi_500_55,503,61.75124737541538
poi_500_55,poi_500_55,504,62.37525629823593
poi_500_55,poi_500_55,505,62.62007766796232
poi_500_55,poi_500_55,506,62.64566272522834
poi_500_55,poi_500_55,507,63.18802317431134
poi_500_55,poi_500_55,508,64.2501332744609
poi_500_55,poi_500_55,509,65.26400202243609
poi_500_55,poi_500_55,510,66.0689661819737
poi_500_55,poi_500_55,511,65.68402636116784
poi_500_55,poi_500_55,512,64.73333979860041
poi_500_55,poi_500_55,513,64.25577354922603
poi_500_55,poi_500_55,514,64.5687404767312
poi_500_55,poi_500_55,515,65.41081044948714
poi_500_55,poi_500_55,516,66.03723171461351
poi_500_55,poi_500_55,517,65.47496302525899
poi_500_55,poi_500_55,518,64.11053590663114
poi_500_55,poi_500_55,519,62.8868538886612
poi_500_55,poi_500_55,520,62.138800658099115
poi_500_55,poi_500_55,521,61.867675613325204
poi_500_55,poi_500_55,522,62.03102168745764
poi_500_55,poi_500_55,523,61.713825143344906
poi_500_55,poi_500_55,524,60.90109278541793
poi_500_55,poi_500_55,525,60.7226048244401
poi_500_55,poi_500_55,526,60.72959664960463
poi_500_55,poi_500_55,527,61.06211902945841
poi_500_55,poi_500_55,528,61.66534474920235
poi_500_55,poi_500_55,529,61.52635369746771
poi_500_55,poi_500_55,530,61.00167431554961
poi_500_55,poi_500_55,531,61.14909028100583
poi_500_55,poi_500_55,532,61.504506376014234
poi_500_55,poi_500_55,533,61.58260110214671
poi_500_55,poi_500_55,534,62.25773925094135
poi_500_55,poi_500_55,535,62.44546828395406
poi_500_55,poi_500_55,536,62.49588291074011
poi_500_55,poi_500_55,537,63.25275329256173
poi_500_55,poi_500_55,538,64.33382597774651
poi_500_55,poi_500_55,539,65.35970239713426
poi_500_55,poi_500_55,540,66.17736250277773
poi_500_55,poi_500_55,541,65.87940544094502
poi_500_55,poi_500_55,542,65.03108790838807
poi_500_55,poi_500_55,543,64.67195383434989
poi_500_55,poi_500_55,544,65.07044432301826
poi_500_55,poi_500_55,545,65.72661671022362
poi_500_55,poi_500_55,546,66.34876329313636
poi_500_55,poi_500_55,547,65.94915557888676
poi_500_55,poi_500_55,548,64.99159394583603
poi_500_55,poi_500_55,549,64.61812705895198
poi_500_55,poi_500_55,550,64.8892658275514
poi_500_55,poi_500_55,551,65.67384612167133
poi_500_55,poi_500_55,552,66.27343369023421
poi_500_55,poi_500_55,553,65.76354568493977
poi_500_55,poi_500_55,554,64.54848261127108
poi_500_55,poi_500_55,555,63.71456951951012
poi_500_55,poi_500_55,556,63.2934344696357
poi_500_55,poi_500_55,557,62.921550134743995
poi_500_55,poi_500_55,558,63.166353320569684
poi_500_55,poi_500_55,559,63.14110959758636
poi_500_55,poi_500_55,560,63.05597506454306
poi_500_55,poi_500_55,561,63.646207811473616
poi_500_55,poi_500_55,562,64.59411497117503
poi_500_55,poi_500_55,563,65.53580404099387
poi_500_55,poi_500_55,564,66.30349409459392
poi_500_55,poi_500_55,565,65.95946705729796
poi_500_55,poi_500_55,566,65.11527147564944
poi_500_55,poi_500_55,567,64.75187577275099
poi_500_55,poi_500_55,568,65.13479369162589
poi_500_55,poi_500_55,569,65.77580400430138
poi_500_55,poi_500_55,570,66.38688993144865
poi_500_55,poi_500_55,571,65.94915557888676
poi_500_55,poi_500_55,572,64.99159394583603
poi_500_55,poi_500_55,573,64.48759956578223
poi_500_55,poi_500_55,574,64.74641173563217
poi_500_55,poi_500_55,575,65.53348172602507
poi_500_55,poi_500_55,576,66.12732621858608
poi_500_55,poi_500_55,577,65.56276020617346
poi_500_55,poi_500_55,578,64.21435971859859
poi_500_55,poi_500_55,579,63.00684930124322
poi_500_55,poi_500_55,580,62.2642995930913
poi_500_55,poi_500_55,581,61.98632425994977
poi_500_55,poi_500_55,582,62.13330067397894
poi_500_55,poi_500_55,583,61.713825143344906
poi_500_55,poi_500_55,584,60.90109278541793
poi_500_55,poi_500_55,585,60.395257530912694
poi_500_55,poi_500_55,586,60.347014074212524
poi_500_55,poi_500_55,587,60.64312114948362
poi_500_55,poi_500_55,588,61.22899867175854
poi_500_55,poi_500_55,589,60.97188174795474
poi_500_55,poi_500_55,590,60.2051365761844
poi_500_55,poi_500_55,591,59.773572906562
poi_500_55,poi_500_55,592,59.839023511230856
poi_500_55,poi_500_55,593,60.253168789591555
poi_500_55,poi_500_55,594,60.94443150827108
poi_500_55,poi_500_55,595,60.71424726029485
poi_500_55,poi_500_55,596,59.93889080606307
poi_500_55,poi_500_55,597,59.91441447204264
poi_500_55,poi_500_55,598,60.066311235127834
poi_500_55,poi_500_55,599,60.549574254678824
poi_500_65,poi_500_65,0,40.0
poi_500_65,poi_500_65,1,40.0
poi_500_65,poi_500_65,2,40.0
poi_500_65,poi_500_65,3,40.0
poi_500_65,poi_500_65,4,40.0
poi_500_65,poi_500_65,5,40.0
poi_500_65,poi_500_65,6,40.0
poi_500_65,poi_500_65,7,40.0
poi_500_65,poi_500_65,8,40.0
poi_500_65,poi_500_65,9,50.935216127843674
poi_500_65,poi_500_65,10,51.53401071906855
poi_500_65,poi_500_65,11,52.18658428854128
poi_500_65,poi_500_65,12,52.90125263167202
poi_500_65,poi_500_65,13,53.68837369564459
poi_500_65,poi_500_65,14,54.56101591223961
poi_500_65,poi_500_65,15,55.98450500543439
poi_500_65,poi_500_65,16,57.02615229370941
poi_500_65,poi_500_65,17,55.92770312649555
poi_500_65,poi_500_65,18,56.42638954627675
poi_500_65,poi_500_65,19,57.583869830825876
poi_500_65,poi_500_65,20,58.892501035860924
poi_500_65,poi_500_65,21,60.8210729472482
poi_500_65,poi_500_65,22,62.2747367783621
poi_500_65,poi_500_65,23,63.480078174632986
poi_500_65,poi_500_65,24,64.18757529023586
poi_500_65,poi_500_65,25,63.96624062639566
poi_500_65,poi_500_65,26,63.12313464074557
poi_500_65,poi_500_65,27,62.41672914582554
poi_500_65,poi_500_65,28,62.09089081765569
poi_500_65,poi_500_65,29,61.542252486774245
poi_500_65,poi_500_65,30,61.62426784134216
poi_500_65,poi_500_65,31,61.72653607630408
poi_500_65,poi_500_65,32,61.75592821290507
poi_500_65,poi_500_65,33,62.42352001433524
poi_500_65,poi_500_65,34,63.207746045760345
poi_500_65,poi_500_65,35,64.05094162554622
poi_500_65,poi_500_65,36,64.58327553609082
poi_500_65,poi_500_65,37,64.3107082525072
poi_500_65,poi_500_65,38,63.47506578143193
poi_500_65,poi_500_65,39,62.96315620822583
poi_500_65,poi_500_65,40,62.66510958871231
poi_500_65,poi_500_65,41,62.194693555774265
poi_500_65,poi_500_65,42,62.1307351690093
poi_500_65,poi_500_65,43,62.28562720761191
poi_500_65,poi_500_65,44,62.40159466207574
poi_500_65,poi_500_65,45,63.09413572965394
poi_500_65,poi_500_65,46,63.91050263912878
poi_500_65,poi_500_65,47,64.50118399014964
poi_500_65,poi_500_65,48,65.02488920571173
poi_500_65,poi_500_65,49,64.88235849196057
poi_500_65,poi_500_65,50,64.39560902573058
poi_500_65,poi_500_65,51,64.22339146767004
poi_500_65,poi_500_65,52,64.5266371400752
poi_500_65,poi_500_65,53,64.82663617803678
poi_500_65,poi_500_65,54,65.08720184255604
poi_500_65,poi_500_65,55,64.86094525447079
poi_500_65,poi_500_65,56,64.24743563806086
poi_500_65,poi_500_65,57,63.92915269723234
poi_500_65,poi_500_65,58,64.09128466302354
poi_500_65,poi_500_65,59,64.53641547061717
poi_500_65,poi_500_65,60,64.84255650822796
poi_500_65,poi_500_65,61,64.3999116358343
poi_500_65,poi_500_65,62,63.41487956666619
poi_500_65,poi_500_65,63,62.48958246175949
poi_500_65,poi_500_65,64,61.83386693452486
poi_500_65,poi_500_65,65,61.42130442047016
poi_500_65,poi_500_65,66,61.11984726142407
poi_500_65,poi_500_65,67,60.85075304106869
poi_500_65,poi_500_65,68,60.28335336680348
poi_500_65,poi_500_65,69,60.33455677306005
poi_500_65,poi_500_65,70,60.337570610741565
poi_500_65,poi_500_65,71,60.46183155697105
poi_500_65,poi_500_65,72,60.574128168066885
poi_500_65,poi_500_65,73,60.64609087131625
poi_500_65,poi_500_65,74,60.40623971294585
poi_500_65,poi_500_65,75,60.789542572713714
poi_500_65,poi_500_65,76,61.15190589299643
poi_500_65,poi_500_65,77,61.025566812590746
poi_500_65,poi_500_65,78,61.27748009155991
poi_500_65,poi_500_65,79,61.66980681975321
poi_500_65,poi_500_65,80,61.936640894684615
poi_500_65,poi_500_65,81,62.58038723107891
poi_500_65,poi_500_65,82,63.511590304987294
poi_500_65,poi_500_65,83,64.1581945814473
poi_500_65,poi_500_65,84,64.71144856264097
poi_500_65,poi_500_65,85,64.53143702347178
poi_500_65,poi_500_65,86,63.949162831507344
poi_500_65,poi_500_65,87,63.82728187831371
poi_500_65,poi_500_65,88,64.06033880651142
poi_500_65,poi_500_65,89,64.56440970521038
poi_500_65,poi_500_65,90,64.92101988903488
poi_500_65,poi_500_65,91,64.54969809037566
poi_500_65,poi_500_65,92,63.69354743808509
poi_500_65,poi_500_65,93,63.15310269223025
poi_500_65,poi_500_65,94,62.82553818174787
poi_500_65,poi_500_65,95,62.33796119020647
poi_500_65,poi_500_65,96,62.40594784828364
poi_500_65,poi_500_65,97,62.46440413301584
poi_500_65,poi_500_65,98,62.55295502405677
poi_500_65,poi_500_65,99,63.207527031281316
poi_500_65,poi_500_65,100,63.99366046568861
poi_500_65,poi_500_65,101,64.56580062629538
poi_500_65,poi_500_65,102,64.99209319678917
poi_500_65,poi_500_65,103,64.88235849196057
poi_500_65,poi_500_65,104,64.39560902573058
poi_500_65,poi_500_65,105,64.3609383382206
poi_500_65,poi_500_65,106,64.67547407285457
poi_500_65,poi_500_65,107,64.98966426603971
poi_500_65,poi_500_65,108,65.26977434341777
poi_500_65,poi_500_65,109,65.0925743666049
poi_500_65,poi_500_65,110,64.57319993503883
poi_500_65,poi_500_65,111,64.36627297081
poi_500_65,poi_500_65,112,64.63181052701104
poi_500_65,poi_500_65,113,64.90537591627658
poi_500_65,poi_500_65,114,65.22870325976368
poi_500_65,poi_500_65,115,64.96065875320225
poi_500_65,poi_500_65,116,64.34698332338147
poi_500_65,poi_500_65,117,64.1668607850584
poi_500_65,poi_500_65,118,64.33238471273489
poi_500_65,poi_500_65,119,64.7720852152389
poi_500_65,poi_500_65,120,65.00276132924147
poi_500_65,poi_500_65,121,64.65672951926074
poi_500_65,poi_500_65,122,63.80646173408976
poi_500_65,poi_500_65,123,63.08713634406842
poi_500_65,poi_500_65,124,62.707722504610004
poi_500_65,poi_500_65,125,62.146269607108465
poi_500_65,poi_500_65,126,61.98032505956761
poi_500_65,poi_500_65,127,62.03028876550938
poi_500_65,poi_500_65,128,62.02205051827786
poi_500_65,poi_500_65,129,62.42080436801387
poi_500_65,poi_500_65,130,63.15836926354017
poi_500_65,poi_500_65,131,63.9675205441269
poi_500_65,poi_500_65,132,64.3686528927863
poi_500_65,poi_500_65,133,64.03189338062835
poi_500_65,poi_500_65,134,63.05086865090718
poi_500_65,poi_500_65,135,62.34701109821957
poi_500_65,poi_500_65,136,61.78169899397325
poi_500_65,poi_500_65,137,61.47846792627768
poi_500_65,poi_500_65,138,61.30253137951044
poi_500_65,poi_500_65,139,61.18279383073475
poi_500_65,poi_500_65,140,60.83824414853648
poi_500_65,poi_500_65,141,60.801673783461254
poi_500_65,poi_500_65,142,61.05299810835508
poi_500_65,poi_500_65,143,60.81246798042631
poi_500_65,poi_500_65,144,61.17375360852536
poi_500_65,poi_500_65,145,61.374216954086435
poi_500_65,poi_500_65,146,61.512045291789846
poi_500_65,poi_500_65,147,62.05139024815287
poi_500_65,poi_500_65,148,62.9054276455793
poi_500_65,poi_500_65,149,63.79363542117435
poi_500_65,poi_500_65,150,64.23490535253418
poi_500_65,poi_500_65,151,63.90806185573396
poi_500_65,poi_500_65,152,62.91616085286883
poi_500_65,poi_500_65,153,61.980229311611254
poi_500_65,poi_500_65,154,61.33781248910368
poi_500_65,poi_500_65,155,60.95888416819808
poi_500_65,poi_500_65,156,60.917197489268275
poi_500_65,poi_500_65,157,60.58906300181696
poi_500_65,poi_500_65,158,60.024959670460134
poi_500_65,poi_500_65,159,59.736115278545476
poi_500_65,poi_500_65,160,59.705289752057304
poi_500_65,poi_500_65,161,59.79417314537376
poi_500_65,poi_500_65,162,60.11458328686474
poi_500_65,poi_500_65,163,59.967852794787355
poi_500_65,poi_500_65,164,59.49838726203389
poi_500_65,poi_500_65,165,59.30744381077267
poi_500_65,poi_500_65,166,59.36956128250582
poi_500_65,poi_500_65,167,59.53334197248524
poi_500_65,poi_500_65,168,59.63731587691357
poi_500_65,poi_500_65,169,59.644925514916025
poi_500_65,poi_500_65,170,59.1869268527376
poi_500_65,poi_500_65,171,59.46331904388107
poi_500_65,poi_500_65,172,59.61979820229293
poi_500_65,poi_500_65,173,59.87707071955598
poi_500_65,poi_500_65,174,60.34361288472995
poi_500_65,poi_500_65,175,60.37136569671398
poi_500_65,poi_500_65,176,60.15526738557428
poi_500_65,poi_500_65,177,60.25445573805189
poi_500_65,poi_500_65,178,60.634464496842725
poi_500_65,poi_500_65,179,60.44488803440878
poi_500_65,poi_500_65,180,60.88981455948458
poi_500_65,poi_500_65,181,61.14304818043613
poi_500_65,poi_500_65,182,61.318766049320246
poi_500_65,poi_500_65,183,61.90281593646654
poi_500_65,poi_500_65,184,62.79829526317567
poi_500_65,poi_500_65,185,63.716332940484904
poi_500_65,poi_500_65,186,64.27392006554916
poi_500_65,poi_500_65,187,63.90806185573396
poi_500_65,poi_500_65,188,62.91616085286883
poi_500_65,poi_500_65,189,61.980229311611254
poi_500_65,poi_500_65,190,61.33781248910368
poi_500_65,poi_500_65,191,60.95888416819808
poi_500_65,poi_500_65,192,60.917197489268275
poi_500_65,poi_500_65,193,60.58906300181696
poi_500_65,poi_500_65,194,60.024959670460134
poi_500_65,poi_500_65,195,60.112074106059694
poi_500_65,poi_500_65,196,60.14209251331184
poi_500_65,poi_500_65,197,60.29360340173534
poi_500_65,poi_500_65,198,60.66423242901927
poi_500_65,poi_500_65,199,60.64609087131625
poi_500_65,poi_500_65,200,60.40623971294585
poi_500_65,poi_500_65,201,60.789542572713714
poi_500_65,poi_500_65,202,61.15190589299643
poi_500_65,poi_500_65,203,61.025566812590746
poi_500_65,poi_500_65,204,61.27748009155991
poi_500_65,poi_500_65,205,61.66980681975321
poi_500_65,poi_500_65,206,61.936640894684615
poi_500_65,poi_500_65,207,62.58038723107891
poi_500_65,poi_500_65,208,63.511590304987294
poi_500_65,poi_500_65,209,64.1581945814473
poi_500_65,poi_500_65,210,64.71144856264097
poi_500_65,poi_500_65,211,64.53143702347178
poi_500_65,poi_500_65,212,63.949162831507344
poi_500_65,poi_500_65,213,63.671424732275455
poi_500_65,poi_500_65,214,63.888400680693664
poi_500_65,poi_500_65,215,64.38425797584007
poi_500_65,poi_500_65,216,64.72282790822351
poi_500_65,poi_500_65,217,64.28627404412757
poi_500_65,poi_500_65,218,63.29115810197991
poi_500_65,poi_500_65,219,62.355490007376446
poi_500_65,poi_500_65,220,61.69627510197739
poi_500_65,poi_500_65,221,61.286945103814084
poi_500_65,poi_500_65,222,61.1994086364023
poi_500_65,poi_500_65,223,60.85075304106869
poi_500_65,poi_500_65,224,60.28335336680348
poi_500_65,poi_500_65,225,60.33455677306005
poi_500_65,poi_500_65,226,60.337570610741565
poi_500_65,poi_500_65,227,60.46183155697105
poi_500_65,poi_500_65,228,60.574128168066885
poi_500_65,poi_500_65,229,60.64609087131625
poi_500_65,poi_500_65,230,60.40623971294585
poi_500_65,poi_500_65,231,60.46993773601337
poi_500_65,poi_500_65,232,60.80940686035407
poi_500_65,poi_500_65,233,60.60746336820982
poi_500_65,poi_500_65,234,60.80431623677634
poi_500_65,poi_500_65,235,61.14304818043613
poi_500_65,poi_500_65,236,61.318766049320246
poi_500_65,poi_500_65,237,62.134953376211044
poi_500_65,poi_500_65,238,63.01806760870383
poi_500_65,poi_500_65,239,63.92572395801747
poi_500_65,poi_500_65,240,64.49315821403249
poi_500_65,poi_500_65,241,64.19468064592397
poi_500_65,poi_500_65,242,63.35307121339856
poi_500_65,poi_500_65,243,62.64670276879173
poi_500_65,poi_500_65,244,62.30640462469669
poi_500_65,poi_500_65,245,61.75822446737307
poi_500_65,poi_500_65,246,61.814803315862136
poi_500_65,poi_500_65,247,61.8322831605595
poi_500_65,poi_500_65,248,61.85061526398996
poi_500_65,poi_500_65,249,62.49761335249043
poi_500_65,poi_500_65,250,63.26471361839155
poi_500_65,poi_500_65,251,64.09449996524158
poi_500_65,poi_500_65,252,64.619295341253
poi_500_65,poi_500_65,253,64.3107082525072
poi_500_65,poi_500_65,254,63.47506578143193
poi_500_65,poi_500_65,255,62.77222302267448
poi_500_65,poi_500_65,256,62.426209214707114
poi_500_65,poi_500_65,257,61.87895705844369
poi_500_65,poi_500_65,258,61.74583739344755
poi_500_65,poi_500_65,259,61.8322831605595
poi_500_65,poi_500_65,260,61.85061526398996
poi_500_65,poi_500_65,261,62.28453748981177
poi_500_65,poi_500_65,262,63.057369302911724
poi_500_65,poi_500_65,263,63.89327808259792
poi_500_65,poi_500_65,264,64.40648954061831
poi_500_65,poi_500_65,265,64.03189338062835
poi_500_65,poi_500_65,266,63.05086865090718
poi_500_65,poi_500_65,267,62.34701109821957
poi_500_65,poi_500_65,268,61.78169899397325
poi_500_65,poi_500_65,269,61.47846792627768
poi_500_65,poi_500_65,270,61.30253137951044
poi_500_65,poi_500_65,271,61.18279383073475
poi_500_65,poi_500_65,272,60.83824414853648
poi_500_65,poi_500_65,273,60.801673783461254
poi_500_65,poi_500_65,274,61.05299810835508
poi_500_65,poi_500_65,275,60.81246798042631
poi_500_65,poi_500_65,276,61.17375360852536
poi_500_65,poi_500_65,277,61.374216954086435
poi_500_65,poi_500_65,278,61.512045291789846
poi_500_65,poi_500_65,279,62.27591878072906
poi_500_65,poi_500_65,280,63.11997503279279
poi_500_65,poi_500_65,281,63.99941848734368
poi_500_65,poi_500_65,282,64.45607235870669
poi_500_65,poi_500_65,283,64.19468064592397
poi_500_65,poi_500_65,284,63.35307121339856
poi_500_65,poi_500_65,285,62.84311010346982
poi_500_65,poi_500_65,286,62.551801728958694
poi_500_65,poi_500_65,287,62.08253717740888
poi_500_65,poi_500_65,288,62.193894256894254
poi_500_65,poi_500_65,289,62.28562720761191
poi_500_65,poi_500_65,290,62.40159466207574
poi_500_65,poi_500_65,291,62.90899762946423
poi_500_65,poi_500_65,292,63.73240351396064
poi_500_65,poi_500_65,293,64.31833398319709
poi_500_65,poi_500_65,294,64.83148698432441
poi_500_65,poi_500_65,295,64.63891390719402
poi_500_65,poi_500_65,296,64.05570156077634
poi_500_65,poi_500_65,297,63.92325279522404
poi_500_65,poi_500_65,298,64.14070245776679
poi_500_65,poi_500_65,299,64.6280992642414
poi_500_65,poi_500_65,300,64.88742697162353
poi_500_65,poi_500_65,301,64.54969809037566
poi_500_65,poi_500_65,302,63.69354743808509
poi_500_65,poi_500_65,303,62.9705145764249
poi_500_65,poi_500_65,304,62.595535397432926
poi_500_65,poi_500_65,305,62.032839118800744
poi_500_65,poi_500_65,306,62.04569320073431
poi_500_65,poi_500_65,307,62.03028876550938
poi_500_65,poi_500_65,308,62.02205051827786
poi_500_65,poi_500_65,309,62.42080436801387
poi_500_65,poi_500_65,310,63.15836926354017
poi_500_65,poi_500_65,311,63.9675205441269
poi_500_65,poi_500_65,312,64.3686528927863
poi_500_65,poi_500_65,313,64.03189338062835
poi_500_65,poi_500_65,314,63.05086865090718
poi_500_65,poi_500_65,315,62.34701109821957
poi_500_65,poi_500_65,316,61.78169899397325
poi_500_65,poi_500_65,317,61.47846792627768
poi_500_65,poi_500_65,318,61.30253137951044
poi_500_65,poi_500_65,319,61.18279383073475
poi_500_65,poi_500_65,320,60.83824414853648
poi_500_65,poi_500_65,321,61.09855938570159
poi_500_65,poi_500_65,322,61.37749594259799
poi_500_65,poi_500_65,323,61.212153688663655
poi_500_65,poi_500_65,324,61.61020461536747
poi_500_65,poi_500_65,325,61.87518469270347
poi_500_65,poi_500_65,326,62.104777995659674
poi_500_65,poi_500_65,327,62.707810791429694
poi_500_65,poi_500_65,328,63.60266489021783
poi_500_65,poi_500_65,329,64.22807881824012
poi_500_65,poi_500_65,330,64.67618809056493
poi_500_65,poi_500_65,331,64.53143702347178
poi_500_65,poi_500_65,332,63.949162831507344
poi_500_65,poi_500_65,333,63.671424732275455
poi_500_65,poi_500_65,334,63.888400680693664
poi_500_65,poi_500_65,335,64.38425797584007
poi_500_65,poi_500_65,336,64.72282790822351
poi_500_65,poi_500_65,337,64.28627404412757
poi_500_65,poi_500_65,338,63.29115810197991
poi_500_65,poi_500_65,339,62.355490007376446
poi_500_65,poi_500_65,340,61.69627510197739
poi_500_65,poi_500_65,341,61.286945103814084
poi_500_65,poi_500_65,342,61.1994086364023
poi_500_65,poi_500_65,343,60.85075304106869
poi_500_65,poi_500_65,344,60.28335336680348
poi_500_65,poi_500_65,345,59.97816521934485
poi_500_65,poi_500_65,346,59.92094574236585
poi_500_65,poi_500_65,347,59.98246505409256
poi_500_65,poi_500_65,348,60.01217784634864
poi_500_65,poi_500_65,349,59.967852794787355
poi_500_65,poi_500_65,350,59.49838726203389
poi_500_65,poi_500_65,351,59.30744381077267
poi_500_65,poi_500_65,352,59.36956128250582
poi_500_65,poi_500_65,353,59.53334197248524
poi_500_65,poi_500_65,354,59.63731587691357
poi_500_65,poi_500_65,355,59.644925514916025
poi_500_65,poi_500_65,356,59.1869268527376
poi_500_65,poi_500_65,357,59.46331904388107
poi_500_65,poi_500_65,358,59.61979820229293
poi_500_65,poi_500_65,359,59.87707071955598
poi_500_65,poi_500_65,360,60.34361288472995
poi_500_65,poi_500_65,361,60.37136569671398
poi_500_65,poi_500_65,362,60.15526738557428
poi_500_65,poi_500_65,363,60.58970623550813
poi_500_65,poi_500_65,364,60.990479838242734
poi_500_65,poi_500_65,365,60.87816937667598
poi_500_65,poi_500_65,366,61.35423037239163
poi_500_65,poi_500_65,367,61.66980681975321
poi_500_65,poi_500_65,368,61.936640894684615
poi_500_65,poi_500_65,369,62.58038723107891
poi_500_65,poi_500_65,370,63.511590304987294
poi_500_65,poi_500_65,371,64.1581945814473
poi_500_65,poi_500_65,372,64.71144856264097
poi_500_65,poi_500_65,373,64.53143702347178
poi_500_65,poi_500_65,374,63.949162831507344
poi_500_65,poi_500_65,375,63.671424732275455
poi_500_65,poi_500_65,376,63.888400680693664
poi_500_65,poi_500_65,377,64.38425797584007
poi_500_65,poi_500_65,378,64.72282790822351
poi_500_65,poi_500_65,379,64.28627404412757
poi_500_65,poi_500_65,380,63.29115810197991
poi_500_65,poi_500_65,381,62.565195067986686
poi_500_65,poi_500_65,382,61.97751199365488
poi_500_65,poi_500_65,383,61.646930477006904
poi_500_65,poi_500_65,384,61.633413262416525
poi_500_65,poi_500_65,385,61.41191123394798
poi_500_65,poi_500_65,386,61.05358463713867
poi_500_65,poi_500_65,387,61.27674777187674
poi_500_65,poi_500_65,388,61.525390640873205
poi_500_65,poi_500_65,389,61.34881055353727
poi_500_65,poi_500_65,390,61.537884069457114
poi_500_65,poi_500_65,391,61.87518469270347
poi_500_65,poi_500_65,392,62.104777995659674
poi_500_65,poi_500_65,393,62.901534199503395
poi_500_65,poi_500_65,394,63.78605225199084
poi_500_65,poi_500_65,395,64.4146872420694
poi_500_65,poi_500_65,396,64.87647137074069
poi_500_65,poi_500_65,397,64.7808095509439
poi_500_65,poi_500_65,398,64.29718236351826
poi_500_65,poi_500_65,399,64.27426050140869
poi_500_65,poi_500_65,400,64.6044975852662
poi_500_65,poi_500_65,401,64.93109682667502
poi_500_65,poi_500_65,402,65.3005462361943
poi_500_65,poi_500_65,403,65.0925743666049
poi_500_65,poi_500_65,404,64.57319993503883
poi_500_65,poi_500_65,405,64.36627297081
poi_500_65,poi_500_65,406,64.63181052701104
poi_500_65,poi_500_65,407,64.90537591627658
poi_500_65,poi_500_65,408,65.22870325976368
poi_500_65,poi_500_65,409,64.96065875320225
poi_500_65,poi_500_65,410,64.34698332338147
poi_500_65,poi_500_65,411,64.1668607850584
poi_500_65,poi_500_65,412,64.33238471273489
poi_500_65,poi_500_65,413,64.7720852152389
poi_500_65,poi_500_65,414,65.00276132924147
poi_500_65,poi_500_65,415,64.65672951926074
poi_500_65,poi_500_65,416,63.80646173408976
poi_500_65,poi_500_65,417,63.264984339844574
poi_500_65,poi_500_65,418,62.93200878035255
poi_500_65,poi_500_65,419,62.44378888436569
poi_500_65,poi_500_65,420,62.34581949472255
poi_500_65,poi_500_65,421,62.46440413301584
poi_500_65,poi_500_65,422,62.55295502405677
poi_500_65,poi_500_65,423,63.207527031281316
poi_500_65,poi_500_65,424,63.99366046568861
poi_500_65,poi_500_65,425,64.56580062629538
poi_500_65,poi_500_65,426,64.99209319678917
poi_500_65,poi_500_65,427,64.88235849196057
poi_500_65,poi_500_65,428,64.39560902573058
poi_500_65,poi_500_65,429,64.3609383382206
poi_500_65,poi_500_65,430,64.67547407285457
poi_500_65,poi_500_65,431,64.98966426603971
poi_500_65,poi_500_65,432,65.26977434341777
poi_500_65,poi_500_65,433,65.0925743666049
poi_500_65,poi_500_65,434,64.57319993503883
poi_500_65,poi_500_65,435,64.36627297081
poi_500_65,poi_500_65,436,64.63181052701104
poi_500_65,poi_500_65,437,64.90537591627658
poi_500_65,poi_500_65,438,65.22870325976368
poi_500_65,poi_500_65,439,64.96065875320225
poi_500_65,poi_500_65,440,64.34698332338147
poi_500_65,poi_500_65,441,64.1668607850584
poi_500_65,poi_500_65,442,64.33238471273489
poi_500_65,poi_500_65,443,64.7720852152389
poi_500_65,poi_500_65,444,65.00276132924147
poi_500_65,poi_500_65,445,64.65672951926074
poi_500_65,poi_500_65,446,63.80646173408976
poi_500_65,poi_500_65,447,63.264984339844574
poi_500_65,poi_500_65,448,62.93200878035255
poi_500_65,poi_500_65,449,62.44378888436569
poi_500_65,poi_500_65,450,62.34581949472255
poi_500_65,poi_500_65,451,62.46440413301584
poi_500_65,poi_500_65,452,62.55295502405677
poi_500_65,poi_500_65,453,63.207527031281316
poi_500_65,poi_500_65,454,63.99366046568861
poi_500_65,poi_500_65,455,64.56580062629538
poi_500_65,poi_500_65,456,64.99209319678917
poi_500_65,poi_500_65,457,64.88235849196057
poi_500_65,poi_500_65,458,64.39560902573058
poi_500_65,poi_500_65,459,64.22339146767004
poi_500_65,poi_500_65,460,64.5266371400752
poi_500_65,poi_500_65,461,64.82663617803678
poi_500_65,poi_500_65,462,65.08720184255604
poi_500_65,poi_500_65,463,64.86094525447079
poi_500_65,poi_500_65,464,64.24743563806086
poi_500_65,poi_500_65,465,64.07617999693694
poi_500_65,poi_500_65,466,64.2555217843117
poi_500_65,poi_500_65,467,64.71048739967286
poi_500_65,poi_500_65,468,65.03547717829005
poi_500_65,poi_500_65,469,64.65672951926074
poi_500_65,poi_500_65,470,63.80646173408976
poi_500_65,poi_500_65,471,63.08713634406842
poi_500_65,poi_500_65,472,62.707722504610004
poi_500_65,poi_500_65,473,62.146269607108465
poi_500_65,poi_500_65,474,61.98032505956761
poi_500_65,poi_500_65,475,62.03028876550938
poi_500_65,poi_500_65,476,62.02205051827786
poi_500_65,poi_500_65,477,62.62745252724504
poi_500_65,poi_500_65,478,63.36105669235093
poi_500_65,poi_500_65,479,64.16540830949711
poi_500_65,poi_500_65,480,64.58327553609082
poi_500_65,poi_500_65,481,64.3107082525072
poi_500_65,poi_500_65,482,63.47506578143193
poi_500_65,poi_500_65,483,62.77222302267448
poi_500_65,poi_500_65,484,62.426209214707114
poi_500_65,poi_500_65,485,61.87895705844369
poi_500_65,poi_500_65,486,61.74583739344755
poi_500_65,poi_500_65,487,61.8322831605595
poi_500_65,poi_500_65,488,61.85061526398996
poi_500_65,poi_500_65,489,62.28453748981177
poi_500_65,poi_500_65,490,63.057369302911724
poi_500_65,poi_500_65,491,63.89327808259792
poi_500_65,poi_500_65,492,64.40648954061831
poi_500_65,poi_500_65,493,64.03189338062835
poi_500_65,poi_500_65,494,63.05086865090718
poi_500_65,poi_500_65,495,62.34701109821957
poi_500_65,poi_500_65,496,61.78169899397325
poi_500_65,poi_500_65,497,61.47846792627768
poi_500_65,poi_500_65,498,61.30253137951044
poi_500_65,poi_500_65,499,61.18279383073475
poi_500_65,poi_500_65,500,60.83824414853648
poi_500_65,poi_500_65,501,61.09855938570159
poi_500_65,poi_500_65,502,61.37749594259799
poi_500_65,poi_500_65,503,61.212153688663655
poi_500_65,poi_500_65,504,61.61020461536747
poi_500_65,poi_500_65,505,61.87518469270347
poi_500_65,poi_500_65,506,62.104777995659674
poi_500_65,poi_500_65,507,62.707810791429694
poi_500_65,poi_500_65,508,63.60266489021783
poi_500_65,poi_500_65,509,64.22807881824012
poi_500_65,poi_500_65,510,64.67618809056493
poi_500_65,poi_500_65,511,64.53143702347178
poi_500_65,poi_500_65,512,63.949162831507344
poi_500_65,poi_500_65,513,63.671424732275455
poi_500_65,poi_500_65,514,63.888400680693664
poi_500_65,poi_500_65,515,64.38425797584007
poi_500_65,poi_500_65,516,64.72282790822351
poi_500_65,poi_500_65,517,64.28627404412757
poi_500_65,poi_500_65,518,63.29115810197991
poi_500_65,poi_500_65,519,62.355490007376446
poi_500_65,poi_500_65,520,61.69627510197739
poi_500_65,poi_500_65,521,61.286945103814084
poi_500_65,poi_500_65,522,61.1994086364023
poi_500_65,poi_500_65,523,60.85075304106869
poi_500_65,poi_500_65,524,60.28335336680348
poi_500_65,poi_500_65,525,60.33455677306005
poi_500_65,poi_500_65,526,60.337570610741565
poi_500_65,poi_500_65,527,60.46183155697105
poi_500_65,poi_500_65,528,60.574128168066885
poi_500_65,poi_500_65,529,60.64609087131625
poi_500_65,poi_500_65,530,60.40623971294585
poi_500_65,poi_500_65,531,60.789542572713714
poi_500_65,poi_500_65,532,61.15190589299643
poi_500_65,poi_500_65,533,61.025566812590746
poi_500_65,poi_500_65,534,61.27748009155991
poi_500_65,poi_500_65,535,61.66980681975321
poi_500_65,poi_500_65,536,61.936640894684615
poi_500_65,poi_500_65,537,62.77974834223606
poi_500_65,poi_500_65,538,63.69878145800534
poi_500_65,poi_500_65,539,64.34776497038476
poi_500_65,poi_500_65,540,64.91014880917005
poi_500_65,poi_500_65,541,64.7808095509439
poi_500_65,poi_500_65,542,64.29718236351826
poi_500_65,poi_500_65,543,64.13389555968642
poi_500_65,poi_500_65,544,64.45316500961697
poi_500_65,poi_500_65,545,64.7658126522789
poi_500_65,poi_500_65,546,65.11929005801227
poi_500_65,poi_500_65,547,64.86094525447079
poi_500_65,poi_500_65,548,64.24743563806086
poi_500_65,poi_500_65,549,64.07617999693694
poi_500_65,poi_500_65,550,64.2555217843117
poi_500_65,poi_500_65,551,64.71048739967286
poi_500_65,poi_500_65,552,65.03547717829005
poi_500_65,poi_500_65,553,64.65672951926074
poi_500_65,poi_500_65,554,63.80646173408976
poi_500_65,poi_500_65,555,63.264984339844574
poi_500_65,poi_500_65,556,62.93200878035255
poi_500_65,poi_500_65,557,62.44378888436569
poi_500_65,poi_500_65,558,62.34581949472255
poi_500_65,poi_500_65,559,62.46440413301584
poi_500_65,poi_500_65,560,62.55295502405677
poi_500_65,poi_500_65,561,63.207527031281316
poi_500_65,poi_500_65,562,63.99366046568861
poi_500_65,poi_500_65,563,64.56580062629538
poi_500_65,poi_500_65,564,64.99209319678917
poi_500_65,poi_500_65,565,64.88235849196057
poi_500_65,poi_500_65,566,64.39560902573058
poi_500_65,poi_500_65,567,64.22339146767004
poi_500_65,poi_500_65,568,64.5266371400752
poi_500_65,poi_500_65,569,64.82663617803678
poi_500_65,poi_500_65,570,65.08720184255604
poi_500_65,poi_500_65,571,64.86094525447079
poi_500_65,poi_500_65,572,64.24743563806086
poi_500_65,poi_500_65,573,63.92915269723234
poi_500_65,poi_500_65,574,64.09128466302354
poi_500_65,poi_500_65,575,64.53641547061717
poi_500_65,poi_500_65,576,64.84255650822796
poi_500_65,poi_500_65,577,64.3999116358343
poi_500_65,poi_500_65,578,63.41487956666619
poi_500_65,poi_500_65,579,62.48958246175949
poi_500_65,poi_500_65,580,61.83386693452486
poi_500_65,poi_500_65,581,61.42130442047016
poi_500_65,poi_500_65,582,61.11984726142407
poi_500_65,poi_500_65,583,60.85075304106869
poi_500_65,poi_500_65,584,60.28335336680348
poi_500_65,poi_500_65,585,59.97816521934485
poi_500_65,poi_500_65,586,59.92094574236585
poi_500_65,poi_500_65,587,59.98246505409256
poi_500_65,poi_500_65,588,60.01217784634864
poi_500_65,poi_500_65,589,59.967852794787355
poi_500_65,poi_500_65,590,59.49838726203389
poi_500_65,poi_500_65,591,59.30744381077267
poi_500_65,poi_500_65,592,59.36956128250582
poi_500_65,poi_500_65,593,59.53334197248524
poi_500_65,poi_500_65,594,59.63731587691357
poi_500_65,poi_500_65,595,59.644925514916025
poi_500_65,poi_500_65,596,59.1869268527376
poi_500_65,poi_500_65,597,59.46331904388107
poi_500_65,poi_500_65,598,59.61979820229293
poi_500_65,poi_500_65,599,59.87707071955598
